date,open,high,low,close,volume
1995-12-19,118.119,118.959,117.853,118.59,100932400
1995-12-20,118.495,119.531,118.31,119.527,79424000
1995-12-21,119.526,119.832,118.466,118.539,87106500
1995-12-22,118.351,118.573,117.514,117.962,64359500
1995-12-25,117.246,117.962,115.083,115.31,70682800
1995-12-26,115.031,115.58,114.139,114.33,77522000
1995-12-27,114.219,114.78,113.343,114.602,91078000
1995-12-28,114.184,114.602,112.406,112.629,75543100
1995-12-29,112.442,113.393,112.119,113.249,75912300
1996-01-02,112.85,113.249,110.037,110.149,47311600
1996-01-03,109.768,110.149,108.787,110.012,61803400
1996-01-04,109.918,112.56,109.643,112.538,121080500
1996-01-05,112.65,113.172,109.58,109.662,105262900
1996-01-08,109.204,109.662,108.385,109.478,76828000
1996-01-09,109.423,112.405,109.423,112.312,109634300
1996-01-10,112.042,112.312,109.567,110.394,73509000
1996-01-11,110.17,110.581,109.648,109.887,50154700
1996-01-12,109.86,110.908,109.577,110.512,46596900
1996-01-15,110.489,110.806,110.05,110.806,33418800
1996-01-16,110.832,111.138,110.352,110.674,30438800
1996-01-17,110.555,110.674,109.024,109.254,48996100
1996-01-18,109.058,109.254,106.024,106.067,62076600
1996-01-19,105.962,106.758,105.375,106.744,78095600
1996-01-22,106.467,106.715,105.128,105.342,47569300
1996-01-23,105.273,105.804,104.904,105.67,72932700
1996-01-24,105.722,106.292,105.524,106.179,42845800
1996-01-25,106.182,109.157,105.856,105.951,84397900
1996-01-26,105.48,109.403,105.252,108.236,65758100
1996-01-29,108.369,109.101,107.729,108.577,137296000
1996-01-30,109.069,109.258,108.047,108.96,95673000
1996-01-31,108.839,109.306,108.142,109.145,105400800
1996-02-01,109.075,109.485,108.4,109.325,64412500
1996-02-02,109.173,109.325,107.724,108.425,65816700
1996-02-05,109.035,109.221,106.83,106.867,59215300
1996-02-06,106.736,106.933,105.96,106.153,46294400
1996-02-07,106.043,106.579,105.969,106.336,26101900
1996-02-08,106.466,106.466,106.021,106.105,34560900
1996-02-09,105.998,107.158,105.998,106.736,34086500
1996-02-12,106.715,107.091,106.487,107.091,33247100
1996-02-13,107.127,109.741,106.897,109.46,70556400
1996-02-14,109.592,110.937,108.249,108.355,62975800
1996-02-15,108.307,109.825,108.231,109.739,45474100
1996-02-16,109.849,112.394,109.739,112.374,105333800
1996-03-04,115.666,119.142,112.374,119.128,199941900
1996-03-05,118.864,119.603,115.614,116.341,153793000
1996-03-06,115.65,116.341,112.027,112.369,92327100
1996-03-07,111.934,113.965,111.934,113.965,70489900
1996-03-08,113.874,113.965,112.321,113.727,151136200
1996-03-11,113.499,113.677,111.514,112.062,112612300
1996-03-12,111.823,112.062,110.205,111.413,115731500
1996-03-13,111.244,111.621,110.834,111.474,199992700
1996-03-14,111.768,113.711,111.474,111.814,276017200
1996-03-15,111.604,112.252,111.031,112.126,170366800
1996-03-18,111.983,112.708,111.761,112.655,114827700
1996-03-19,112.626,113.456,112.284,112.504,109734300
1996-03-20,112.4,112.79,112.288,112.7,94521700
1996-03-21,112.681,113.445,112.681,113.073,100314300
1996-03-22,113.09,113.87,112.482,113.863,93650000
1996-03-25,113.784,114.556,113.784,114.415,120159400
1996-03-26,114.348,114.682,113.353,113.457,119749900
1996-03-27,113.088,113.457,111.903,112.802,92871200
1996-03-28,112.681,112.802,111.822,111.844,63647500
1996-03-29,111.65,111.969,110.914,111.969,97996800
1996-04-01,114.035,114.811,111.969,112.608,112202300
1996-04-02,112.389,112.608,111.218,111.387,64983000
1996-04-03,111.229,111.777,111.182,111.76,49477200
1996-04-04,111.747,112.685,111.537,112.644,61222400
1996-04-05,112.726,115.673,112.644,115.405,139061000
1996-04-08,115.485,117.121,114.492,116.771,172766500
1996-04-09,116.391,117.865,116.058,116.175,216889100
1996-04-10,115.926,117.364,115.641,116.91,172561000
1996-04-11,116.648,118.173,116.349,118.161,137641500
1996-04-12,118.494,121.437,118.161,119.364,284142000
1996-04-15,119.323,121.948,119.323,120.83,298897200
1996-04-16,120.988,123.629,120.754,123.627,259368800
1996-04-17,123.734,124.597,122.874,123.001,331392900
1996-04-18,122.523,127.44,122.255,127.44,309874900
1996-04-19,127.406,129.774,126.535,127.896,510815300
1996-04-22,127.493,132.529,126.194,129.806,633977200
1996-04-23,129.412,135.169,129.319,135.155,608086000
1996-04-24,136.759,146.11,136.759,146.11,1078482600
1996-04-25,147.835,151.649,137.709,138.312,1206515000
1996-04-26,138.958,153.641,138.958,153.585,1471726700
1996-04-29,156.027,166.059,151.861,166.004,1484279600
1996-04-30,167.924,171.642,156.803,160.546,1408845500
1996-05-02,168.331,170.071,152.879,155.106,1143146800
1996-05-03,154.56,157.055,149.697,154.555,689067400
1996-05-06,155.025,161.831,154.788,161.831,702433800
1996-05-07,163.878,165.063,158.285,161.734,866687100
1996-05-08,160.139,160.808,156.934,158.61,596364600
1996-05-09,157.185,160.12,153.581,154.269,660379000
1996-05-10,153.461,153.5,148.714,152.505,493787000
1996-05-13,153.326,158.882,152.753,158.587,538035800
1996-05-14,159.726,162.089,156.487,157.119,539158800
1996-05-15,156.056,164.056,155.883,164.052,522279300
1996-05-16,166.887,170.352,165.224,167.825,1246598000
1996-05-17,167.77,172.46,166.31,172.3,781652900
1996-05-20,176.3,182.29,171.1,173.43,1359554900
1996-05-21,171.73,173.79,160.68,160.8,787493700
1996-05-22,158.19,163.19,157.32,163.19,616047400
1996-05-23,164.49,165.06,154.29,155.39,840457600
1996-05-24,154.16,159.25,152.83,156.15,511686300
1996-05-27,157.47,157.47,153.98,154.59,334107100
1996-05-28,154.5,156.29,153.53,155.39,222665100
1996-05-29,155.69,160.82,155.69,160.81,432226400
1996-05-30,161.48,161.52,156.12,158.08,628423000
1996-05-31,157.95,165.61,157.35,163.84,851047300
1996-06-03,165.5,170.66,161.54,168.73,1366703400
1996-06-04,168.35,171.96,167.31,171.2,1066921900
1996-06-05,172.228,173.576,170.077,172.306,863086200
1996-06-06,171.855,175.093,165.678,173.859,669227200
1996-06-07,173.915,179.587,172.599,176.897,829714600
1996-06-10,177.612,178.645,175.375,176.714,662649900
1996-06-11,177.361,179.0,176.781,178.707,599607500
1996-06-12,179.826,183.449,179.008,183.346,780128700
1996-06-13,185.234,190.524,184.516,190.489,968141900
1996-06-14,191.548,192.118,185.584,186.273,948725200
1996-06-17,185.37,187.636,183.593,183.926,724160700
1996-06-18,185.588,190.967,185.057,190.886,606369100
1996-06-19,191.78,192.912,188.721,192.468,786895400
1996-06-20,192.365,196.006,191.958,195.575,791492400
1996-06-21,196.81,198.113,194.482,195.595,753348800
1996-06-24,196.364,200.89,196.093,200.89,870950400
1996-06-25,199.509,200.944,194.468,197.378,1010263900
1996-06-26,197.019,199.495,196.456,199.276,615345700
1996-06-27,199.87,200.834,196.937,197.884,619718100
1996-06-28,197.173,197.49,191.545,191.672,682975100
1996-07-01,187.438,187.438,180.374,181.198,544909000
1996-07-02,180.087,184.784,179.87,184.565,351672000
1996-07-03,184.625,190.94,184.625,190.94,444525400
1996-07-04,192.852,194.88,189.644,194.88,561503500
1996-07-05,195.8,203.231,195.232,200.252,976705000
1996-07-08,202.202,207.58,202.202,207.58,896554300
1996-07-09,209.677,213.373,205.468,213.37,963546300
1996-07-10,214.789,220.039,212.499,220.026,1143135100
1996-07-11,221.448,221.762,212.421,212.421,1157770300
1996-07-12,208.964,224.393,207.488,224.376,956664800
1996-07-15,227.19,230.329,222.844,229.357,1583935600
1996-07-16,231.318,237.375,227.494,237.184,1489248700
1996-07-17,237.793,243.774,230.04,231.057,1636792500
1996-07-18,228.775,243.856,228.775,243.854,1186980500
1996-07-19,246.365,248.315,241.616,248.267,1448054900
1996-07-22,248.844,255.74,246.337,255.667,1413990400
1996-07-23,256.322,260.521,249.304,259.275,1493886900
1996-07-24,260.908,264.072,256.936,262.645,1492728100
1996-07-25,261.514,263.972,253.357,255.073,1157491500
1996-07-26,252.857,257.363,249.412,250.95,809018900
1996-07-29,251.67,267.023,251.67,267.023,1083833900
1996-07-30,269.935,271.537,262.277,264.091,1189372300
1996-07-31,262.836,265.646,254.447,257.433,783979900
1996-08-01,256.625,260.113,253.41,259.8,599316700
1996-08-02,261.21,262.376,248.821,252.015,624004900
1996-08-05,250.985,257.66,244.866,257.66,559039900
1996-08-06,257.3,260.594,253.939,259.983,628787900
1996-08-07,260.57,267.434,259.698,265.983,946266000
1996-08-08,266.778,267.926,264.814,267.059,816285800
1996-08-09,267.142,267.652,261.557,265.569,757460300
1996-08-12,266.379,270.279,265.329,268.545,794893800
1996-08-13,269.078,269.27,266.422,268.319,625651600
1996-08-14,269.756,270.555,266.019,266.428,553916700
1996-08-15,265.663,267.406,261.754,262.012,444483100
1996-08-16,259.763,262.032,251.404,259.622,552879900
1996-08-19,258.012,259.155,253.508,253.61,376524900
1996-08-20,251.559,252.622,242.779,242.849,425387400
1996-08-21,242.679,253.239,242.679,253.13,698393700
1996-08-22,255.222,255.77,244.886,245.872,596182900
1996-08-23,247.241,247.562,236.321,241.226,619676400
1996-08-26,237.713,239.193,230.854,231.484,489137800
1996-08-27,230.765,236.796,230.072,236.785,436730200
1996-08-28,237.53,245.901,236.132,245.428,763355900
1996-08-29,244.28,249.443,241.06,249.432,855188700
1996-08-30,250.922,261.968,250.669,260.982,1276727200
1996-09-02,262.984,271.915,262.552,271.32,1576034600
1996-09-03,272.068,272.849,264.612,268.475,1298547100
1996-09-04,267.787,274.598,267.457,274.556,1162633400
1996-09-05,276.709,277.845,260.098,260.744,1118125100
1996-09-06,258.082,264.025,255.413,258.576,767545300
1996-09-09,257.49,258.998,252.906,256.008,508322000
1996-09-10,251.92,256.871,244.244,245.195,516006800
1996-09-11,246.156,253.655,241.125,249.564,531906600
1996-09-12,249.594,251.66,239.185,242.005,563921800
1996-09-13,240.757,247.074,238.382,247.074,518020000
1996-09-16,247.978,252.823,244.519,252.739,717524300
1996-09-17,253.864,259.459,251.703,257.302,868977700
1996-09-18,257.075,257.862,242.73,244.419,795570200
1996-09-19,241.579,248.7,240.199,248.563,567843500
1996-09-20,250.046,252.392,247.654,251.898,542668800
1996-09-23,252.874,254.274,249.371,252.662,522349000
1996-09-24,252.379,258.85,252.379,258.239,564264400
1996-09-25,260.13,261.07,252.823,257.108,607234400
1996-09-26,257.625,260.853,256.903,260.305,595611000
1996-09-27,261.546,268.352,260.686,266.847,751242400
1996-10-03,271.339,275.918,269.61,271.672,976448900
1996-10-04,270.748,273.056,268.382,273.043,997060000
1996-10-07,274.915,282.318,274.379,282.284,1389152700
1996-10-08,283.983,288.553,279.84,288.553,1317809700
1996-10-09,288.913,292.055,281.29,283.246,1418617300
1996-10-10,283.826,291.59,283.311,291.564,1090295700
1996-10-11,294.187,295.952,290.412,295.224,1544550100
1996-10-14,298.584,306.854,297.082,306.813,1794711700
1996-10-15,307.536,313.802,303.25,313.67,1602426300
1996-10-16,313.994,324.323,313.897,322.683,1640846300
1996-10-17,322.494,352.21,322.431,348.984,1815968400
1996-10-18,350.084,361.389,332.317,335.662,1686470400
1996-10-21,336.892,352.976,336.892,352.976,1706083300
1996-10-22,336.918,349.404,330.792,336.544,1534924200
1996-10-23,339.812,348.054,335.776,346.543,1293016100
1996-10-24,351.678,354.265,343.002,347.574,1247171200
1996-10-25,345.125,348.914,341.202,348.358,1202395700
1996-10-28,346.606,363.867,346.602,363.867,1666686300
1996-10-29,368.397,370.954,360.55,363.891,1733256700
1996-10-30,363.727,366.024,352.313,357.561,1442989900
1996-10-31,360.095,370.148,354.985,370.056,1621504300
1996-11-01,356.499,364.697,346.665,354.505,1678292800
1996-11-04,353.678,362.458,351.211,361.781,1429160200
1996-11-05,363.087,365.76,354.867,358.965,1307383700
1996-11-06,358.916,360.313,344.733,350.575,937579600
1996-11-07,351.702,353.329,345.134,348.23,614930700
1996-11-08,348.711,353.06,346.737,352.002,792193200
1996-11-11,356.542,366.951,354.535,366.853,1190753300
1996-11-12,369.953,373.087,363.651,373.087,1182688700
1996-11-13,374.96,382.646,373.219,382.344,1427032000
1996-11-14,385.365,391.605,384.821,390.526,1625467100
1996-11-15,388.185,396.912,387.347,396.644,1619863600
1996-11-18,400.994,407.326,396.653,406.188,1782026600
1996-11-19,407.807,416.216,402.279,415.794,1644542000
1996-11-20,413.492,432.146,410.745,429.37,1781312000
1996-11-21,431.329,438.353,401.037,402.248,1791688600
1996-11-22,395.643,416.201,387.382,416.065,1283870800
1996-11-25,419.854,429.243,412.351,429.243,1577787300
1996-11-26,432.588,434.186,419.029,425.025,1517885200
1996-11-27,424.008,426.329,413.974,416.845,1058079000
1996-11-28,413.071,419.607,406.951,416.246,912617200
1996-11-29,417.512,423.52,410.55,419.636,934416900
1996-12-02,423.106,425.626,414.513,418.553,916540900
1996-12-03,417.543,434.148,415.544,434.148,972625600
1996-12-04,440.257,448.795,435.617,443.628,1495078300
1996-12-05,444.371,452.23,444.33,452.216,1312251200
1996-12-06,454.205,456.592,451.552,456.162,1373910500
1996-12-09,460.02,467.783,458.204,467.783,1373672900
1996-12-10,467.854,467.854,456.506,463.757,1188699100
1996-12-11,462.948,473.533,462.905,473.022,1164360300
1996-12-12,475.679,476.717,452.484,461.658,1200611100
1996-12-13,457.919,460.093,436.832,437.132,844692800
1996-12-16,394.025,394.025,393.21,393.21,63228700
1996-12-17,358.11,359.723,353.982,354.0,244812200
1996-12-18,323.931,374.11,323.931,370.335,1005575700
1996-12-19,368.978,368.978,336.368,338.759,780324900
1996-12-20,312.763,320.395,309.769,312.48,514092700
1996-12-23,302.84,317.683,301.487,307.561,658364300
1996-12-24,309.439,312.488,285.753,285.816,559185700
1996-12-25,283.799,295.148,270.24,292.692,651856000
1996-12-26,297.11,302.99,294.797,298.675,357820800
1996-12-27,309.649,318.405,303.83,318.387,1030968200
1996-12-30,323.461,341.781,322.545,341.738,1174202300
1996-12-31,343.199,343.199,325.389,327.456,884295300
1997-01-02,326.334,334.277,325.851,334.13,652463400
1997-01-03,335.207,335.656,323.703,325.854,778395800
1997-01-06,321.326,322.746,305.806,305.806,473469100
1997-01-07,298.938,320.302,295.443,319.108,576171800
1997-01-08,317.707,321.667,310.277,315.768,437750300
1997-01-09,316.102,321.189,316.102,319.354,352318100
1997-01-10,320.322,322.859,316.784,322.823,403846400
1997-01-13,326.004,332.507,325.852,331.9,645811300
1997-01-14,332.193,332.193,320.782,323.931,530681900
1997-01-15,322.214,328.758,321.755,327.14,378912300
1997-01-16,326.464,328.717,323.728,327.83,337081700
1997-01-17,327.596,332.463,326.815,331.38,437819600
1997-01-20,332.323,335.783,332.323,335.783,551869400
1997-01-21,336.595,337.331,333.811,335.022,486385100
1997-01-22,334.734,341.069,334.734,340.423,674131100
1997-01-23,340.667,346.992,338.613,346.41,914439300
1997-01-24,346.681,348.617,342.575,348.617,828987800
1997-01-27,350.685,354.647,350.649,354.567,957989100
1997-01-28,354.616,355.133,349.679,353.99,778886300
1997-01-29,353.272,354.897,350.512,353.762,611180000
1997-01-30,354.025,356.694,351.989,356.101,751113200
1997-01-31,356.019,358.216,355.729,356.602,788357600
1997-02-17,354.778,360.67,351.02,357.506,495781400
1997-02-18,354.932,355.898,322.151,322.634,908772800
1997-02-19,324.266,341.779,324.266,341.716,760783800
1997-02-20,308.65,338.217,308.081,335.073,1158664100
1997-02-21,335.859,343.833,335.859,343.826,736074400
1997-02-24,345.914,348.874,342.944,346.89,716469200
1997-02-25,347.361,353.983,347.361,352.38,698072300
1997-02-26,353.345,360.469,353.345,360.469,761924700
1997-02-27,362.573,367.297,360.743,362.362,1040806000
1997-02-28,361.638,365.483,355.828,365.304,962690800
1997-03-03,367.588,379.823,367.588,379.791,1136126600
1997-03-04,380.368,384.56,374.815,381.581,1170850500
1997-03-05,381.766,383.784,372.77,373.356,847441800
1997-03-06,370.507,378.453,369.525,377.821,632011900
1997-03-07,378.723,380.981,375.217,377.277,704149900
1997-03-10,378.747,383.554,377.122,383.449,688823300
1997-03-11,385.073,390.737,383.126,390.709,859366700
1997-03-12,392.906,395.027,391.02,394.991,1035285200
1997-03-13,395.942,396.099,388.023,392.448,957948700
1997-03-14,391.579,397.267,387.634,397.251,807213500
1997-03-17,401.685,404.636,400.259,404.53,1064797300
1997-03-18,405.475,408.783,401.031,406.453,1054684700
1997-03-19,406.436,409.144,403.914,408.918,835141700
1997-03-20,409.826,412.69,399.182,399.242,828615700
1997-03-21,397.202,409.443,396.972,409.352,730373900
1997-03-24,414.839,419.599,412.723,419.481,1253920000
1997-03-25,422.384,424.74,416.214,423.385,1121684000
1997-03-26,425.021,429.5,423.352,429.432,1113124300
1997-03-27,431.075,432.816,425.696,427.975,1165241900
1997-03-28,426.845,431.039,423.406,424.569,844708300
1997-03-31,426.768,435.825,426.768,435.821,918199900
1997-04-01,438.428,439.529,434.253,436.885,904250400
1997-04-02,438.682,439.451,434.478,434.478,828083300
1997-04-03,433.98,435.927,427.358,435.48,651833700
1997-04-04,437.609,442.456,436.679,440.692,941812300
1997-04-07,443.09,445.228,439.247,445.086,994232900
1997-04-08,444.711,444.711,433.471,433.471,810291600
1997-04-09,432.973,442.157,432.973,441.78,730460000
1997-04-10,443.13,444.482,437.905,438.088,761047700
1997-04-11,435.394,435.816,424.138,430.736,697332700
1997-04-14,433.661,438.302,433.093,435.933,649267300
1997-04-15,435.088,437.592,432.88,436.599,601589100
1997-04-16,438.174,439.795,435.805,438.086,675271700
1997-04-17,438.186,440.702,437.47,439.657,705317500
1997-04-18,441.1,441.919,434.887,440.944,695737200
1997-04-21,444.438,453.28,444.438,449.671,1026384800
1997-04-22,451.05,451.406,447.703,450.872,1032705500
1997-04-23,451.907,454.956,451.751,454.859,989654500
1997-04-24,452.708,458.19,448.928,458.113,1015477200
1997-04-25,458.854,464.874,457.327,460.452,1213413100
1997-04-28,463.719,467.469,461.128,464.351,1184747000
1997-04-29,466.591,467.46,452.492,461.066,1104087400
1997-04-30,461.739,465.216,457.473,465.216,886720000
1997-05-05,467.84,482.84,467.84,482.766,1245911200
1997-05-06,487.886,499.059,486.8,499.046,1494459100
1997-05-07,503.21,507.044,491.38,506.612,1421635000
1997-05-08,506.244,508.597,476.539,477.076,1454597600
1997-05-09,475.292,498.68,474.42,498.397,1191498600
1997-05-12,507.881,518.655,507.881,518.129,1651277700
1997-05-13,520.25,520.25,495.444,504.134,1419708100
1997-05-14,500.032,501.296,473.518,474.548,994177400
1997-05-15,470.051,490.821,465.165,488.736,839421100
1997-05-16,450.874,473.45,440.576,443.5,931780400
1997-05-19,440.858,453.538,438.298,448.931,551611900
1997-05-20,451.542,463.96,451.542,462.457,656287800
1997-05-21,462.179,462.704,440.031,444.302,581155700
1997-05-22,402.353,421.607,401.119,401.326,645531300
1997-05-23,395.808,407.995,392.725,404.839,553341200
1997-05-26,409.3,412.52,384.185,402.938,515090000
1997-05-27,405.748,418.167,402.712,418.095,555281600
1997-05-28,418.257,422.593,412.879,414.799,518887400
1997-05-29,412.766,420.379,411.588,411.588,426648800
1997-05-30,409.907,421.531,409.798,421.438,419968700
1997-06-02,429.302,443.39,421.438,442.838,655535600
1997-06-03,446.262,448.473,435.646,445.825,758076700
1997-06-04,447.741,452.554,446.438,449.67,674945800
1997-06-05,450.043,450.66,442.636,447.926,574491900
1997-06-06,412.375,430.995,410.572,417.84,949396400
1997-06-09,417.3,423.138,414.008,423.002,577972800
1997-06-10,423.707,424.288,403.046,405.072,501544300
1997-06-11,403.88,404.063,373.018,393.874,625477100
1997-06-12,395.221,399.105,389.765,392.362,415087500
1997-06-13,370.934,409.274,370.934,409.196,625332100
1997-06-16,415.901,423.679,415.901,420.5,685239600
1997-06-17,419.137,421.516,412.102,412.607,507789800
1997-06-18,412.109,415.038,405.154,406.699,530069300
1997-06-19,406.232,408.231,400.52,400.577,402939800
1997-06-20,406.754,427.948,406.617,426.811,673730500
1997-06-23,438.383,443.21,416.47,427.116,1000821400
1997-06-24,429.082,439.16,427.116,439.155,701928600
1997-06-25,441.485,442.255,436.136,438.491,662086500
1997-06-26,436.223,439.446,432.325,435.56,666450200
1997-06-27,436.226,439.429,425.063,425.867,781250400
1997-07-02,429.29,432.345,388.478,408.521,515550400
1997-07-03,406.345,406.345,386.762,386.762,493467400
1997-07-04,379.433,391.45,373.692,389.781,444827200
1997-07-07,389.582,389.607,356.299,358.579,415773500
1997-07-08,354.467,367.361,342.338,361.624,537644200
1997-07-09,363.008,367.042,356.985,366.204,414183500
1997-07-10,366.328,368.652,360.028,360.219,450703500
1997-07-11,358.198,377.261,357.863,377.24,498596400
1997-07-14,381.951,389.242,379.889,389.133,670140200
1997-07-15,391.3,392.764,385.838,391.015,669631800
1997-07-16,392.22,393.42,383.887,387.679,627043200
1997-07-17,386.929,393.188,385.401,392.834,556122000
1997-07-18,393.523,397.199,390.483,396.911,582368100
1997-07-21,399.773,400.949,390.643,393.056,599958400
1997-07-22,391.727,399.48,382.772,399.327,482299300
1997-07-23,404.422,408.663,396.358,398.355,646155300
1997-07-24,396.107,398.516,388.029,388.415,460239400
1997-07-25,384.862,389.702,381.694,386.308,493306000
1997-07-28,384.666,384.666,372.353,373.591,447502400
1997-07-29,371.183,379.706,369.496,375.996,390297800
1997-07-30,377.888,385.805,377.888,385.707,464337500
1997-07-31,387.166,388.776,384.033,385.454,441589700
1997-08-01,386.284,388.126,384.011,387.372,430339600
1997-08-04,388.449,392.078,386.481,391.614,532683500
1997-08-05,392.81,394.558,390.088,390.953,413078300
1997-08-06,391.184,391.685,381.512,381.948,404790900
1997-08-07,379.259,385.472,373.817,385.472,433046000
1997-08-08,386.891,388.047,381.77,382.278,675659800
1997-08-11,382.368,382.6,374.124,374.495,598945000
1997-08-12,372.299,374.046,360.956,360.986,473424800
1997-08-13,358.954,364.675,352.448,352.599,458806000
1997-08-14,351.427,364.22,351.427,364.193,513578100
1997-08-15,367.406,368.345,355.602,358.711,604470000
1997-08-18,356.549,356.549,346.518,349.349,368362400
1997-08-19,348.911,351.317,346.331,348.358,334115400
1997-08-20,349.222,352.319,348.575,351.997,288689800
1997-08-21,353.138,359.93,352.998,359.91,439369900
1997-08-22,359.612,365.137,358.084,364.881,511526200
1997-08-25,365.5,368.793,364.718,368.788,634478300
1997-08-26,369.512,372.76,367.857,372.052,653541100
1997-08-27,372.308,375.362,371.314,375.292,574989500
1997-08-28,375.508,376.6,371.781,374.737,610713600
1997-08-29,374.502,374.719,370.078,373.293,773532000
1997-09-01,372.465,376.447,371.894,375.036,643917800
1997-09-02,375.322,377.55,372.492,375.615,520701700
1997-09-03,376.048,381.536,376.048,381.498,561326000
1997-09-04,383.094,384.547,382.278,384.164,590133700
1997-09-05,384.035,384.164,380.734,383.447,448477400
1997-09-08,383.751,384.682,381.704,384.458,560042200
1997-09-09,384.837,385.792,377.756,377.795,515039800
1997-09-10,376.648,383.472,376.259,383.403,578754400
1997-09-11,384.544,386.314,377.322,379.564,688839400
1997-09-12,378.404,380.596,371.573,371.623,409881000
1997-09-15,370.605,371.033,360.0,360.513,422501800
1997-09-16,360.728,365.184,360.487,362.427,274219500
1997-09-17,362.207,363.347,355.027,356.561,209189900
1997-09-18,356.727,360.702,355.284,359.257,236994300
1997-09-19,359.585,363.588,358.826,363.057,226409400
1997-09-22,363.478,363.612,337.312,337.334,322344000
1997-09-23,333.192,335.686,309.786,312.726,405800900
1997-09-24,318.093,333.085,318.093,332.806,445323400
1997-09-25,335.786,340.322,332.633,337.186,468559400
1997-09-26,337.557,337.997,329.419,335.244,319103300
1997-09-29,333.243,333.243,323.766,325.845,268980400
1997-09-30,325.244,330.875,324.939,330.814,257566400
1997-10-06,332.042,333.209,327.755,330.808,161378500
1997-10-07,330.349,331.66,326.458,331.66,177948900
1997-10-08,336.817,344.018,335.222,342.098,409890600
1997-10-09,342.368,345.197,340.103,341.193,318936200
1997-10-10,341.436,344.576,340.622,344.542,268115100
1997-10-13,345.613,346.574,340.723,341.637,278139500
1997-10-14,340.905,340.905,335.853,340.492,239604900
1997-10-15,340.887,346.216,339.91,345.242,298548900
1997-10-16,347.18,356.898,346.815,356.372,536268300
1997-10-17,358.58,370.077,358.366,367.431,784680300
1997-10-20,370.648,375.92,369.22,375.908,801738300
1997-10-21,377.101,383.533,372.97,383.401,771306600
1997-10-22,385.198,388.623,372.329,374.898,1226769000
1997-10-23,372.652,382.967,369.434,380.18,886511700
1997-10-24,380.487,389.558,379.364,389.497,944118000
1997-10-27,394.166,401.119,390.291,393.885,1061707000
1997-10-28,393.913,393.913,372.566,379.112,835633900
1997-10-29,375.454,392.196,374.763,392.099,806394100
1997-10-30,395.673,403.522,388.153,388.335,1113839800
1997-10-31,382.388,392.57,378.841,390.998,741880700
1997-11-03,392.784,394.435,389.305,391.482,597789100
1997-11-04,391.329,395.241,390.455,395.021,532935400
1997-11-05,397.085,402.595,396.688,402.138,732628200
1997-11-06,405.014,406.577,398.275,398.351,734355900
1997-11-07,398.76,404.498,398.731,403.8,624534400
1997-11-10,405.599,406.722,392.422,396.36,657192900
1997-11-11,394.835,396.585,387.214,396.424,486798500
1997-11-12,397.394,398.862,388.539,388.935,429367500
1997-11-13,386.071,395.057,379.029,394.742,460584600
1997-11-14,395.538,397.415,391.326,392.607,425730500
1997-11-17,396.694,397.747,390.57,390.599,354465700
1997-11-18,389.512,391.333,385.719,385.821,369948900
1997-11-19,385.098,387.802,380.633,382.903,341148800
1997-11-20,382.546,384.213,378.195,379.465,345688100
1997-11-21,378.011,378.767,371.272,371.898,334058600
1997-11-24,368.945,368.945,362.159,362.241,313297300
1997-11-25,361.014,366.651,360.67,364.568,274364800
1997-11-26,365.431,369.425,363.418,369.318,257290700
1997-11-27,369.28,369.28,358.14,358.284,275946800
1997-11-28,355.881,366.972,354.355,366.886,268700100
1997-12-01,366.084,366.084,361.618,362.142,234020800
1997-12-02,362.292,365.009,360.726,361.325,209400100
1997-12-03,361.24,361.629,358.688,359.876,205381600
1997-12-04,359.67,369.624,359.356,369.317,328541100
1997-12-05,371.097,374.602,368.859,368.965,351772500
1997-12-08,369.511,371.067,367.892,368.747,250969800
1997-12-09,369.0,373.271,369.0,373.201,255245700
1997-12-10,374.11,376.989,373.408,374.776,260657800
1997-12-11,375.367,375.687,369.431,374.052,273170300
1997-12-12,374.747,376.067,370.912,371.1,330944900
1997-12-15,371.495,374.621,370.876,374.502,324474900
1997-12-16,375.311,378.795,374.756,378.643,325813600
1997-12-17,377.098,377.098,367.007,367.401,332298800
1997-12-18,365.248,370.06,363.697,366.732,278811900
1997-12-19,366.753,368.427,364.372,367.342,305240300
1997-12-22,367.251,369.731,362.912,368.733,493820500
1997-12-23,369.551,373.244,368.669,371.612,405261100
1997-12-24,371.882,373.865,369.901,371.413,378984000
1997-12-25,371.111,374.222,370.342,374.162,562552700
1997-12-26,376.78,380.42,376.78,379.041,551547600
1997-12-29,383.3,385.487,381.557,381.847,553503600
1997-12-30,381.984,383.079,377.939,378.667,396565600
1997-12-31,378.883,381.376,378.512,381.292,396168300
1998-01-05,382.849,389.701,382.368,389.7,565284500
1998-01-06,390.428,393.109,387.459,393.09,591567100
1998-01-07,393.412,397.364,392.807,397.141,662223800
1998-01-08,397.571,401.949,395.731,397.714,725025600
1998-01-09,397.073,399.13,389.921,396.4,643382100
1998-01-12,397.088,400.164,394.245,394.379,674355200
1998-01-13,389.521,389.521,355.723,372.848,864723900
1998-01-14,373.262,386.178,373.262,385.242,765997600
1998-01-15,388.135,391.788,383.813,391.473,828935100
1998-01-16,392.008,392.462,386.635,387.14,533019200
1998-01-19,387.217,388.74,382.723,385.158,409655200
1998-01-20,384.56,386.708,377.422,379.932,330385100
1998-01-21,379.909,381.823,375.915,376.468,427387200
1998-01-22,376.201,379.84,375.241,378.544,400290200
1998-01-23,379.079,384.17,379.079,383.66,356388300
1998-02-09,393.462,396.243,390.744,392.06,407900800
1998-02-10,392.606,392.606,388.136,388.786,483990200
1998-02-11,388.304,391.947,388.149,391.767,420508700
1998-02-12,392.636,393.077,389.286,390.289,495142700
1998-02-13,390.573,391.798,389.214,390.262,380193600
1998-02-16,390.547,390.721,387.248,389.31,444427100
1998-02-17,389.16,391.509,387.414,389.868,397631900
1998-02-18,390.412,391.339,386.271,388.017,371815300
1998-02-19,388.042,390.011,385.072,387.995,307428500
1998-02-20,388.588,389.113,384.677,384.777,407702900
1998-02-23,382.907,382.907,375.508,380.163,377284500
1998-02-24,379.859,381.224,377.197,377.647,367830500
1998-02-25,376.973,378.02,371.849,372.823,355830300
1998-02-26,372.301,377.448,370.145,377.414,338091200
1998-02-27,378.537,379.261,373.882,374.406,336991500
1998-03-02,370.125,370.125,361.222,361.742,423462600
1998-03-03,360.422,366.526,360.006,366.452,279939200
1998-03-04,366.773,368.912,365.613,368.53,268523500
1998-03-05,368.986,370.051,365.813,366.157,255171800
1998-03-06,365.289,365.61,363.5,365.518,258394900
1998-03-09,365.657,366.266,362.117,362.985,254202800
1998-03-10,362.455,366.267,357.346,363.802,286974500
1998-03-11,364.074,367.194,360.591,360.881,339180500
1998-03-12,359.713,359.962,355.618,358.027,301205000
1998-03-13,357.786,362.489,357.312,362.327,284348800
1998-03-16,363.62,366.894,361.808,366.775,361858400
1998-03-17,367.622,371.808,367.622,371.796,413467500
1998-03-18,372.396,372.689,367.468,367.762,368838700
1998-03-19,367.182,368.676,364.512,365.735,309337600
1998-03-20,366.102,367.18,363.503,364.919,322565900
1998-03-23,364.014,364.77,362.088,362.436,402855000
1998-03-24,361.995,366.75,361.995,366.593,338047600
1998-03-25,371.41,372.795,365.428,366.313,427259000
1998-03-26,366.301,366.493,363.906,364.317,390135800
1998-03-27,363.73,371.337,363.388,371.139,509017100
1998-03-30,372.933,381.464,371.273,381.319,624883500
1998-03-31,382.658,382.658,377.864,378.843,516965000
1998-04-01,378.945,381.797,377.949,381.652,547189100
1998-04-02,382.854,389.13,382.854,385.964,985064100
1998-04-03,385.668,391.311,384.74,391.191,750967800
1998-04-06,392.967,397.713,391.366,397.653,905899600
1998-04-07,398.394,399.132,394.963,397.073,1440749000
1998-04-08,396.729,402.439,396.651,402.39,1083018100
1998-04-09,403.731,404.573,394.467,396.445,1257503200
1998-04-10,396.242,402.742,396.201,402.701,1322785100
1998-04-13,404.42,406.955,402.922,405.036,1151067200
1998-04-14,404.611,405.796,400.652,403.01,782790200
1998-04-15,403.239,408.247,403.239,407.989,808351900
1998-04-16,407.638,408.78,404.729,405.527,858605300
1998-04-17,404.329,404.329,396.987,399.045,710384700
1998-04-20,396.3,399.676,393.844,396.745,693320000
1998-04-21,397.055,400.982,396.395,399.177,592684400
1998-04-22,399.69,408.338,399.69,408.229,708718400
1998-04-23,409.851,410.509,404.452,405.122,942796400
1998-04-24,404.982,407.934,401.728,402.3,833045600
1998-04-27,400.637,403.121,398.785,400.21,886158400
1998-04-28,401.514,407.942,401.514,407.82,1009002700
1998-04-29,409.563,410.42,406.459,408.411,865556000
1998-04-30,409.25,413.376,409.102,413.271,986606500
1998-05-04,416.085,420.73,416.085,420.639,1208255700
1998-05-05,422.381,423.039,419.8,422.862,859492500
1998-05-06,422.892,422.975,418.748,422.445,770247000
1998-05-07,422.628,425.54,415.046,415.063,905711400
1998-05-08,413.269,423.403,412.852,423.327,1006789100
1998-05-11,425.432,425.823,420.0,420.731,1112621800
1998-05-12,420.754,421.082,416.127,419.323,1024157300
1998-05-13,419.777,425.516,419.777,425.336,1113162800
1998-05-14,427.061,427.99,423.952,425.266,1238142200
1998-05-15,426.977,429.367,422.783,424.664,1059487800
1998-05-18,426.038,427.035,423.123,425.14,819288300
1998-05-19,425.589,426.335,421.532,423.958,682133600
1998-05-20,424.542,424.734,420.223,421.497,604940600
1998-05-21,421.193,426.157,420.156,425.126,610828100
1998-05-22,426.458,429.48,426.458,428.564,744971300
1998-05-25,430.076,432.96,428.322,432.77,939450700
1998-05-26,434.148,434.677,431.545,433.31,817875900
1998-05-27,434.39,435.95,433.359,435.789,828377200
1998-05-28,436.688,437.194,432.634,433.431,847574400
1998-05-29,434.1,436.388,434.1,436.328,757296700
1998-06-01,438.073,439.782,436.428,439.278,842813400
1998-06-02,440.042,440.463,434.929,438.881,727111700
1998-06-03,439.45,441.151,438.593,441.041,722740100
1998-06-04,441.474,442.036,436.391,437.575,670093300
1998-06-05,437.207,439.97,430.842,437.367,684224800
1998-06-08,438.697,439.681,436.301,437.104,589907200
1998-06-09,436.301,436.301,419.153,423.11,673621900
1998-06-10,421.683,427.835,419.331,424.314,459415100
1998-06-11,424.035,424.289,414.967,415.014,383172200
1998-06-12,424.986,428.125,421.834,427.914,480671400
1998-06-15,428.842,428.964,418.543,420.495,448320700
1998-06-16,419.693,419.693,407.133,416.84,472389400
1998-06-17,417.057,420.112,414.567,415.354,374345300
1998-06-18,416.659,421.813,416.659,420.861,427909900
1998-06-19,422.052,427.494,422.052,427.384,425504300
1998-06-22,428.207,428.947,427.108,427.981,537690200
1998-06-23,427.701,427.701,424.876,426.828,492292600
1998-06-24,427.051,428.581,424.931,428.382,491218200
1998-06-25,428.865,429.453,420.531,421.651,461384400
1998-06-26,421.642,423.149,419.211,419.945,427173800
1998-06-29,418.977,419.111,408.558,409.503,392185300
1998-06-30,409.39,410.552,402.081,403.363,327555400
1998-07-01,411.406,413.901,397.837,397.884,420928200
1998-07-02,397.249,404.411,391.687,404.096,392895100
1998-07-03,405.302,407.682,402.77,404.671,468438400
1998-07-06,404.019,404.019,394.965,395.38,342007400
1998-07-07,394.327,397.333,392.472,397.231,320113700
1998-07-08,397.675,401.906,397.675,401.622,294813000
1998-07-09,401.945,403.222,400.656,402.313,290663300
1998-07-10,402.662,409.585,402.662,409.45,405109800
1998-07-13,410.264,410.455,407.143,408.665,389454300
1998-07-14,408.872,409.23,400.477,400.89,435541900
1998-07-15,399.624,402.36,397.459,401.552,332837800
1998-07-16,401.347,401.58,394.761,396.537,348967700
1998-07-17,396.312,397.76,392.638,393.166,369475900
1998-07-20,392.021,392.021,381.873,384.462,373613300
1998-07-21,384.213,397.308,384.068,394.118,306626100
1998-07-22,393.995,393.995,387.58,389.163,308806600
1998-07-23,389.283,394.805,389.283,394.743,348249600
1998-07-24,395.466,400.846,395.466,399.825,511412900
1998-07-27,400.346,400.561,395.945,398.624,384785700
1998-07-28,398.491,398.828,396.072,397.925,359757100
1998-07-29,397.881,399.359,393.861,394.607,322558500
1998-07-30,394.757,395.154,392.968,394.387,306887700
1998-07-31,394.83,395.864,394.018,395.487,301392000
1998-08-03,395.511,395.55,390.51,391.043,313160000
1998-08-04,390.232,390.232,384.682,387.999,296061300
1998-08-05,388.059,392.527,388.059,392.454,304234700
1998-08-06,392.824,393.85,388.328,388.571,303875100
1998-08-07,387.939,387.939,379.93,380.629,359534100
1998-08-10,378.339,378.339,366.349,368.629,331796400
1998-08-11,367.773,372.434,362.849,363.249,247373500
1998-08-12,362.649,363.25,346.712,356.477,352551600
1998-08-13,357.061,362.324,354.893,361.159,337201400
1998-08-14,360.591,360.591,349.057,349.167,350567400
1998-08-17,345.365,345.365,320.03,320.087,378181300
1998-08-18,314.452,327.692,310.833,317.258,374445300
1998-08-19,317.701,336.102,317.701,335.77,448723000
1998-08-20,336.691,345.427,331.847,345.42,491697800
1998-08-21,345.624,352.438,342.254,351.977,529948000
1998-08-24,351.592,355.734,347.658,352.516,560229100
1998-08-25,351.77,352.452,346.792,352.452,422104500
1998-08-26,351.435,355.064,348.297,348.75,381154000
1998-08-27,346.542,346.542,341.221,341.311,341697800
1998-08-28,339.643,341.472,335.442,337.543,319961000
1998-08-31,334.279,344.028,320.115,343.721,380666400
1998-09-01,342.17,347.586,335.742,341.165,419254600
1998-09-02,339.477,343.831,337.352,339.566,306182400
1998-09-03,339.214,343.921,339.214,342.932,274800300
1998-09-04,343.368,349.908,343.368,348.243,339300000
1998-09-07,349.268,354.882,348.559,354.824,401021500
1998-09-08,355.884,357.584,351.612,351.805,455088600
1998-09-09,350.707,359.396,349.898,359.345,415927800
1998-09-10,360.765,368.894,360.34,366.705,737909500
1998-09-11,367.402,370.388,364.367,368.541,678257700
1998-09-14,368.992,376.198,368.437,376.077,853645300
1998-09-15,376.985,378.706,373.492,373.638,838806600
1998-09-16,373.079,377.799,371.986,377.612,666835600
1998-09-17,378.824,380.461,369.242,370.555,744365100
1998-09-18,368.677,369.853,361.674,363.054,616757500
1998-09-21,360.523,368.698,359.052,368.475,432386800
1998-09-22,368.526,370.111,365.433,367.446,421153200
1998-09-23,367.721,370.572,367.657,370.003,418143100
1998-09-24,370.443,370.669,361.011,361.122,513270200
1998-09-25,360.021,366.386,359.301,366.339,388414300
1998-09-28,366.892,371.113,365.125,367.903,485927600
1998-09-29,368.434,370.715,366.35,367.565,383353100
1998-09-30,368.305,371.764,368.305,371.688,348084500
1998-10-05,371.863,372.551,369.42,370.895,324746200
1998-10-06,370.809,371.399,364.012,364.208,342891500
1998-10-07,363.704,365.122,360.387,361.843,320389200
1998-10-08,362.179,367.258,362.179,367.168,338819300
1998-10-09,367.945,368.804,366.459,366.91,343748300
1998-10-12,367.112,367.854,363.585,366.874,402983300
1998-10-13,367.342,370.34,367.095,368.275,419716400
1998-10-14,368.061,369.346,366.105,368.234,386278800
1998-10-15,368.368,371.608,367.911,371.374,446557700
1998-10-16,372.592,375.4,372.592,374.766,562139600
1998-10-19,375.794,379.445,375.794,379.299,646744400
1998-10-20,380.193,381.119,374.493,375.779,524795200
1998-10-21,375.227,375.227,363.196,363.494,674120700
1998-10-22,360.928,366.153,358.011,365.991,536872100
1998-10-23,366.237,371.02,365.191,366.601,553145800
1998-10-26,365.883,365.883,359.84,364.439,583021800
1998-10-27,364.311,367.271,363.218,366.696,458135800
1998-10-28,366.804,371.606,366.765,371.547,467139500
1998-10-29,372.024,373.033,369.704,370.694,557386000
1998-10-30,370.483,373.741,370.467,371.381,528355400
1998-11-02,371.868,374.417,370.435,374.306,470544100
1998-11-03,374.819,377.375,374.501,377.299,514620700
1998-11-04,377.622,378.358,375.914,376.686,503940800
1998-11-05,376.746,380.964,376.746,380.902,601273200
1998-11-06,382.669,385.206,382.47,383.442,763160100
1998-11-09,384.409,390.688,384.409,390.593,697471200
1998-11-10,391.067,392.103,387.81,391.284,693608800
1998-11-11,391.371,392.834,388.406,391.82,660574900
1998-11-12,392.197,394.079,389.582,390.889,640198700
1998-11-13,390.49,391.784,388.041,391.058,575721700
1998-11-16,391.366,395.439,391.366,395.32,595809600
1998-11-17,396.184,397.557,392.776,394.34,585647800
1998-11-18,394.439,395.169,391.117,392.361,515894200
1998-11-19,391.711,391.711,388.917,389.249,472870200
1998-11-20,388.475,390.827,387.836,389.173,424562900
1998-11-23,389.175,389.74,386.265,387.299,389034900
1998-11-24,387.503,389.397,387.245,388.115,355550500
1998-11-25,388.402,390.082,382.633,383.135,338588700
1998-11-26,382.114,382.965,377.412,379.063,366529900
1998-11-27,378.874,380.62,374.588,375.52,365495100
1998-11-30,374.982,375.932,372.65,375.772,313911700
1998-12-01,375.885,376.884,370.815,371.426,308650400
1998-12-02,370.774,373.002,368.094,372.837,322528700
1998-12-03,372.801,373.53,369.515,370.036,268756300
1998-12-04,369.894,371.121,364.894,366.207,272535000
1998-12-07,371.422,372.807,362.512,363.064,263972900
1998-12-08,362.614,366.28,362.539,366.145,211274700
1998-12-09,366.371,367.106,365.242,366.225,178858700
1998-12-10,366.265,366.488,359.867,360.196,220603000
1998-12-11,359.406,363.916,356.048,363.688,241888800
1998-12-14,363.453,363.457,357.102,357.32,187409600
1998-12-15,356.695,358.112,349.882,357.952,237600900
1998-12-16,357.934,358.03,352.783,353.759,198982900
1998-12-17,352.97,352.97,346.264,346.571,235776500
1998-12-18,345.292,349.824,343.882,346.142,292284300
1998-12-21,345.385,348.411,344.192,346.444,220945000
1998-12-22,346.68,357.609,346.664,357.609,326868200
1998-12-23,357.834,358.402,353.168,354.211,303763200
1998-12-24,353.765,353.765,350.621,352.785,254577600
1998-12-25,352.74,355.627,352.455,353.198,238815600
1998-12-28,353.356,354.684,347.436,348.104,343672100
1998-12-29,347.82,347.82,341.709,342.372,303583400
1998-12-30,341.777,345.375,336.781,344.115,319347200
1998-12-31,344.576,346.033,342.023,343.853,194955900
1999-01-04,343.286,343.441,336.371,336.562,163761100
1999-01-05,335.89,336.154,329.377,334.892,227151400
1999-01-06,334.597,340.464,334.597,338.295,214926200
1999-01-07,338.198,340.803,335.929,339.184,291477600
1999-01-08,339.645,349.924,339.645,349.837,360009900
1999-01-11,350.147,351.672,346.821,351.113,392462400
1999-01-12,351.016,351.029,346.218,346.44,338940600
1999-01-13,344.856,347.282,342.893,344.1,334410600
1999-01-14,343.846,345.977,340.867,342.69,276173700
1999-01-15,342.562,343.0,339.327,339.64,339551300
1999-01-18,338.946,344.646,336.238,344.646,373395800
1999-01-19,345.094,347.281,343.456,346.928,357530800
1999-01-20,347.082,349.165,344.035,345.059,328700900
1999-01-21,344.757,347.946,343.202,347.832,376162100
1999-01-22,348.174,350.426,346.882,348.766,398628600
1999-01-25,348.815,349.333,343.699,343.946,626037900
1999-01-26,343.004,343.663,339.132,340.752,496600000
1999-01-27,340.226,344.129,340.113,343.848,1511820400
1999-01-28,344.128,344.535,339.973,340.784,722285800
1999-01-29,340.536,342.316,338.615,340.689,477128400
1999-02-01,340.085,340.687,336.776,337.677,510661200
1999-02-02,337.063,338.891,335.347,338.809,460688900
1999-02-03,338.845,339.188,335.035,335.588,397912000
1999-02-04,335.323,335.323,329.962,330.087,349888300
1999-02-05,328.952,328.952,321.76,322.757,408414800
1999-02-08,320.672,323.43,316.239,316.557,339927200
1999-02-09,316.403,324.386,316.403,324.215,323482500
1999-03-01,325.073,327.998,322.656,327.839,262218400
1999-03-02,327.919,329.578,325.584,328.79,310675800
1999-03-03,329.149,336.147,328.821,336.119,485519000
1999-03-04,336.36,337.253,333.756,336.54,443507200
1999-03-05,336.631,340.938,336.584,339.756,501507100
1999-03-08,340.002,342.775,338.079,342.753,521510900
1999-03-09,343.033,343.871,341.253,341.347,469546000
1999-03-10,341.221,341.453,338.74,340.457,422328800
1999-03-11,340.46,346.905,340.46,346.638,566491400
1999-03-12,347.06,349.543,346.046,349.129,550857400
1999-03-15,349.634,352.49,349.156,350.591,629256600
1999-03-16,350.527,350.546,347.368,350.258,522535700
1999-03-17,350.593,352.433,347.892,347.892,695537200
1999-03-18,346.97,347.598,343.648,344.667,583600700
1999-03-19,344.607,351.108,344.396,351.025,547541600
1999-03-22,351.836,353.156,350.0,351.467,677347900
1999-03-23,351.423,351.826,348.252,351.498,833563500
1999-03-24,351.785,352.945,349.829,350.724,553859200
1999-03-25,349.927,349.927,345.983,346.391,463919600
1999-03-26,345.993,348.373,345.97,347.576,453025400
1999-03-29,347.497,350.952,346.811,350.887,482549900
1999-03-30,351.119,352.095,346.179,346.353,442076800
1999-03-31,345.941,348.527,344.95,348.244,410031400
1999-04-01,348.133,350.528,347.779,350.384,536621300
1999-04-02,350.692,353.391,349.76,353.39,620421100
1999-04-05,354.268,356.417,353.772,356.29,612986300
1999-04-06,356.878,357.292,354.853,356.755,555885500
1999-04-07,357.023,357.808,354.998,357.192,677153100
1999-04-08,357.495,358.022,353.45,356.141,683450700
1999-04-09,355.986,356.591,354.081,355.078,813625600
1999-04-12,354.688,354.808,350.048,351.436,1107969000
1999-04-13,350.708,351.818,346.679,347.773,784194300
1999-04-14,347.604,349.611,346.972,349.545,610133700
1999-04-15,349.779,350.085,344.498,344.781,1108341600
1999-04-16,344.228,345.875,341.397,342.713,877515300
1999-04-19,342.38,343.93,339.91,342.058,794217400
1999-04-20,341.866,345.259,341.866,345.082,739786000
1999-04-21,345.239,345.834,338.957,339.141,1120848800
1999-04-22,337.618,338.169,327.829,337.767,980120000
1999-04-23,337.829,342.585,337.829,342.372,910957900
1999-04-26,343.27,343.432,336.826,337.011,912649500
1999-04-27,335.918,335.918,328.856,329.587,734952500
1999-04-28,329.223,334.255,326.525,327.508,580222500
1999-04-29,327.091,333.824,327.091,333.756,513604400
1999-04-30,333.844,336.675,333.36,336.299,528725200
1999-05-04,336.391,336.962,333.517,334.283,474581900
1999-05-05,334.035,335.33,331.467,335.017,485358600
1999-05-06,335.037,338.483,335.037,338.43,725180200
1999-05-07,338.563,339.055,334.174,335.048,558196200
1999-05-10,330.505,330.505,317.569,319.529,700884500
1999-05-11,319.41,326.078,319.41,326.013,440644200
1999-05-12,326.151,327.766,323.646,325.804,395164700
1999-05-13,325.816,325.816,321.423,322.165,348842400
1999-05-14,321.67,321.67,312.598,313.265,462318000
1999-05-17,311.608,315.485,308.296,311.969,385237400
1999-05-18,312.053,315.628,310.318,310.65,415092300
1999-05-19,310.691,325.79,310.17,325.707,589725700
1999-05-20,326.867,335.72,325.798,335.389,935344300
1999-05-21,336.539,339.432,334.577,338.945,1108963400
1999-05-24,339.559,353.014,337.368,352.905,1660853700
1999-05-25,355.626,361.204,347.395,349.307,2427063000
1999-05-26,348.381,359.145,347.214,358.77,1516234600
1999-05-27,361.499,372.234,361.388,372.117,2074856400
1999-05-28,375.459,376.25,364.499,370.393,2718761200
1999-05-31,372.472,379.569,362.438,370.609,2402631400
1999-06-01,371.56,380.038,369.094,379.956,1752393800
1999-06-02,382.58,385.998,373.984,374.678,1990416300
1999-06-03,372.655,374.507,367.213,370.141,1365500900
1999-06-04,370.575,378.211,370.575,378.043,1262603900
1999-06-07,379.663,389.459,377.712,389.316,1437238000
1999-06-08,391.958,394.003,387.831,392.215,1533504200
1999-06-09,392.707,397.982,389.09,397.264,1395536000
1999-06-10,405.406,407.503,399.213,402.361,2113883600
1999-06-11,401.989,408.263,401.635,406.968,1910198000
1999-06-14,409.922,422.711,409.922,422.59,2227761100
1999-06-15,431.839,436.018,399.837,405.547,3436602300
1999-06-16,408.71,428.67,408.71,428.562,1988484800
1999-06-17,434.919,441.082,425.353,440.838,2806037700
1999-06-18,443.668,448.531,434.836,443.884,3357495200
1999-06-21,447.455,460.364,447.269,460.179,2778469300
1999-06-22,462.407,468.101,454.012,467.897,2503968000
1999-06-23,470.132,481.088,470.132,481.045,2694419900
1999-06-24,484.108,498.176,483.921,497.996,3959705000
1999-06-25,502.674,516.104,479.215,479.849,5410618800
1999-06-28,483.194,512.825,483.194,512.747,3742179800
1999-06-29,522.701,526.911,508.761,525.143,3872748500
1999-06-30,528.74,528.885,501.241,507.166,4331311600
1999-07-01,504.087,504.087,460.699,466.627,2617131200
1999-07-02,468.859,486.764,455.51,485.588,2926778300
1999-07-05,488.891,491.562,474.373,475.944,2064642600
1999-07-06,471.833,475.453,451.692,455.195,1633336500
1999-07-07,454.797,470.646,451.922,470.409,1416604900
1999-07-08,472.555,480.147,468.387,476.1,1289020200
1999-07-09,475.82,482.467,472.838,478.83,1236564200
1999-07-12,480.209,480.364,467.101,471.52,1395677500
1999-07-13,468.353,468.353,452.505,456.108,1147732900
1999-07-14,456.143,468.931,456.143,468.774,964068200
1999-07-15,470.527,470.831,464.478,465.384,1429071300
1999-07-16,464.293,464.293,452.117,454.155,1254685600
1999-07-19,447.432,449.742,436.273,438.267,1026970600
1999-07-20,436.295,469.228,435.84,469.065,1545108000
1999-07-21,473.742,482.367,466.536,477.144,2235175400
1999-07-22,476.847,476.847,457.686,457.922,1396314300
1999-07-23,457.148,470.679,457.148,467.231,1029142500
1999-07-26,468.298,473.951,465.868,472.305,1030653600
1999-07-27,472.606,472.654,467.15,469.584,909000300
1999-07-28,469.768,475.865,468.925,472.874,907416500
1999-07-29,475.882,477.926,469.832,472.442,794115000
1999-07-30,473.469,474.913,470.221,473.192,1484050600
1999-08-02,474.921,479.75,473.469,479.086,1088253400
1999-08-03,480.082,480.984,475.58,480.073,992211300
1999-08-04,480.392,485.593,480.392,485.271,1226684200
1999-08-05,486.358,487.495,481.646,484.803,1129995900
1999-08-06,485.201,485.438,468.721,483.178,1405671100
1999-08-09,483.712,483.712,478.478,479.149,993047300
1999-08-10,477.488,477.488,470.109,471.802,901901800
1999-08-11,469.847,473.474,463.344,465.178,858429300
1999-08-12,464.745,468.905,460.178,463.278,669706800
1999-08-13,464.12,467.255,459.536,461.554,595964400
1999-08-16,460.517,460.517,452.636,456.456,658377200
1999-08-17,456.675,468.147,456.675,460.808,708028600
1999-08-18,461.06,461.98,454.07,460.79,460790000
1999-08-19,462.008,478.954,462.008,477.685,1211940000
1999-08-20,479.482,481.405,473.707,474.983,923246300
1999-08-23,474.973,477.962,473.1,477.863,833125600
1999-08-24,479.697,481.908,477.589,479.973,967478200
1999-08-25,480.317,480.675,471.0,473.247,784078900
1999-08-26,471.787,475.889,470.247,475.709,567289400
1999-08-27,476.183,478.405,474.368,476.193,670277400
1999-08-30,476.324,476.854,470.947,471.783,729378700
1999-08-31,472.592,475.401,469.212,474.381,594224100
1999-09-01,474.685,474.94,464.936,466.073,570094000
1999-09-02,464.47,470.672,457.86,469.937,686606200
1999-09-03,470.122,470.852,463.198,464.329,523000300
1999-09-06,461.921,461.921,456.851,458.3,437543200
1999-09-07,458.027,462.619,457.564,459.392,426829100
1999-09-08,459.293,464.506,459.293,462.569,422273400
1999-09-09,466.996,490.526,466.996,490.459,1692409800
1999-09-10,494.287,495.621,485.035,486.084,1526852300
1999-09-13,486.702,490.138,484.741,489.932,929922800
1999-09-14,491.171,493.043,489.077,490.582,869365200
1999-09-15,491.04,491.845,484.626,486.185,905765700
1999-09-16,486.085,486.491,481.792,482.495,664431500
1999-09-17,482.432,486.943,480.11,482.999,586286000
1999-09-20,482.94,483.62,476.702,477.736,890389800
1999-09-21,476.894,477.64,474.662,476.697,575639600
1999-09-22,477.068,479.75,474.763,475.736,496284400
1999-09-23,476.364,477.054,470.627,471.908,644576300
1999-09-24,473.11,479.219,473.11,476.33,479380400
1999-09-27,477.42,479.232,471.281,472.047,545607800
1999-09-28,472.273,473.172,467.728,468.771,428816300
1999-09-29,469.266,473.792,465.841,467.092,441591800
1999-09-30,467.334,469.262,464.234,464.742,413975800
1999-10-08,464.404,464.404,455.042,455.747,353726400
1999-10-11,454.517,457.257,450.717,452.33,350484200
1999-10-12,453.013,456.23,452.974,455.943,259370100
1999-10-13,456.699,457.671,446.685,447.291,351253600
1999-10-14,445.999,453.858,442.795,445.018,370894300
1999-10-15,446.57,456.195,446.57,455.456,553082900
1999-10-18,456.473,457.348,443.036,443.514,555687300
1999-10-19,441.601,441.601,432.334,432.713,446573500
1999-10-20,432.085,437.67,429.704,436.001,413586800
1999-10-21,435.583,435.74,424.288,425.819,446291800
1999-10-22,425.527,442.236,425.441,438.259,835145800
1999-10-25,438.548,438.9,430.026,430.745,472550300
1999-10-26,430.702,438.5,430.702,435.963,880999900
1999-10-27,442.313,451.714,442.269,451.581,1810968000
1999-10-28,452.918,452.999,442.987,444.936,1205244400
1999-10-29,444.859,446.637,438.869,442.065,855884800
1999-11-01,441.179,441.954,436.97,437.46,676273100
1999-11-02,436.975,440.622,435.249,436.578,434421300
1999-11-03,436.732,438.077,433.214,434.245,416325200
1999-11-04,433.784,433.784,428.456,430.095,565318900
1999-11-05,429.526,435.459,429.344,430.464,548230300
1999-11-08,430.331,435.7,429.148,434.753,565530300
1999-11-09,435.322,437.429,432.056,432.44,495557400
1999-11-10,431.711,431.711,424.164,428.282,644696100
1999-11-11,427.964,430.628,425.122,426.021,468640800
1999-11-12,425.858,427.777,425.241,426.967,362478200
1999-11-15,426.868,427.371,422.829,426.652,598278500
1999-11-16,428.604,431.695,421.245,422.051,876544000
1999-11-17,421.414,430.021,420.518,429.92,592671600
1999-11-18,430.53,440.959,427.534,436.867,1035507200
1999-11-19,437.728,439.223,432.185,432.853,595589400
1999-11-22,432.392,432.392,429.278,431.06,644525400
1999-11-23,430.74,434.105,430.595,432.783,393221700
1999-11-24,432.575,433.017,428.672,429.497,309459800
1999-11-25,429.093,429.093,424.653,426.352,385867400
1999-11-26,426.114,428.041,425.977,427.213,605740500
1999-11-29,426.945,427.157,423.528,423.819,432104100
1999-11-30,423.63,425.186,422.732,423.936,443258600
1999-12-01,423.632,428.871,423.632,428.419,400162800
1999-12-02,428.513,428.513,423.567,424.36,504322500
1999-12-03,423.953,425.175,422.672,424.667,377283600
1999-12-06,424.574,424.574,421.012,422.261,428312000
1999-12-07,422.025,426.18,421.601,422.704,352666600
1999-12-08,422.356,422.988,419.844,421.04,395678000
1999-12-09,420.598,420.835,417.97,418.805,359373400
1999-12-10,418.472,423.399,418.339,423.297,438623200
1999-12-13,423.177,423.286,419.051,419.417,496614400
1999-12-14,418.95,422.398,418.408,422.249,407643200
1999-12-15,422.327,432.868,422.327,429.839,945877100
1999-12-16,429.692,429.757,423.687,424.283,592940000
1999-12-17,423.903,424.848,418.781,419.378,470060900
1999-12-21,417.768,417.768,410.184,412.345,486796300
1999-12-22,411.92,412.905,408.939,409.751,502097800
1999-12-23,409.639,409.639,402.697,403.802,516957400
1999-12-24,403.296,405.842,398.629,399.35,415316700
1999-12-27,398.262,400.733,394.76,395.691,487513800
1999-12-28,395.894,402.677,394.865,396.334,489765600
1999-12-29,396.694,399.835,394.465,399.219,428516700
1999-12-30,399.646,402.648,399.646,402.183,344241100
2000-01-04,402.715,414.829,401.667,414.686,734450800
2000-01-05,414.653,423.76,413.099,415.961,937389700
2000-01-06,415.292,433.076,413.687,433.06,1124048100
2000-01-07,436.713,449.515,436.713,449.157,2990011100
2000-01-10,453.376,458.85,446.366,458.73,2698710500
2000-01-11,459.682,459.682,436.719,439.994,1757251800
2000-01-12,437.856,444.086,425.643,427.941,1140833100
2000-01-13,427.478,430.854,422.476,425.154,746048200
2000-01-14,425.197,427.712,418.427,420.467,615049900
2000-01-17,419.936,427.604,417.206,427.462,618530800
2000-01-18,427.997,432.019,425.644,427.818,730889400
2000-01-19,427.64,435.066,427.35,434.058,734608700
2000-01-20,434.809,441.517,434.809,441.42,976650100
2000-01-21,442.913,447.723,440.645,443.723,1384986600
2000-01-24,444.837,451.862,441.781,451.781,1463516500
2000-01-25,454.113,456.194,448.732,451.848,1246311500
2000-01-26,451.791,453.744,449.106,453.584,964243500
2000-01-27,456.535,461.359,454.876,460.738,1607922800
2000-01-28,463.186,469.69,461.495,469.649,2452384000
2000-02-14,484.641,512.326,484.641,512.245,4166019800
2000-02-15,525.267,538.674,511.741,514.893,4401459700
2000-02-16,516.499,527.428,510.678,527.109,3252190700
2000-02-17,539.059,551.454,504.133,509.787,4365602300
2000-02-18,504.502,519.287,490.203,518.956,2528475900
2000-02-21,522.955,526.588,512.878,521.711,2774268400
2000-02-22,523.124,523.753,502.936,504.617,2141714900
2000-02-23,499.031,502.163,488.507,490.946,1856141800
2000-02-24,488.608,504.987,488.608,504.816,1478103400
2000-02-25,506.097,509.693,498.497,503.971,1621413700
2000-02-28,505.29,527.069,504.897,526.176,2263943400
2000-02-29,531.557,532.881,514.038,524.637,2410648800
2000-03-01,525.314,527.716,518.877,523.832,2048621300
2000-03-02,523.741,530.043,518.733,526.182,1923532100
2000-03-03,529.162,536.916,526.895,532.139,2464972800
2000-03-06,536.102,538.268,511.081,511.433,2719510000
2000-03-07,506.385,518.166,503.49,517.989,1853266800
2000-03-08,519.558,526.963,515.968,526.789,1969146100
2000-03-09,528.448,529.583,522.666,526.573,1790936300
2000-03-10,526.772,529.42,517.577,519.34,1663691900
2000-03-13,518.831,528.555,518.831,528.337,2170456300
2000-03-14,517.812,520.497,501.144,517.184,2389748400
2000-03-15,516.609,524.353,516.47,520.03,1794926800
2000-03-16,516.679,516.679,491.755,495.32,1943641200
2000-03-17,492.986,513.683,492.986,512.377,1544676200
2000-03-20,506.529,527.425,505.022,527.351,1828766200
2000-03-21,529.639,533.348,526.947,531.532,1794882500
2000-03-22,532.561,537.27,531.844,536.129,1761210100
2000-03-23,537.341,545.348,532.391,545.108,1941651400
2000-03-24,548.52,551.971,540.314,540.713,2432621500
2000-03-27,541.434,557.475,541.434,557.255,2373357800
2000-03-28,562.497,564.907,553.971,561.237,2703919800
2000-03-29,563.455,564.962,550.265,558.379,2208418500
2000-03-30,559.389,565.375,558.585,565.133,2764211900
2000-03-31,565.457,565.457,555.251,560.985,2251314100
2000-04-03,560.509,563.13,557.652,557.907,2119839600
2000-04-04,555.777,555.777,544.022,545.432,1789575100
2000-04-05,543.425,551.298,541.423,549.628,1486477300
2000-04-06,550.805,561.694,550.805,561.426,1659550000
2000-04-07,564.104,566.087,561.476,566.02,1991674200
2000-04-10,567.604,570.56,564.637,569.805,1930824500
2000-04-11,571.017,571.915,564.929,568.492,1676347000
2000-04-12,569.058,569.812,557.131,563.591,1411883900
2000-04-13,563.779,570.377,563.779,569.557,1608751800
2000-04-14,570.958,571.886,564.95,568.876,1828773600
2000-04-17,566.358,566.358,549.94,556.199,1981915700
2000-04-18,555.584,562.652,551.43,562.072,1235897000
2000-04-19,563.376,566.799,562.743,565.455,1350784600
2000-04-20,566.101,569.227,565.948,569.227,1472324400
2000-04-21,570.224,571.137,564.184,565.27,1521510600
2000-04-24,564.641,565.263,560.153,562.362,1398070100
2000-04-25,562.94,563.995,558.148,562.724,1080345300
2000-04-26,563.656,566.094,561.19,562.543,1038856600
2000-04-27,563.467,564.039,554.78,555.45,1235057200
2000-04-28,554.796,566.967,551.78,566.753,1233394000
2000-05-08,569.979,571.386,564.108,567.484,1052454100
2000-05-09,567.405,567.545,556.565,559.405,989094600
2000-05-10,557.936,557.936,540.247,540.753,958774600
2000-05-11,538.378,543.794,528.185,529.321,796209600
2000-05-12,529.72,535.81,526.945,529.262,741547000
2000-05-15,529.367,530.667,518.728,522.222,689813500
2000-05-16,522.627,530.585,522.627,529.907,591391100
2000-05-17,530.764,534.363,527.276,530.029,725872800
2000-05-18,530.105,542.567,528.353,542.415,951408000
2000-05-19,543.863,550.956,540.901,550.838,1146567000
2000-05-22,553.152,568.161,552.763,565.57,1498285800
2000-05-23,567.92,569.111,559.878,566.0,1282830400
2000-05-24,566.716,574.856,566.716,572.175,1600999900
2000-05-25,574.788,579.908,573.408,579.716,1756720300
2000-05-26,582.874,585.341,574.345,580.329,1963933400
2000-05-29,582.212,586.657,580.583,586.496,1972610100
2000-05-30,588.641,590.116,577.052,579.704,1766234600
2000-05-31,578.565,584.503,576.657,584.213,1566071400
2000-06-01,585.656,588.249,583.728,587.267,1433170000
2000-06-02,588.248,591.402,585.624,591.347,1788432500
2000-06-05,593.289,595.016,582.02,584.96,3033105900
2000-06-06,584.521,594.706,583.319,594.594,1902503900
2000-06-07,597.091,598.383,591.94,596.724,1723101000
2000-06-08,597.222,597.263,588.519,591.364,1616212000
2000-06-09,591.21,592.865,582.243,584.159,1454732400
2000-06-12,581.976,586.793,578.061,586.614,1182883300
2000-06-13,587.802,594.052,587.177,594.002,1226893000
2000-06-14,595.1,596.15,591.422,592.025,1508246100
2000-06-15,592.305,594.297,589.505,594.187,1449265400
2000-06-16,594.842,595.433,588.337,590.389,1572466800
2000-06-19,589.218,591.95,586.864,589.008,1228155500
2000-06-20,588.349,589.818,582.258,584.87,1076082300
2000-06-21,584.902,592.613,584.845,592.468,953571100
2000-06-22,593.705,594.872,590.957,593.114,1170043100
2000-06-23,593.388,600.798,593.321,600.584,1343580600
2000-06-26,602.933,607.06,602.563,606.546,1458858300
2000-06-27,607.474,608.632,604.819,606.912,1459049300
2000-06-28,607.336,610.709,605.218,607.634,1281391700
2000-06-29,608.162,608.792,601.451,606.138,1381541600
2000-06-30,606.318,607.478,601.248,602.062,1464640200
2000-07-03,599.434,599.434,589.329,591.043,1784568500
2000-07-04,589.618,596.839,588.452,596.707,2005632100
2000-07-05,597.165,599.36,595.12,596.2,1281643200
2000-07-06,596.036,596.184,592.816,594.152,1145671200
2000-07-07,594.254,601.894,594.254,601.67,1166602700
2000-07-10,602.903,605.799,601.854,605.69,1518308700
2000-07-11,606.778,609.705,604.002,609.561,1388137800
2000-07-12,610.554,612.577,608.69,612.346,1471679700
2000-07-13,613.288,616.391,608.507,613.317,1923704400
2000-07-14,613.673,615.786,611.192,615.142,1478706100
2000-07-17,615.394,616.467,609.602,610.26,1337103200
2000-07-18,610.27,614.499,609.913,614.316,2004082000
2000-07-19,615.643,617.47,611.475,615.006,2662876900
2000-07-20,615.512,616.381,609.955,614.24,1815030100
2000-07-21,615.009,616.696,614.363,615.389,1456556500
2000-07-24,615.83,615.981,611.174,613.017,1501001400
2000-07-25,612.858,615.091,612.423,614.923,1176312300
2000-07-26,615.412,619.403,615.385,619.236,1606675300
2000-07-27,620.716,622.623,617.135,619.625,1829248000
2000-07-28,620.253,621.866,619.42,621.52,1452799400
2000-07-31,621.802,624.997,619.557,624.895,1845045700
2000-08-01,625.637,627.074,624.859,625.748,2269489900
2000-08-02,626.362,627.259,622.817,627.02,2320666100
2000-08-03,627.928,630.549,627.907,630.159,2117846500
2000-08-04,630.786,631.619,621.536,625.479,2346609600
2000-08-07,624.765,629.327,621.905,629.231,1724393700
2000-08-08,630.269,633.559,630.269,633.513,1539173300
2000-08-09,633.992,635.232,632.965,635.031,1838835900
2000-08-10,636.016,636.808,632.136,634.496,1672047600
2000-08-11,634.983,636.066,631.42,634.136,1707934900
2000-08-14,634.769,638.062,634.538,637.957,1545174500
2000-08-15,638.589,639.515,633.792,636.976,1266630000
2000-08-16,637.798,639.138,635.373,638.434,1507551300
2000-08-17,638.957,640.499,637.731,638.72,1210109400
2000-08-18,638.962,640.04,637.225,639.367,1280311900
2000-08-21,640.096,643.857,639.48,643.766,1763344500
2000-08-22,644.616,645.168,632.984,633.241,1738921200
2000-08-23,629.183,634.172,601.465,627.164,2477008100
2000-08-24,627.308,631.28,622.12,631.012,1626732200
2000-08-25,631.932,636.461,629.963,636.292,1248886200
2000-08-28,637.363,639.98,636.006,639.842,1297906900
2000-08-29,640.855,642.692,639.125,642.552,1476247200
2000-08-30,643.122,643.571,634.69,635.137,1446421800
2000-08-31,631.382,631.382,617.288,617.417,1832565200
2000-09-01,613.583,618.87,610.942,611.387,1326993600
2000-09-04,610.389,616.555,606.659,616.403,1165451200
2000-09-05,617.257,619.663,602.949,604.41,1125283500
2000-09-06,601.248,603.398,593.128,593.726,1230445500
2000-09-07,594.248,604.313,594.248,601.645,914247300
2000-09-08,602.353,605.986,599.975,603.875,842385900
2000-09-11,604.731,607.591,601.84,607.465,878371700
2000-09-12,608.044,612.177,606.502,611.974,862903000
2000-09-13,612.247,617.918,610.631,615.671,1302803500
2000-09-14,616.116,616.719,610.986,613.111,1100636500
2000-09-15,612.649,613.131,609.276,612.991,758437300
2000-09-18,613.525,613.537,602.894,603.121,743454300
2000-09-19,600.525,600.525,586.803,588.784,1013873700
2000-09-20,588.246,594.846,585.45,594.696,813407100
2000-09-21,595.635,596.786,589.44,590.021,761710100
2000-09-22,589.384,589.384,583.128,584.248,664513000
2000-09-25,583.459,585.501,577.888,578.762,587018900
2000-09-26,579.049,584.152,579.049,583.038,670596600
2000-09-27,583.428,590.872,583.428,590.71,590290700
2000-09-28,591.233,591.781,582.549,583.099,655095100
2000-09-29,583.008,590.451,583.008,590.373,541951800
2000-10-09,591.826,593.018,587.072,592.864,545510600
2000-10-10,593.529,600.3,593.28,600.14,769121200
2000-10-11,600.911,601.585,597.233,598.109,702327100
2000-10-12,598.139,598.139,592.942,595.005,991522500
2000-10-13,595.188,597.022,591.363,593.52,901527100
2000-10-16,593.493,593.686,588.114,589.336,648880000
2000-10-17,589.146,591.25,587.837,591.133,594581100
2000-10-18,591.62,597.19,591.62,597.073,665713800
2000-10-19,597.383,598.346,592.058,592.619,643364700
2000-10-20,592.305,602.41,592.219,602.247,949206900
2000-10-23,604.021,606.721,601.248,606.595,939315800
2000-10-24,607.187,608.15,603.621,607.211,673981900
2000-10-25,608.146,612.224,607.324,611.401,1139607500
2000-10-26,611.852,612.339,604.937,606.293,1013809700
2000-10-27,606.366,607.969,604.664,607.885,812573800
2000-10-30,608.126,609.612,606.104,609.511,894309400
2000-10-31,609.618,610.522,603.361,605.015,854530900
2000-11-01,604.423,609.614,604.311,609.491,855099200
2000-11-02,610.129,613.663,610.129,611.765,1010837300
2000-11-03,611.986,612.813,609.539,611.367,1329249400
2000-11-06,611.433,614.165,611.138,614.026,1202936000
2000-11-07,614.686,615.492,612.706,614.867,1030656100
2000-11-08,615.397,618.742,615.277,618.667,1064083900
2000-11-09,619.309,625.775,619.309,625.71,1764274800
2000-11-10,627.144,630.428,626.19,629.557,1762649700
2000-11-13,630.934,636.594,630.934,636.467,1745568300
2000-11-14,637.166,640.387,631.763,640.246,1451942400
2000-11-15,641.11,642.97,637.795,640.177,1611874600
2000-11-16,640.35,645.442,640.35,645.281,1669124800
2000-11-17,646.227,647.217,641.937,643.976,1533665600
2000-11-20,643.413,646.061,638.618,645.821,1579421100
2000-11-21,646.496,649.826,644.324,644.733,1640302800
2000-11-22,644.636,652.591,644.49,652.579,1689501400
2000-11-23,654.186,656.045,651.038,654.374,1447542100
2000-11-24,654.215,656.208,630.283,633.401,1872095800
2000-11-27,629.046,637.397,626.008,633.33,1241095000
2000-11-28,633.947,642.391,633.947,642.328,929587100
2000-11-29,642.938,643.314,634.523,638.167,1354592100
2000-11-30,638.151,639.929,636.584,639.223,919432000
2000-12-01,639.743,642.991,639.206,642.753,1316691700
2000-12-04,643.774,647.59,642.736,647.409,1380293700
2000-12-05,648.117,649.054,644.499,645.984,1389570900
2000-12-06,646.129,647.202,637.78,638.929,1192119000
2000-12-07,637.875,640.147,633.042,635.89,950179000
2000-12-08,635.711,639.453,635.217,637.237,1025744200
2000-12-11,637.256,637.378,626.63,627.628,1181529600
2000-12-12,627.428,632.855,625.316,632.692,933749800
2000-12-13,633.093,633.286,630.645,632.549,837127700
2000-12-14,633.43,634.539,630.499,631.639,1321681700
2000-12-15,631.767,632.552,627.251,628.824,1163198200
2000-12-18,628.919,630.354,624.031,630.28,916486400
2000-12-19,631.186,632.038,629.862,630.906,723696500
2000-12-20,631.158,637.26,630.746,637.065,940359000
2000-12-21,638.323,641.106,636.934,637.571,969887900
2000-12-22,637.609,638.383,633.359,634.917,899047800
2000-12-25,634.886,635.778,630.259,632.907,1015978100
2000-12-26,633.244,635.27,630.894,635.077,962615000
2000-12-27,635.39,636.075,628.082,628.508,1043861100
2000-12-28,627.941,631.28,626.013,629.895,976794400
2000-12-29,630.137,635.953,630.137,635.731,1135982400
2001-01-02,636.62,644.788,636.005,644.664,1664771400
2001-01-03,645.919,649.842,644.474,649.745,1368352500
2001-01-04,650.683,650.887,646.597,647.359,1072093600
2001-01-05,647.142,648.751,646.118,648.671,1030597200
2001-01-08,649.2,649.318,637.957,640.193,1202732000
2001-01-09,639.305,642.578,633.669,638.751,877074400
2001-01-10,638.625,645.601,638.502,645.528,1030015600
2001-01-11,646.246,646.916,642.977,643.323,1058623100
2001-01-12,642.852,642.852,637.022,638.635,982289500
2001-01-15,635.977,635.977,616.745,617.39,1355572200
2001-01-16,613.367,620.531,609.784,620.332,900874800
2001-01-17,620.422,620.977,616.354,617.187,654307700
2001-01-18,616.777,620.75,616.777,618.462,985198500
2001-01-19,619.508,626.309,619.508,626.175,973152900
2001-02-05,627.394,628.193,608.97,609.616,819759100
2001-02-06,607.356,607.356,593.654,604.771,773255800
2001-02-07,604.948,605.977,599.263,599.508,598102900
2001-02-08,598.835,601.523,581.715,582.429,737594900
2001-02-09,583.179,592.979,583.179,590.337,1071006000
2001-02-12,590.966,591.237,582.49,589.858,660064300
2001-02-13,590.467,593.938,589.753,591.358,515544700
2001-02-14,591.319,592.771,589.736,591.853,333470400
2001-02-15,591.776,593.101,586.438,586.784,382012900
2001-02-16,585.704,585.776,576.201,585.678,513318400
2001-02-19,585.617,591.872,582.647,591.307,533268900
2001-02-20,591.33,595.927,585.554,587.288,574956800
2001-02-21,585.35,585.35,568.733,570.961,758263100
2001-02-22,568.231,573.255,565.361,568.262,506209000
2001-02-23,567.877,576.057,566.909,575.813,561709800
2001-02-26,576.993,583.586,575.804,583.444,677942900
2001-02-27,583.731,586.261,581.025,586.246,647677300
2001-02-28,586.774,587.578,583.255,585.414,494441800
2001-03-01,585.362,589.312,585.362,589.219,613748600
2001-03-02,590.168,596.257,590.168,595.524,1482896000
2001-03-05,597.217,598.164,593.932,595.116,710661500
2001-03-06,596.367,596.367,593.139,596.29,934570700
2001-03-07,598.181,600.121,595.482,597.298,1798327900
2001-03-08,597.345,601.694,596.584,601.616,1165624900
2001-03-09,602.307,607.848,602.087,606.753,1358230000
2001-03-12,607.807,608.94,605.053,608.864,1212262100
2001-03-13,608.681,608.681,602.357,604.364,1348286700
2001-03-14,603.609,610.532,602.716,610.504,1080905400
2001-03-15,611.173,613.347,609.964,612.535,1446947500
2001-03-16,612.768,614.183,610.12,613.342,1275721300
2001-03-19,613.542,619.689,612.48,619.65,1501373900
2001-03-20,621.116,624.707,621.116,624.626,1361062100
2001-03-21,625.532,629.8,623.924,629.718,1767651000
2001-03-22,630.9,635.248,629.781,635.243,2084749600
2001-03-23,636.831,638.043,623.521,623.55,2365384700
2001-03-26,622.117,634.265,621.971,634.176,1942235000
2001-03-27,636.185,642.03,635.179,641.941,1677508900
2001-03-28,643.306,644.227,638.274,642.047,1786169900
2001-03-29,641.81,642.801,637.045,638.2,1520530500
2001-03-30,637.873,642.21,634.855,642.118,2141913000
2001-04-02,643.12,646.157,641.659,645.028,2295991000
2001-04-03,645.248,646.091,638.203,642.156,1898831100
2001-04-04,642.009,643.101,629.657,631.904,1696220500
2001-04-05,630.269,640.219,629.222,640.05,2417519600
2001-04-06,641.237,642.848,636.707,638.664,3160589000
2001-04-09,638.365,641.816,635.601,641.704,2350717400
2001-04-10,642.297,645.384,642.297,645.317,2162028200
2001-04-11,646.284,647.263,642.589,645.96,1283275100
2001-04-12,646.655,649.149,643.547,646.522,1426333100
2001-04-13,646.945,648.704,644.573,648.657,1417137200
2001-04-16,649.685,655.334,649.685,655.238,2597224900
2001-04-17,656.629,657.922,652.746,656.508,1964502900
2001-04-18,656.961,657.344,652.874,654.296,1805202600
2001-04-19,654.231,654.58,646.929,653.348,1400101800
2001-04-20,653.938,655.179,647.368,647.583,1531928100
2001-04-23,646.245,648.243,641.202,645.347,1648273700
2001-04-24,645.937,649.407,645.937,649.026,1071464400
2001-04-25,649.44,650.587,634.563,636.049,1289463500
2001-04-26,634.503,638.095,630.937,631.941,866769600
2001-04-27,631.736,636.812,631.736,635.049,903554400
2001-04-30,635.44,637.112,633.93,636.317,740654500
2001-05-08,636.9,641.941,636.9,641.862,633019600
2001-05-09,642.346,643.367,639.893,641.271,769625200
2001-05-10,641.606,644.247,641.606,644.117,691873000
2001-05-11,644.724,646.038,642.705,645.817,914044800
2001-05-14,646.772,650.752,645.464,650.6,1810048200
2001-05-15,652.059,653.546,649.336,653.333,1491806700
2001-05-16,654.199,656.193,651.989,656.11,1144116200
2001-05-17,656.866,657.319,652.246,653.535,1700810600
2001-05-18,653.598,657.01,651.542,656.878,2560269000
2001-05-21,657.843,660.072,656.618,660.004,2795516600
2001-05-22,660.524,661.457,657.921,659.564,1319325400
2001-05-23,660.171,660.95,650.168,655.818,1530692200
2001-05-24,655.799,657.486,654.521,656.141,1165332900
2001-05-25,656.284,657.628,651.35,655.221,1145381800
2001-05-28,655.291,655.59,648.361,650.64,1245474300
2001-05-29,650.321,653.055,648.425,649.908,899329000
2001-05-30,650.277,658.487,650.277,658.48,1417017700
2001-05-31,659.976,661.555,657.541,659.362,1234785100
2001-06-01,660.198,661.248,657.232,659.636,1349764800
2001-06-04,660.082,661.0,658.029,658.643,1951289000
2001-06-05,658.83,660.796,657.778,660.087,1919228800
2001-06-06,660.577,663.877,658.795,663.782,1389933000
2001-06-07,664.433,665.204,658.954,660.283,1180624000
2001-06-08,660.181,660.186,654.361,658.288,1246148800
2001-06-11,658.252,659.27,653.686,656.297,1079400100
2001-06-12,656.462,659.446,655.877,659.304,1025856400
2001-06-13,659.744,664.94,659.483,664.853,1050606900
2001-06-14,665.055,665.567,653.413,653.641,1532253900
2001-06-15,652.023,657.772,649.668,657.464,1051943800
2001-06-18,658.151,658.596,642.236,645.228,1260636400
2001-06-19,644.454,647.341,642.204,646.752,755052500
2001-06-20,646.904,648.879,642.38,643.957,720670500
2001-06-21,644.009,650.825,644.009,650.697,871812200
2001-06-22,651.194,656.43,651.194,656.356,1125507700
2001-06-25,657.708,662.521,657.708,662.47,1253417600
2001-06-26,663.249,664.117,660.261,663.102,1147826500
2001-06-27,663.588,664.042,659.942,662.028,1064535200
2001-06-28,662.168,663.642,657.313,658.34,1004509000
2001-06-29,658.685,660.225,657.281,658.272,1099187500
2001-07-02,658.491,659.652,653.164,654.168,1032079300
2001-07-03,654.087,655.636,650.431,655.511,1818868200
2001-07-04,656.041,657.105,652.98,653.417,1107204700
2001-07-05,653.48,653.81,645.3,646.71,1170083400
2001-07-06,646.28,648.42,642.63,643.03,779551200
2001-07-09,642.97,644.3,641.4,643.41,808018400
2001-07-10,644.01,650.46,644.01,650.35,684094700
2001-07-11,650.75,651.35,643.47,643.67,790158900
2001-07-12,643.05,645.23,640.11,643.6,733503300
2001-07-13,644.13,647.79,642.26,642.69,565099200
2001-07-16,647.03,649.58,637.95,638.7,813239600
2001-07-17,638.55,638.58,629.8,635.83,808957600
2001-07-18,636.46,638.23,635.05,637.37,500723500
2001-07-19,637.73,638.33,632.83,636.78,889572000
2001-07-20,637.26,644.99,636.5,644.9,1031191400
2001-07-23,645.91,646.63,642.9,643.8,847777800
2001-07-24,642.39,642.39,631.52,633.43,851022900
2001-07-25,632.37,635.0,625.25,626.48,723012300
2001-07-26,625.92,627.47,617.63,619.54,787265900
2001-07-27,619.33,621.75,611.31,611.51,822405200
2001-07-30,608.47,608.47,577.71,577.88,1011088400
2001-07-31,571.99,584.11,564.04,566.5,995158000
2001-08-01,568.24,587.45,568.24,587.28,793383600
2001-08-02,587.97,588.15,565.5,578.43,830436800
2001-08-03,578.31,581.1,576.04,579.36,749614900
2001-08-06,578.48,578.48,553.76,557.5,978479100
2001-08-07,555.99,566.83,551.36,564.14,854990000
2001-08-08,564.0,565.78,558.9,562.03,531029200
2001-08-09,562.07,572.89,562.07,572.81,874609000
2001-08-10,573.99,581.61,573.99,580.95,1141705900
2001-08-13,581.74,583.12,577.47,581.38,844299200
2001-08-14,581.66,583.04,571.54,575.42,796729700
2001-08-15,575.23,578.61,574.31,578.37,439885500
2001-08-16,578.64,579.01,570.49,570.53,551506500
2001-08-17,569.67,572.38,567.22,570.62,512802300
2001-08-20,570.81,575.77,569.35,575.33,515068900
2001-08-21,575.81,580.08,575.81,578.48,509955100
2001-08-22,577.95,577.95,565.57,569.93,751227400
2001-08-23,567.69,571.59,561.82,571.36,554093800
2001-08-24,571.61,574.11,565.11,566.13,610928500
2001-08-27,564.48,564.48,546.96,547.26,912584100
2001-08-28,544.49,552.69,537.78,552.45,820883200
2001-08-29,553.02,559.16,551.02,553.88,632164700
2001-08-30,553.23,553.23,548.08,549.69,435423800
2001-08-31,549.37,551.99,547.57,548.48,620592800
2001-09-03,548.285,548.285,542.365,543.389,438408700
2001-09-04,542.998,557.737,542.89,557.569,745593900
2001-09-05,558.895,564.591,557.537,558.617,866760200
2001-09-06,558.534,561.09,554.267,556.456,1243276000
2001-09-07,555.309,555.309,538.903,538.969,1479751200
2001-09-10,533.287,552.355,528.171,552.277,1166198600
2001-09-11,552.564,556.513,550.154,552.981,1317205500
2001-09-12,538.355,548.128,535.518,545.763,1457566200
2001-09-13,545.549,548.856,542.609,542.91,812328700
2001-09-14,542.413,544.676,534.524,534.794,805878700
2001-09-17,532.71,532.743,521.128,521.562,830461100
2001-09-18,521.018,530.765,520.057,525.948,556962400
2001-09-19,526.0,533.021,521.474,532.93,562153300
2001-09-20,533.248,536.486,530.048,531.041,535251700
2001-09-21,529.993,530.879,525.55,526.288,461434800
2001-09-24,525.452,527.139,521.961,522.472,535041000
2001-09-25,523.093,527.586,520.633,521.419,477647900
2001-09-26,521.224,521.245,513.733,514.433,623303300
2001-09-27,513.633,517.359,508.642,512.946,564132900
2001-09-28,512.989,515.359,509.732,512.968,498225500
2001-10-08,513.26,514.932,500.177,500.995,386931200
2001-10-09,500.274,508.79,499.835,506.735,553810800
2001-10-10,506.724,506.904,487.738,488.704,643797100
2001-10-11,487.623,491.117,473.852,475.345,711389300
2001-10-12,474.702,491.648,463.646,488.66,1065982900
2001-10-15,488.53,491.568,482.926,487.903,514423100
2001-10-16,488.187,488.872,477.824,479.421,476121000
2001-10-17,478.956,480.964,473.788,475.915,488008800
2001-10-18,475.64,477.819,465.491,467.264,517040500
2001-10-19,466.034,466.034,445.93,452.794,871669800
2001-10-22,450.086,450.994,437.999,439.363,710024300
2001-10-23,472.34,481.966,469.78,481.912,2904937400
2001-10-24,500.987,506.083,488.286,498.661,2570127600
2001-10-25,496.662,496.662,484.653,485.03,938262800
2001-10-26,482.641,486.299,477.201,484.225,629862100
2001-10-29,484.44,490.798,484.44,490.673,673359700
2001-10-30,491.083,491.69,484.852,485.637,740313000
2001-10-31,484.72,487.063,477.623,486.86,683967700
2001-11-01,487.296,494.323,486.117,492.049,597093800
2001-11-02,491.622,493.494,487.54,488.606,532150600
2001-11-05,488.109,488.109,482.175,484.173,641620600
2001-11-06,483.731,485.618,481.736,482.129,396120000
2001-11-07,481.466,481.466,456.79,457.669,759289500
2001-11-08,451.632,462.358,446.87,461.96,600025400
2001-11-09,461.835,470.878,455.618,469.287,625782200
2001-11-12,470.16,471.245,466.619,466.634,192570324
2001-11-13,464.445,466.47,460.845,464.445,214657912
2001-11-14,464.711,467.632,464.231,464.909,161974187
2001-11-15,464.989,466.645,463.538,465.611,145404479
2001-11-16,495.113,498.089,472.321,472.897,601141248
2001-11-19,472.888,478.96,472.646,478.845,268789465
2001-11-20,479.292,488.633,479.292,488.242,509425594
2001-11-21,488.663,491.196,485.583,491.145,473582586
2001-11-22,491.143,495.084,490.241,495.048,490041989
2001-11-23,494.883,496.275,491.57,494.146,456865662
2001-11-26,493.402,493.402,489.596,491.705,336582380
2001-11-27,491.511,497.095,491.511,497.036,324973838
2001-11-28,497.993,504.021,497.993,502.188,529351563
2001-11-29,502.398,504.401,501.016,502.138,476800080
2001-11-30,502.128,507.094,502.068,507.013,473646693
2001-12-03,508.101,513.696,508.101,512.368,623951087
2001-12-04,512.781,515.354,510.065,515.277,547619426
2001-12-05,513.623,516.667,505.878,505.878,690377820
2001-12-06,504.231,509.25,503.505,509.137,462229124
2001-12-07,509.236,510.765,507.624,509.307,525604141
2001-12-10,508.905,509.138,504.64,509.023,377338371
2001-12-11,508.632,508.642,502.517,503.078,428112997
2001-12-12,502.106,503.034,497.741,498.329,392587395
2001-12-13,497.548,499.65,489.768,489.847,405302954
2001-12-14,488.686,491.293,484.87,486.04,370721753
2001-12-17,485.435,487.218,481.992,483.218,278077982
2001-12-18,483.188,490.35,481.507,490.26,285547185
2001-12-19,490.737,491.702,485.189,485.416,310332127
2001-12-20,484.711,484.711,472.642,473.652,348482788
2001-12-21,472.575,476.581,471.836,476.375,260645211
2001-12-24,476.571,476.706,465.78,467.499,264960165
2001-12-25,466.826,469.203,463.243,468.612,240008696
2001-12-26,468.59,474.646,467.038,474.514,256095969
2001-12-27,474.878,476.555,471.528,472.158,293738288
2001-12-28,471.984,474.778,470.321,474.664,325186789
2001-12-31,474.841,477.037,473.314,475.943,317750456
2002-01-04,475.138,475.138,466.031,467.027,207096051
2002-01-07,465.766,465.766,458.982,461.58,205751849
2002-01-08,461.273,464.041,456.768,457.076,189912046
2002-01-09,456.097,456.097,445.418,447.616,273151623
2002-01-10,446.396,452.736,435.857,451.376,336104353
2002-01-11,451.003,451.003,438.507,438.606,260179092
2002-01-14,434.354,434.354,421.619,421.683,348518117
2002-01-15,419.014,423.52,413.185,413.632,304537544
2002-01-16,412.996,419.706,408.366,418.464,312911644
2002-01-17,417.783,417.783,395.721,397.385,320410256
2002-01-18,393.585,400.49,382.885,393.882,447222437
2002-01-21,390.974,390.974,374.268,375.298,388126214
2002-01-22,372.686,384.382,368.329,371.791,448160754
2002-01-23,370.307,398.144,366.841,397.95,678198162
2002-01-24,395.169,408.588,385.354,402.197,915283928
2002-01-25,400.857,406.803,398.901,403.74,548654363
2002-01-28,402.202,402.524,376.67,377.135,662918287
2002-01-29,372.48,388.406,370.643,388.123,480036785
2002-01-30,388.298,393.533,386.055,391.773,437080253
2002-01-31,396.129,422.153,396.129,419.937,1145692107
2002-02-01,420.771,424.57,416.582,418.648,861435192
2002-02-04,418.293,428.262,415.56,427.809,633710021
2002-02-05,428.088,432.164,425.502,430.283,692192317
2002-02-06,430.099,430.653,418.069,418.222,569922830
2002-02-07,417.364,430.866,417.305,428.513,597717611
2002-02-08,430.195,432.442,427.195,427.306,510077255
2002-02-25,438.09,439.242,433.3,435.614,531016819
2002-02-26,435.735,436.905,429.935,436.823,524849322
2002-02-27,436.926,439.973,435.142,438.084,497111649
2002-02-28,437.901,440.388,433.449,434.266,473454742
2002-03-01,433.438,433.438,426.878,426.878,467615052
2002-03-04,425.389,434.531,423.876,434.477,474532505
2002-03-05,435.096,447.622,435.096,445.874,869496185
2002-03-06,447.404,460.103,447.277,451.627,1443856563
2002-03-07,452.044,466.471,451.989,466.354,1389922090
2002-03-08,469.444,476.269,465.569,476.214,1954560878
2002-03-11,477.752,487.028,473.852,486.958,1598566289
2002-03-12,487.39,488.948,478.234,478.29,1540879934
2002-03-13,475.934,480.889,468.669,469.356,1237819539
2002-03-14,468.66,484.326,468.562,484.261,1077477238
2002-03-15,485.803,486.844,470.937,470.937,1189879344
2002-03-18,475.098,481.282,467.683,472.272,850570360
2002-03-19,472.44,482.313,470.587,482.272,875168072
2002-03-20,483.552,487.563,481.294,486.667,1135515352
2002-03-21,487.702,489.667,483.926,488.047,998375748
2002-03-22,488.069,488.069,480.032,482.958,786171092
2002-03-25,482.42,485.312,480.751,484.937,611179806
2002-03-26,484.751,484.857,474.352,476.965,679483162
2002-03-27,476.049,480.083,473.167,480.028,618419635
2002-03-28,479.955,484.411,477.511,480.644,650719408
2002-03-29,479.875,479.875,464.524,466.544,771275248
2002-04-01,464.666,469.702,461.699,469.371,566408225
2002-04-02,469.551,470.121,459.316,462.207,645965316
2002-04-03,461.975,466.894,461.551,464.236,584739797
2002-04-04,464.098,476.677,460.868,476.605,706837250
2002-04-05,478.44,480.479,473.553,475.715,740827344
2002-04-08,475.331,477.285,473.563,476.772,473333594
2002-04-09,476.87,486.005,476.749,485.14,868374512
2002-04-10,486.078,487.347,483.719,487.257,807861845
2002-04-11,487.748,487.948,478.873,479.183,703085134
2002-04-12,478.525,483.76,478.525,482.106,603530586
2002-04-15,482.106,483.041,475.98,479.629,574590454
2002-04-16,479.38,482.118,476.419,478.386,512443924
2002-04-17,478.686,480.086,474.386,478.19,455197946
2002-04-18,478.158,478.189,471.873,472.184,502159067
2002-04-19,471.185,473.475,462.64,473.353,627661032
2002-04-22,472.339,474.412,468.956,471.584,460018684
2002-04-23,471.009,473.524,469.578,470.013,423358763
2002-04-24,469.614,470.192,465.356,465.839,404912784
2002-04-25,465.284,467.979,463.427,467.338,403804583
2002-04-26,467.197,475.814,467.197,475.535,556521465
2002-04-29,475.876,484.333,475.876,484.278,734002989
2002-04-30,485.533,487.188,483.057,485.282,730588539
2002-05-08,485.671,485.98,481.333,481.61,420313395
2002-05-09,480.95,485.509,480.408,483.709,514859144
2002-05-10,484.092,484.329,479.297,479.813,570398568
2002-05-13,478.439,478.439,473.623,475.109,441698416
2002-05-14,474.556,477.262,472.598,473.415,412538245
2002-05-15,472.969,474.201,468.454,469.089,418495968
2002-05-16,467.56,467.56,452.275,453.226,563730276
2002-05-17,451.671,458.867,449.057,458.747,511913577
2002-05-20,458.158,458.158,447.897,453.376,412070145
2002-05-21,461.405,472.461,459.914,469.055,866112895
2002-05-22,469.564,469.818,462.503,462.773,560877397
2002-05-23,463.769,468.692,463.769,464.904,453416982
2002-05-24,464.856,465.423,456.689,458.278,489940797
2002-05-27,459.513,461.86,455.553,459.447,333918936
2002-05-28,459.652,463.566,459.547,460.159,382507648
2002-05-29,459.926,459.926,448.406,450.049,426635343
2002-05-30,449.796,451.446,443.224,449.871,384622178
2002-05-31,449.785,451.597,446.433,447.564,324492546
2002-06-03,446.203,446.203,435.995,437.072,372276971
2002-06-04,437.014,441.244,434.153,440.149,368762540
2002-06-05,439.627,439.627,428.92,429.469,370285597
2002-06-06,428.431,451.599,427.035,448.536,656899298
2002-06-07,448.821,455.961,444.698,452.865,816465113
2002-06-10,452.524,452.524,447.359,449.552,450137677
2002-06-11,448.993,454.715,448.835,453.453,427581954
2002-06-12,453.392,453.604,447.288,451.153,348720034
2002-06-13,450.933,453.662,446.671,446.938,397800047
2002-06-14,445.803,446.711,441.138,441.412,343881974
2002-06-17,439.87,442.719,437.749,442.602,265288564
2002-06-18,442.812,453.99,442.812,453.019,503050823
2002-06-19,453.252,453.252,447.587,448.125,325010006
2002-06-20,448.003,454.127,448.003,452.16,424560825
2002-06-21,452.332,470.788,452.332,469.838,1391505126
2002-06-24,511.352,512.83,495.22,512.375,3321915163
2002-06-25,517.688,523.383,504.971,507.559,2988688936
2002-06-26,505.149,511.604,500.308,510.328,1779403842
2002-06-27,510.383,513.737,506.299,509.76,1239491511
2002-06-28,509.729,511.399,501.586,506.996,1296937678
2002-07-01,507.14,507.614,501.814,502.113,781363916
2002-07-02,500.95,507.665,499.331,507.536,773619424
2002-07-03,508.075,509.431,505.611,509.169,814155476
2002-07-04,509.379,510.366,503.271,503.89,914541944
2002-07-05,503.89,506.064,499.606,505.97,454029630
2002-07-08,506.112,510.237,505.738,510.141,723577985
2002-07-09,510.671,511.962,507.751,508.342,666703339
2002-07-10,507.933,508.19,499.343,499.584,693247848
2002-07-11,498.67,503.757,497.307,500.311,565520048
2002-07-12,500.051,502.799,499.353,500.538,462234594
2002-07-15,500.182,500.182,495.744,496.426,476547539
2002-07-16,496.226,500.728,496.077,497.253,383016892
2002-07-17,497.392,501.094,494.374,500.931,422384861
2002-07-18,501.159,503.616,499.095,501.869,553165091
2002-07-19,502.215,503.849,500.859,503.713,476775183
2002-07-22,503.497,503.497,495.333,495.904,531054748
2002-07-23,494.837,496.861,492.812,493.675,451820888
2002-07-24,493.631,495.126,490.697,491.905,362088006
2002-07-25,492.535,495.143,488.099,489.357,368528793
2002-07-26,489.162,490.954,487.227,487.423,332877689
2002-07-29,487.054,490.287,484.695,490.189,305216022
2002-07-30,490.39,492.322,487.891,491.216,312392975
2002-07-31,491.271,492.047,485.871,486.658,348304857
2002-08-01,485.942,489.012,482.872,487.23,306654662
2002-08-02,487.247,489.011,486.455,488.905,268301623
2002-08-05,488.837,488.859,486.183,487.16,244546802
2002-08-06,486.8,494.373,485.998,492.233,438810558
2002-08-07,492.344,492.388,490.015,490.817,265842414
2002-08-08,490.793,492.531,487.269,488.096,260787150
2002-08-09,487.873,487.873,483.619,484.856,314777286
2002-08-12,483.957,483.957,481.395,481.748,282580478
2002-08-13,481.442,484.209,481.442,482.333,227325445
2002-08-14,482.374,486.186,481.935,486.137,219559489
2002-08-15,486.18,486.212,482.138,482.79,215639163
2002-08-16,482.511,487.71,479.384,485.899,326664775
2002-08-19,485.688,486.078,483.868,484.631,235069475
2002-08-20,484.418,491.826,484.418,491.459,477211318
2002-08-21,491.752,492.629,490.337,492.229,410841405
2002-08-22,492.326,499.175,492.326,496.941,625087388
2002-08-23,497.086,497.263,494.693,495.662,386191139
2002-08-26,495.672,495.672,491.531,492.08,386785001
2002-08-27,491.905,495.746,491.905,495.655,490614881
2002-08-28,495.839,496.282,493.771,494.304,390523733
2002-08-29,494.067,495.127,489.794,490.591,390404363
2002-08-30,490.552,491.392,490.251,491.014,276542094
2002-09-02,491.006,492.472,490.43,492.131,264040182
2002-09-03,492.276,494.996,492.276,493.651,296955724
2002-09-04,493.587,494.045,490.358,491.026,326183004
2002-09-05,490.695,490.695,484.104,484.906,432935363
2002-09-06,484.31,485.857,482.024,482.533,344008187
2002-09-09,481.737,481.737,477.422,478.489,313352128
2002-09-10,478.128,480.197,477.4,479.256,232216633
2002-09-11,479.261,479.475,473.009,477.399,274541528
2002-09-12,477.298,480.653,475.709,479.002,239692791
2002-09-13,478.942,478.994,477.346,477.835,188738891
2002-09-16,477.569,477.569,469.987,470.759,270663130
2002-09-17,470.587,473.093,465.951,469.974,306638438
2002-09-18,469.57,469.57,466.125,466.687,208033608
2002-09-19,466.264,477.066,464.765,476.002,393588471
2002-09-20,475.75,475.75,470.18,470.83,283387271
2002-09-23,470.35,471.553,469.131,470.856,190991148
2002-09-24,470.807,470.935,467.992,468.547,221903259
2002-09-25,468.191,470.717,466.659,468.305,300196294
2002-09-26,468.377,468.822,463.861,464.456,276351369
2002-09-27,464.436,465.567,461.226,462.65,276577988
2002-10-08,461.481,461.481,456.297,457.804,184179175
2002-10-09,457.581,457.628,448.303,448.846,254380958
2002-10-10,448.219,450.894,446.275,446.862,198527461
2002-10-11,446.927,449.128,445.749,446.272,194156760
2002-10-14,446.03,449.043,441.848,448.532,257717965
2002-10-15,448.164,449.734,446.668,447.314,228014973
2002-10-16,447.427,454.26,447.427,451.454,292371858
2002-10-17,451.487,451.657,443.132,443.566,253932061
2002-10-18,443.045,446.243,439.883,444.742,262334965
2002-10-21,444.28,445.99,442.131,445.952,214875875
2002-10-22,446.03,453.91,446.03,452.63,383839403
2002-10-23,452.394,453.312,450.357,453.209,308518061
2002-10-24,453.219,453.4,449.201,449.351,318518134
2002-10-25,449.226,450.567,443.291,444.11,270513234
2002-10-28,443.508,443.508,436.439,437.328,277456915
2002-10-29,436.923,440.15,432.925,440.015,291363368
2002-10-30,440.081,441.315,436.204,439.814,284437826
2002-10-31,439.793,443.34,438.677,439.649,258069696
2002-11-01,439.243,440.42,436.428,440.353,233659589
2002-11-04,441.628,447.118,441.628,447.058,344308367
2002-11-05,447.654,455.349,446.977,454.31,674622139
2002-11-06,454.392,454.392,451.355,451.906,378534122
2002-11-07,451.775,452.791,449.869,451.379,351087958
2002-11-08,454.749,456.529,439.018,439.397,455883111
2002-11-11,438.982,441.25,433.844,434.565,265298522
2002-11-12,434.438,436.718,423.283,424.556,418103626
2002-11-13,424.001,426.656,417.406,426.54,372206573
2002-11-14,426.17,426.17,417.298,417.43,352630172
2002-11-15,416.498,423.814,415.355,419.352,375986213
2002-11-18,419.528,420.441,413.674,414.497,270844091
2002-11-19,414.191,419.026,411.113,418.252,292522392
2002-11-20,417.574,417.574,406.638,407.171,313954146
2002-11-21,405.765,405.765,393.678,393.996,420071194
2002-11-22,394.051,399.624,387.493,394.597,426314234
2002-11-25,393.768,397.827,390.604,396.439,272622126
2002-11-26,396.247,399.203,387.561,387.587,304686801
2002-11-27,385.954,392.444,382.888,391.255,378739492
2002-11-28,391.107,402.561,389.5,402.489,474730026
2002-11-29,403.387,413.206,400.659,408.577,837530128
2002-12-02,408.115,408.115,396.435,396.713,380175343
2002-12-03,395.77,401.113,394.787,401.03,291404857
2002-12-04,401.53,406.828,399.834,402.626,368629699
2002-12-05,402.036,402.036,396.986,400.198,288054774
2002-12-06,400.105,403.204,398.399,400.151,277083733
2002-12-09,399.589,401.473,397.262,398.782,218530125
2002-12-10,398.773,400.386,393.318,393.4,284602726
2002-12-11,392.568,392.932,387.859,391.495,267208976
2002-12-12,391.516,398.014,391.516,394.318,299971991
2002-12-13,392.352,400.412,389.522,399.172,385212572
2002-12-16,399.378,403.347,398.226,403.039,433046685
2002-12-17,403.052,407.026,402.012,406.704,516098382
2002-12-18,406.711,409.663,403.921,404.313,569134525
2002-12-19,403.698,405.859,402.093,405.73,386865559
2002-12-20,405.845,411.198,405.076,410.274,544843172
2002-12-23,410.738,413.937,410.1,410.502,576984233
2002-12-24,410.451,411.208,407.561,411.086,375284963
2002-12-25,411.166,411.863,407.988,408.171,456165764
2002-12-26,407.552,407.552,395.274,395.519,560559914
2002-12-27,394.202,398.103,390.413,395.681,509054913
2002-12-30,395.092,395.092,389.459,391.695,403569563
2002-12-31,391.197,393.214,386.521,388.755,398742585
2003-01-02,386.605,387.975,379.486,380.436,338797595
2003-01-03,379.785,382.095,378.895,381.412,287943229
2003-01-06,381.193,387.22,379.665,387.16,317403603
2003-01-07,387.34,390.254,383.858,386.141,344432364
2003-01-08,385.89,395.97,385.686,395.906,463954955
2003-01-09,396.611,404.0,394.205,402.92,872629707
2003-01-10,402.731,406.354,398.828,398.893,781270575
2003-01-13,398.085,401.344,397.523,400.829,450131659
2003-01-14,400.815,422.742,400.815,419.459,1513569119
2003-01-15,420.499,423.129,414.109,416.342,1276220986
2003-01-16,416.292,423.614,415.734,423.496,900403120
2003-01-17,423.932,425.017,420.392,421.906,869622177
2003-01-20,421.459,424.429,416.961,424.358,674802161
2003-01-21,424.77,425.602,416.216,416.273,727265370
2003-01-22,415.323,419.674,414.394,418.765,649718447
2003-01-23,418.53,420.689,414.232,414.865,654406894
2003-01-24,414.413,420.681,413.052,420.427,641168726
2003-01-27,420.788,426.783,420.788,425.932,750738546
2003-01-28,426.007,427.213,423.745,426.993,536011487
2003-01-29,427.007,428.559,426.335,426.632,601077415
2003-02-10,426.517,426.517,421.897,422.524,386482029
2003-02-11,422.051,427.119,421.896,427.066,375012216
2003-02-12,426.92,432.302,425.541,432.219,607736950
2003-02-13,432.706,434.483,429.983,430.41,723807829
2003-02-14,430.193,432.386,429.622,431.848,518804785
2003-02-17,432.025,433.221,426.626,428.498,540787097
2003-02-18,428.171,429.186,426.246,428.634,437781052
2003-02-19,428.551,432.393,426.674,432.319,425264317
2003-02-20,432.444,433.854,431.227,431.892,459189691
2003-02-21,431.73,431.73,422.367,423.07,604823964
2003-02-24,422.311,425.264,421.71,423.635,381175688
2003-02-25,423.585,432.116,423.585,432.05,592855208
2003-02-26,432.334,432.788,430.215,432.032,417662151
2003-02-27,432.107,434.409,430.384,431.637,431148782
2003-02-28,431.551,431.773,428.495,431.293,375680797
2003-03-03,431.183,433.64,429.758,433.607,459828698
2003-03-04,433.853,434.628,431.698,433.42,415797950
2003-03-05,433.385,433.509,429.267,431.672,463028724
2003-03-06,431.519,431.519,424.947,426.035,497353669
2003-03-07,425.671,427.259,424.05,424.958,439822434
2003-03-10,424.577,424.896,416.583,416.809,471918500
2003-03-11,416.314,418.137,415.041,416.867,327876760
2003-03-12,416.785,418.91,413.896,418.855,353464124
2003-03-13,418.74,419.214,416.172,416.385,341046358
2003-03-14,416.043,418.122,414.982,417.265,382232454
2003-03-17,417.019,417.019,412.481,416.916,458694247
2003-03-18,416.706,418.974,413.275,413.42,447713279
2003-03-19,412.982,415.843,410.42,414.579,391670780
2003-03-20,414.507,415.685,411.158,412.297,397180710
2003-03-21,411.87,416.542,411.83,416.474,353503998
2003-03-24,416.498,417.054,414.893,416.992,280125442
2003-03-25,416.844,416.881,412.325,412.725,305976260
2003-03-26,412.338,413.411,409.283,410.332,323413717
2003-03-27,410.155,421.102,407.762,420.045,614672150
2003-03-28,420.309,422.041,418.048,419.147,663986150
2003-03-31,419.028,423.815,418.592,423.815,641368957
2003-04-01,424.031,427.209,423.078,426.819,739695680
2003-04-02,426.797,427.201,425.015,426.417,563399292
2003-04-03,426.264,426.644,423.817,424.598,528185398
2003-04-04,424.381,426.485,423.61,426.305,647242847
2003-04-07,426.323,427.384,422.244,423.028,684105719
2003-04-08,422.771,423.616,420.796,421.489,790778322
2003-04-09,421.288,425.989,418.024,425.827,1066248996
2003-04-10,425.963,429.589,424.286,428.942,1427135525
2003-04-11,428.714,435.67,427.909,434.749,1478099508
2003-04-14,435.342,444.835,435.342,444.811,1960227938
2003-04-15,445.767,449.529,442.924,449.423,1599314590
2003-04-16,450.497,453.45,441.41,443.653,2101071874
2003-04-17,443.405,446.504,440.164,445.781,1361834256
2003-04-18,446.48,447.673,441.959,444.382,1224645526
2003-04-21,443.996,443.996,433.023,437.3,1096420972
2003-04-22,437.034,438.755,435.108,437.907,715901518
2003-04-23,437.978,438.532,431.555,432.412,1026197271
2003-04-24,431.404,431.404,417.791,420.676,1157182761
2003-04-25,419.721,422.404,413.335,415.093,797966976
2003-04-28,413.461,425.608,409.52,425.452,1127878347
2003-04-29,425.606,425.606,417.721,418.576,1066591351
2003-04-30,418.147,422.982,416.429,418.668,956593832
2003-05-12,418.935,419.675,416.246,418.65,791690653
2003-05-13,419.182,419.441,405.008,406.508,1185652662
2003-05-14,404.975,416.031,403.589,415.956,1107236135
2003-05-15,416.405,427.041,413.971,426.953,1338411626
2003-05-16,427.277,428.638,424.322,427.309,1031095285
2003-05-19,427.684,432.085,426.446,429.943,905010117
2003-05-20,429.514,429.514,423.723,426.283,778729554
2003-05-21,425.981,429.152,424.626,425.859,657076589
2003-05-22,425.411,428.955,422.804,428.819,693988146
2003-05-23,429.224,435.623,429.224,433.43,1187766392
2003-05-26,434.167,436.875,433.727,436.311,972923234
2003-05-27,436.389,437.545,433.128,437.477,921920219
2003-05-28,437.695,439.829,433.038,434.068,998732577
2003-05-29,433.418,439.061,431.622,438.952,1052495385
2003-05-30,439.483,442.51,438.567,441.192,1058445824
2003-06-02,441.607,442.114,438.328,441.998,821481025
2003-06-03,441.965,443.003,436.733,437.079,782371049
2003-06-04,436.65,437.685,431.33,437.604,938802059
2003-06-05,437.513,437.661,432.003,432.561,679994517
2003-06-06,431.797,431.797,426.101,426.208,622025047
2003-06-09,424.762,426.332,421.655,422.103,514745716
2003-06-10,421.823,425.68,421.823,424.97,418718044
2003-06-11,425.379,431.895,425.379,431.808,662851682
2003-06-12,432.042,432.431,428.811,430.736,550778717
2003-06-13,430.785,433.144,429.849,432.004,621261781
2003-06-16,431.941,432.211,429.066,430.668,500407797
2003-06-17,430.605,431.266,428.082,429.156,465318103
2003-06-18,429.121,431.254,428.699,429.114,468068321
2003-06-19,429.001,429.455,421.666,424.075,574957238
2003-06-20,423.779,425.557,421.491,422.003,445734233
2003-06-23,421.402,421.402,416.185,416.552,470634491
2003-06-24,416.243,418.446,415.065,417.757,359962957
2003-06-25,417.809,418.263,413.678,414.271,408766309
2003-06-26,413.513,417.573,408.569,416.644,536077644
2003-06-27,416.427,416.565,410.093,410.501,459148976
2003-06-30,409.367,410.642,406.179,407.357,357109605
2003-07-01,406.574,410.668,405.271,405.575,436960505
2003-07-02,405.544,408.49,402.342,408.461,442100295
2003-07-03,408.739,410.934,408.068,410.257,387251905
2003-07-04,410.243,411.725,408.246,409.967,379743510
2003-07-07,410.123,410.777,407.345,410.217,400518162
2003-07-08,410.351,413.637,410.346,413.56,444907645
2003-07-09,413.602,413.767,409.847,411.104,355700756
2003-07-10,411.042,418.09,410.95,418.05,656705307
2003-07-11,418.157,418.648,415.62,416.922,455687067
2003-07-14,417.018,417.124,414.708,415.576,440952091
2003-07-15,415.486,417.603,414.163,416.579,516105590
2003-07-16,416.731,417.724,415.273,417.658,450504150
2003-07-17,417.676,419.409,417.453,419.028,738931837
2003-07-18,418.989,419.036,409.176,409.54,683331626
2003-07-21,407.571,408.136,401.759,404.929,596386522
2003-07-22,405.843,409.27,402.848,407.054,462781134
2003-07-23,407.245,409.526,405.299,408.604,374171012
2003-07-24,408.43,408.507,404.592,405.344,332934719
2003-07-25,405.023,407.406,399.068,400.835,473648755
2003-07-28,400.005,400.005,397.335,398.714,325802051
2003-07-29,398.823,401.534,398.716,400.969,300268737
2003-07-30,401.166,402.416,398.787,400.96,289342177
2003-07-31,401.043,402.343,399.788,401.196,312182854
2003-08-01,401.213,402.236,398.494,402.1,397219648
2003-08-04,402.03,407.219,400.883,407.19,521055891
2003-08-05,407.475,408.185,405.92,407.5,458590236
2003-08-06,407.463,408.215,405.466,406.989,434405508
2003-08-07,406.852,408.899,406.334,406.918,364877072
2003-08-08,406.808,406.808,401.163,401.745,432986203
2003-08-11,401.072,403.442,399.28,403.265,295169467
2003-08-12,403.256,406.215,402.879,405.463,319569589
2003-08-13,405.479,405.506,400.174,400.622,318467468
2003-08-14,400.253,403.346,397.683,398.734,384772651
2003-08-15,398.24,399.475,396.792,398.448,328498457
2003-08-18,398.123,398.773,396.677,397.235,240367479
2003-08-19,397.246,399.33,397.246,398.122,296604518
2003-08-20,398.064,398.183,393.146,395.868,312359934
2003-08-21,395.816,396.402,394.207,395.615,257024822
2003-08-22,395.218,397.329,395.057,395.652,337572319
2003-08-25,394.712,394.712,390.08,391.074,325932594
2003-08-26,390.797,392.819,389.997,392.294,300906204
2003-08-27,392.34,394.028,391.255,392.384,287760598
2003-08-28,392.285,393.179,389.409,389.598,300916891
2003-08-29,389.275,391.758,387.153,391.715,325878337
2003-09-01,392.021,398.915,391.055,398.885,419489015
2003-09-02,399.044,400.609,396.468,398.047,465460580
2003-09-03,397.999,399.549,396.101,398.983,392275962
2003-09-04,398.974,400.102,397.389,398.18,402361865
2003-09-05,397.895,397.895,391.511,393.524,402745434
2003-09-08,393.088,393.088,390.328,391.748,350523623
2003-09-09,391.764,392.65,389.184,390.483,315166455
2003-09-10,390.385,391.91,389.238,391.074,258869171
2003-09-11,391.263,392.743,390.676,391.32,244370310
2003-09-12,391.381,391.381,386.626,387.035,279987067
2003-09-15,386.602,388.578,382.337,382.929,275772228
2003-09-16,382.915,386.721,381.702,386.682,327587511
2003-09-17,386.745,386.745,381.426,382.393,340233442
2003-09-18,381.939,383.404,380.428,382.079,308598578
2003-09-19,382.14,383.598,380.155,382.568,291095316
2003-09-22,382.743,383.36,380.181,381.071,246940362
2003-09-23,380.737,383.112,378.499,382.997,269327171
2003-09-24,383.313,384.511,382.28,384.425,279379208
2003-09-25,384.577,384.657,378.867,379.461,292224931
2003-09-26,379.244,380.141,376.85,377.381,289652479
2003-09-29,376.968,376.968,371.078,371.579,297081911
2003-09-30,371.307,375.617,368.991,374.817,339780912
2003-10-08,374.549,377.285,373.363,376.976,324657253
2003-10-09,377.006,379.156,376.186,376.527,282353496
2003-10-10,376.507,386.447,375.947,386.182,636400199
2003-10-13,386.877,388.249,384.558,385.177,523696970
2003-10-14,385.207,385.637,381.19,382.615,418699646
2003-10-15,382.468,387.718,380.963,381.672,484146946
2003-10-16,381.519,381.792,375.514,376.196,384091703
2003-10-17,375.841,378.273,375.152,376.855,298490397
2003-10-20,376.644,376.827,373.101,374.334,310646759
2003-10-21,374.317,375.491,371.996,375.418,372189620
2003-10-22,375.616,384.103,375.33,383.769,698748652
2003-10-23,383.806,385.709,380.148,380.643,498406332
2003-10-24,380.505,381.258,377.295,378.268,449944263
2003-10-27,378.088,378.248,371.112,373.405,457244902
2003-10-28,372.468,375.682,368.742,371.997,521028495
2003-10-29,372.15,373.063,362.679,367.277,684682891
2003-10-30,366.943,366.943,361.022,362.564,431370270
2003-10-31,362.118,368.663,361.248,364.803,491411347
2003-11-03,364.513,369.66,362.611,369.205,598139518
2003-11-04,369.486,380.35,369.486,375.206,1173184827
2003-11-05,375.064,376.412,370.09,371.831,743802501
2003-11-06,371.75,371.905,362.587,364.282,924589700
2003-11-07,363.264,363.264,354.703,358.842,753588592
2003-11-10,357.779,358.677,353.865,358.61,480272818
2003-11-11,358.37,360.492,356.244,359.841,470425467
2003-11-12,359.292,359.292,353.14,353.456,420427136
2003-11-13,352.418,355.386,350.963,354.559,460943881
2003-11-14,354.325,357.295,352.709,356.939,408340537
2003-11-17,356.853,357.277,354.422,355.468,336438319
2003-11-18,355.283,355.283,350.151,350.738,418517576
2003-11-19,350.272,357.027,349.861,356.153,508042932
2003-11-20,356.112,367.401,355.966,367.322,1011589594
2003-11-21,367.95,370.146,361.393,362.449,1008494290
2003-11-24,362.366,372.326,362.213,372.293,923527931
2003-11-25,373.349,379.037,371.614,374.912,1340490247
2003-11-26,374.663,376.688,372.589,376.622,1000703181
2003-11-27,376.773,377.377,368.701,369.141,831170493
2003-11-28,369.015,372.124,367.774,371.249,598332881
2003-12-01,371.745,379.053,371.745,378.979,856890261
2003-12-02,379.773,380.964,377.444,379.136,906285177
2003-12-03,378.87,382.447,376.272,380.798,987274239
2003-12-04,380.89,382.034,379.225,381.99,890912501
2003-12-05,382.409,382.94,379.665,382.107,786663809
2003-12-08,382.544,383.725,378.015,378.476,653716885
2003-12-09,378.247,379.959,376.324,379.863,529511756
2003-12-10,380.119,383.421,379.516,383.314,755450274
2003-12-11,383.946,384.345,381.949,383.831,796202833
2003-12-12,383.539,383.552,381.087,382.802,641995706
2003-12-15,382.892,383.845,382.254,383.329,584912487
2003-12-16,382.887,382.887,376.457,380.771,715747938
2003-12-17,380.231,383.033,378.145,378.318,799336419
2003-12-18,377.702,378.832,374.642,377.32,753455223
2003-12-19,377.173,378.367,367.281,370.381,1230284477
2003-12-22,369.588,378.883,367.095,378.677,1356632105
2003-12-23,379.256,381.644,377.386,381.33,1056027287
2003-12-24,381.271,384.389,381.115,384.292,1039925981
2003-12-25,384.762,385.973,381.96,383.772,976232592
2003-12-26,383.949,384.238,381.611,384.154,704325590
2003-12-29,382.893,383.395,379.887,380.754,702237219
2003-12-30,380.472,382.216,380.159,381.953,723863297
2003-12-31,382.077,382.582,377.768,378.628,709506432
2004-01-02,377.925,381.557,377.81,380.406,616542961
2004-01-05,380.159,386.438,380.065,386.31,1182161501
2004-01-06,386.663,387.476,383.443,386.914,1282837800
2004-01-07,386.821,391.591,385.864,391.15,1333477465
2004-01-08,391.546,396.808,390.051,396.315,1274867619
2004-01-09,396.766,399.47,392.537,392.808,1422562202
2004-01-12,392.481,398.116,391.225,398.051,956337165
2004-01-13,398.561,400.747,396.82,400.227,1160209375
2004-01-14,400.325,400.512,395.959,398.406,956552962
2004-01-15,398.758,400.049,396.686,397.259,982344424
2004-01-16,397.327,401.276,396.055,400.554,1071922189
2004-01-29,401.693,410.983,401.564,410.88,1080057796
2004-01-30,411.886,411.976,404.421,404.629,1869935822
2004-02-02,411.827,416.305,404.415,413.35,1828962944
2004-02-03,413.627,418.567,411.5,418.503,1579885568
2004-02-04,419.561,427.314,419.561,427.28,1999005744
2004-02-05,427.845,431.686,426.019,431.607,2026919859
2004-02-06,431.472,433.467,426.518,426.721,2137587059
2004-02-09,426.733,435.78,426.733,435.745,1691310641
2004-02-10,436.83,440.832,434.698,437.518,2080133666
2004-02-11,437.917,438.144,432.658,437.795,1726027868
2004-02-12,438.265,441.139,436.196,437.378,1759270820
2004-02-13,437.401,438.392,432.483,432.927,1557352957
2004-02-16,433.068,442.554,433.068,442.479,1352556254
2004-02-17,443.588,447.913,442.757,447.412,1728225279
2004-02-18,447.741,452.178,446.238,451.891,1927896033
2004-02-19,452.609,454.19,450.252,452.246,1768210013
2004-02-20,452.546,454.776,449.182,454.707,1662821736
2004-02-23,455.702,456.913,446.162,446.384,1931688125
2004-02-24,444.862,445.761,436.007,444.183,1676394704
2004-02-25,444.85,449.587,434.925,435.933,1520514125
2004-02-26,434.533,437.232,431.12,436.122,1478758581
2004-02-27,436.79,442.189,436.664,442.138,1245917694
2004-03-01,442.654,449.065,439.911,448.969,1397134471
2004-03-02,449.582,449.749,444.868,447.167,1417296034
2004-03-03,446.893,448.201,438.405,440.643,1189688978
2004-03-04,439.828,444.05,436.527,443.986,1128456410
2004-03-05,444.358,444.818,440.431,440.967,1082210441
2004-03-08,440.419,440.707,430.066,430.544,984401600
2004-03-09,429.87,433.851,427.391,427.802,899225290
2004-03-10,427.849,437.563,427.849,437.506,868512612
2004-03-11,438.052,443.866,436.423,443.178,1286068957
2004-03-12,443.328,443.604,439.034,442.677,1010643446
2004-03-15,443.19,451.944,443.19,451.54,1506120500
2004-03-16,452.506,454.061,449.859,454.007,1333064474
2004-03-17,454.306,456.149,451.026,454.885,1310858786
2004-03-18,455.078,456.203,446.244,446.979,1342525509
2004-03-19,446.425,454.22,446.244,454.143,1183731822
2004-03-22,454.646,456.481,453.379,456.284,1261588932
2004-03-23,456.167,456.167,450.577,453.773,1182571606
2004-03-24,453.569,456.138,450.707,453.505,1151241139
2004-03-25,453.001,456.22,451.004,454.134,1018861776
2004-03-26,454.452,455.533,451.053,454.91,1051292996
2004-03-29,455.011,456.511,451.048,451.391,1071023064
2004-03-30,451.102,452.814,448.459,452.654,919479867
2004-03-31,453.146,458.6,452.967,458.491,1217457349
2004-04-01,459.051,462.206,458.431,461.982,1317378824
2004-04-02,462.585,464.945,461.592,464.824,1448871615
2004-04-05,465.667,466.592,462.479,466.498,1533188950
2004-04-06,466.62,470.472,463.977,470.382,1544481666
2004-04-07,470.657,472.182,468.936,470.545,1605602148
2004-04-08,470.375,470.501,467.186,468.764,1436873508
2004-04-09,468.634,469.751,456.496,457.7,1521513663
2004-04-12,455.416,459.886,451.993,458.301,1169713666
2004-04-13,458.321,461.325,454.694,455.777,1258335188
2004-04-14,455.662,455.7,442.066,446.887,1285327920
2004-04-15,446.753,448.803,440.329,441.137,1021153080
2004-04-16,440.846,443.554,431.603,442.743,1188786036
2004-04-19,442.916,443.266,436.599,437.697,933877562
2004-04-20,437.162,438.245,431.662,433.337,868265883
2004-04-21,433.078,434.874,427.585,429.439,976380528
2004-04-22,428.786,431.695,426.248,431.53,812158136
2004-04-23,430.766,430.766,423.401,424.078,840253005
2004-04-26,422.662,425.794,419.852,422.917,706295623
2004-04-27,423.034,424.175,417.074,418.243,850799932
2004-04-28,417.009,418.469,411.569,416.602,796670631
2004-04-29,416.163,417.776,406.751,407.009,784128379
2004-04-30,406.932,411.266,402.357,407.555,810654169
2004-05-10,408.161,408.94,397.006,397.565,532657131
2004-05-11,396.856,401.059,394.047,399.202,509235954
2004-05-12,399.456,410.161,399.08,410.082,724796807
2004-05-13,410.715,410.914,406.239,408.636,591748968
2004-05-14,408.658,408.658,398.06,399.497,622343965
2004-05-17,398.376,400.762,395.7,397.037,486733101
2004-05-18,396.648,402.507,393.897,402.41,623051816
2004-05-19,403.402,406.575,401.164,403.372,786021668
2004-05-20,403.402,405.749,398.279,399.581,560742728
2004-05-21,399.479,402.209,398.488,402.101,471419319
2004-05-24,402.467,403.467,398.599,399.047,474199802
2004-05-25,399.001,399.032,388.997,389.253,571017690
2004-05-26,388.538,392.636,387.117,391.007,477011995
2004-05-27,391.223,401.244,389.699,400.859,759992946
2004-05-28,401.529,402.098,398.064,398.94,609660182
2004-05-31,398.511,400.944,398.18,400.62,456995070
2004-06-01,400.789,407.68,400.304,407.657,772989874
2004-06-02,407.816,407.971,403.646,405.473,798903362
2004-06-03,405.317,405.317,397.656,398.467,713609657
2004-06-04,397.748,400.452,396.606,398.406,697437389
2004-06-07,398.003,398.003,390.081,392.373,584667477
2004-06-08,392.24,393.13,387.046,387.897,532641713
2004-06-09,387.393,387.949,376.87,378.054,685206077
2004-06-10,377.215,380.87,374.52,377.85,592285602
2004-06-11,378.326,385.484,377.398,378.035,595046829
2004-06-14,377.805,377.805,365.038,367.435,549018280
2004-06-15,366.89,374.88,365.715,374.201,537460444
2004-06-16,374.243,379.875,371.147,376.345,589017684
2004-06-17,376.39,376.647,368.043,368.383,530703181
2004-06-18,367.84,368.45,361.711,365.323,565169906
2004-06-21,364.893,369.26,363.841,369.129,393311737
2004-06-22,369.473,374.163,368.107,373.505,574930698
2004-06-23,373.362,373.362,367.0,369.795,404607386
2004-06-24,370.0,371.621,367.245,367.42,514521809
2004-06-25,367.022,368.508,359.308,359.783,662650488
2004-06-28,358.172,358.172,352.837,353.902,531058878
2004-06-29,353.133,357.174,349.237,357.126,665657088
2004-06-30,357.08,358.75,354.074,354.513,564302878
2004-07-01,354.187,366.051,353.846,365.859,843239200
2004-07-02,365.881,367.127,362.132,365.825,662609847
2004-07-05,365.571,365.704,362.534,365.583,487343832
2004-07-06,365.64,370.931,365.64,368.092,666654614
2004-07-07,367.795,367.795,363.283,364.42,472377191
2004-07-08,364.274,365.043,361.782,364.923,472348734
2004-07-09,365.07,367.415,362.0,362.301,426552458
2004-07-12,361.622,361.622,352.367,352.971,505691648
2004-07-13,352.67,354.665,350.966,353.821,411422331
2004-07-14,353.902,355.441,346.288,352.177,595584400
2004-07-15,352.064,356.674,351.337,356.51,714504069
2004-07-16,357.109,367.745,357.062,367.218,1179847353
2004-07-19,367.374,369.104,364.887,367.753,752290102
2004-07-20,367.663,367.663,363.578,365.568,676155387
2004-07-21,365.315,367.284,363.586,365.567,677809225
2004-07-22,365.753,366.453,356.311,357.164,760509168
2004-07-23,356.029,358.192,352.715,358.17,624480606
2004-07-26,357.351,357.351,351.431,353.184,539981530
2004-07-27,352.796,354.317,347.62,350.448,593824237
2004-07-28,350.618,354.303,348.276,353.183,556028497
2004-07-29,353.497,357.613,352.601,357.605,626248034
2004-07-30,357.445,357.771,351.814,351.923,527162337
2004-08-02,350.895,350.895,347.2,348.597,424499694
2004-08-03,348.336,349.712,346.024,346.92,449059157
2004-08-04,346.647,358.767,346.463,355.721,770721339
2004-08-05,355.463,356.33,350.765,351.291,564815789
2004-08-06,350.991,353.105,347.539,350.066,542623741
2004-08-09,349.761,350.664,347.889,350.161,456816105
2004-08-10,350.08,351.936,348.752,351.243,380633043
2004-08-11,351.055,351.31,346.061,346.727,431111839
2004-08-12,345.722,345.722,339.275,341.678,551705672
2004-08-13,341.185,345.0,340.667,342.116,440704890
2004-08-16,342.055,342.055,335.869,336.897,565935321
2004-08-17,336.751,338.76,334.337,337.444,445529814
2004-08-18,337.43,339.852,336.221,336.429,466182089
2004-08-19,336.283,336.283,329.167,330.993,562260229
2004-08-20,330.608,333.123,326.332,330.948,539684186
2004-08-23,330.503,330.503,326.585,328.199,406475532
2004-08-24,327.921,335.002,327.135,333.884,633570412
2004-08-25,333.964,334.321,330.527,331.795,487189919
2004-08-26,331.633,331.684,328.969,329.41,421283921
2004-08-27,329.159,330.332,324.317,325.959,447700636
2004-08-30,325.368,327.12,323.022,326.832,360655210
2004-08-31,331.33,337.074,330.906,333.329,760543548
2004-09-01,333.221,333.221,328.3,328.624,423820478
2004-09-02,328.11,332.126,325.729,332.059,490083364
2004-09-03,332.066,333.265,330.025,331.405,487612349
2004-09-06,331.224,331.345,329.297,331.03,339252192
2004-09-07,330.999,331.795,328.708,331.449,323307288
2004-09-08,331.423,331.423,328.005,329.333,388148679
2004-09-09,328.982,328.982,321.868,322.559,488449790
2004-09-10,321.671,323.074,319.449,322.975,392183747
2004-09-13,322.731,322.731,314.977,315.165,459816797
2004-09-14,316.382,325.696,316.382,325.118,739281052
2004-09-15,325.403,344.571,325.333,340.339,1761378280
2004-09-16,341.488,344.911,339.365,344.58,1531337251
2004-09-17,344.859,355.78,342.986,355.774,1907281602
2004-09-20,357.879,369.4,357.349,369.345,2359345189
2004-09-21,370.461,372.609,362.719,368.507,2239236486
2004-09-22,367.884,369.895,360.32,361.601,1793974483
2004-09-23,361.024,372.472,358.044,372.446,1315459971
2004-09-24,375.003,380.903,364.641,364.641,2503610472
2004-09-27,367.995,372.176,359.065,361.428,1213040446
2004-09-28,362.16,365.863,359.319,364.801,968631173
2004-09-29,365.096,365.665,360.533,360.984,783668390
2004-09-30,360.832,361.883,354.112,355.189,819373811
2004-10-08,355.504,365.863,351.8,365.745,811351805
2004-10-11,366.287,372.518,363.59,366.093,1478522477
2004-10-12,365.642,365.642,358.154,359.018,1109939543
2004-10-13,358.642,361.475,354.956,359.553,980095366
2004-10-14,359.392,359.392,341.31,341.613,1134182415
2004-10-15,339.921,342.678,334.72,339.515,897251775
2004-10-18,340.136,343.307,336.228,341.598,759510755
2004-10-19,342.426,348.326,341.077,341.741,870050179
2004-10-20,341.32,341.32,335.487,340.657,776605417
2004-10-21,340.864,343.935,334.81,336.063,1039623696
2004-10-22,335.568,338.562,327.811,337.929,1120785842
2004-10-25,339.819,342.628,331.92,333.032,1098763527
2004-10-26,332.696,337.166,328.282,337.106,990436180
2004-10-27,337.381,342.162,334.798,342.111,1194186072
2004-10-28,342.346,346.607,339.981,341.148,1226166104
2004-10-29,333.657,339.521,329.5,334.811,1248905199
2004-11-01,333.477,335.563,331.247,331.42,737645260
2004-11-02,330.717,330.941,327.4,329.852,733585556
2004-11-03,330.26,336.414,329.22,336.344,825385133
2004-11-04,336.923,338.118,327.552,328.291,844860408
2004-11-05,329.147,331.091,326.487,328.375,627697685
2004-11-08,328.142,329.678,325.486,329.301,477553275
2004-11-09,329.297,331.499,328.087,330.769,498442419
2004-11-10,331.483,344.202,329.618,343.611,1369343683
2004-11-11,344.72,350.084,341.478,341.65,1696000958
2004-11-12,341.333,344.621,339.63,342.397,986014877
2004-11-15,343.126,347.024,343.069,346.953,868129771
2004-11-16,347.44,347.893,344.367,346.329,867392192
2004-11-17,346.291,346.291,341.728,343.34,782863720
2004-11-18,343.231,347.966,342.997,347.922,756514356
2004-11-19,348.208,350.057,346.725,350.027,915564418
2004-11-22,350.495,352.898,349.423,352.156,1061330224
2004-11-23,352.248,352.248,348.57,350.444,1113301979
2004-11-24,350.379,351.601,346.206,346.364,1040579775
2004-11-25,345.804,346.386,342.861,344.891,867720798
2004-11-26,344.748,347.669,344.707,346.047,671565561
2004-11-29,345.481,345.481,340.39,340.866,626850127
2004-11-30,340.141,342.023,339.765,341.959,601910001
2004-12-01,342.144,342.27,339.784,340.458,669133645
2004-12-02,340.066,341.619,338.576,341.453,861807562
2004-12-03,341.618,344.088,341.38,343.166,897139006
2004-12-06,343.194,343.945,340.201,343.121,750690955
2004-12-07,343.122,343.141,337.554,337.654,804401973
2004-12-08,338.816,341.256,337.328,338.561,761014349
2004-12-09,338.588,343.772,336.611,341.313,973591340
2004-12-10,340.71,341.051,333.798,334.115,810527155
2004-12-13,332.832,333.703,330.27,332.683,591295069
2004-12-14,332.47,333.686,330.644,331.678,425938021
2004-12-15,331.599,332.796,326.864,332.0,698762486
2004-12-16,331.598,331.951,328.435,328.71,516105624
2004-12-17,328.445,328.445,325.053,325.371,429971890
2004-12-20,324.329,324.329,321.32,321.804,447312362
2004-12-21,321.66,324.713,320.832,322.086,392670992
2004-12-22,322.416,330.985,322.357,330.934,692354760
2004-12-23,331.355,331.386,323.812,324.433,540737829
2004-12-24,324.327,326.39,323.63,324.788,391131870
2004-12-27,324.847,326.146,323.005,323.864,321147963
2004-12-28,323.804,323.804,320.724,322.417,453623737
2004-12-29,322.413,323.835,319.771,320.4,472067016
2004-12-30,320.408,321.474,317.526,319.703,459296650
2004-12-31,320.035,321.103,315.141,315.812,558250947
2005-01-04,313.814,313.814,310.003,310.621,435050971
2005-01-05,310.355,316.568,310.094,315.25,548136958
2005-01-06,315.362,315.362,310.912,311.979,447629437
2005-01-07,311.779,315.728,310.592,312.608,541592177
2005-01-10,312.444,315.916,311.456,315.848,482015153
2005-01-11,315.95,317.049,314.332,316.418,470121018
2005-01-12,316.251,316.465,313.772,316.349,514081221
2005-01-13,316.2,317.523,315.202,317.002,588867515
2005-01-14,316.764,319.283,312.957,313.4,549002045
2005-01-17,310.971,310.971,305.344,306.436,670001006
2005-01-18,306.337,309.888,304.954,309.806,620274007
2005-01-19,309.615,309.615,306.909,307.777,572712368
2005-01-20,306.739,306.739,302.019,303.682,650508992
2005-01-21,303.237,310.163,298.155,309.975,941400583
2005-01-24,316.284,318.465,312.55,315.976,1040093485
2005-01-25,315.243,315.726,311.554,315.694,794234087
2005-01-26,315.572,315.796,312.545,313.19,642292986
2005-01-27,312.521,312.521,307.821,308.013,588740977
2005-01-28,307.234,308.314,303.069,304.007,575483240
2005-01-31,302.643,302.643,296.682,297.051,588652211
2005-02-01,296.255,299.874,295.048,295.692,642507152
2005-02-02,295.605,311.469,295.605,311.44,1134718002
2005-02-03,311.407,312.929,306.261,306.422,1118190021
2005-02-04,306.015,312.923,305.287,312.014,923196297
2005-02-16,313.813,317.49,313.139,314.983,825651835
2005-02-17,315.025,315.245,311.999,315.217,710704523
2005-02-18,315.188,315.452,311.54,311.635,623314436
2005-02-21,311.603,317.146,311.603,317.114,723649310
2005-02-22,317.428,325.674,316.988,325.389,1468619909
2005-02-23,325.509,329.054,323.597,327.39,1518327066
2005-02-24,327.014,328.275,324.246,328.106,1200093534
2005-02-25,328.047,332.421,328.047,328.492,1430320246
2005-02-28,328.297,329.415,326.473,328.133,1114630085
2005-03-01,327.981,329.065,325.002,327.417,1083146087
2005-03-02,327.719,330.352,322.355,322.588,1153697609
2005-03-03,322.077,324.807,319.956,324.715,819519641
2005-03-04,324.797,325.666,322.893,323.501,759416148
2005-03-07,323.847,325.562,323.648,325.432,745777849
2005-03-08,326.395,332.238,326.305,332.238,1093681094
2005-03-09,332.993,334.14,331.132,333.278,1118066798
2005-03-10,333.388,333.403,323.845,324.859,1027270458
2005-03-11,324.32,326.995,322.925,326.837,886427964
2005-03-14,326.851,330.012,321.705,326.645,1091088300
2005-03-15,326.52,326.583,321.32,322.028,960648169
2005-03-16,321.574,321.574,316.18,319.012,834860531
2005-03-17,318.483,319.454,315.18,315.346,840961369
2005-03-18,314.751,315.986,308.205,309.093,822969317
2005-03-21,308.396,310.116,306.471,309.85,596651625
2005-03-22,309.597,309.814,302.124,303.124,911823460
2005-03-23,302.827,307.944,301.315,302.285,877981134
2005-03-24,301.778,304.611,298.813,304.527,697627719
2005-03-25,304.367,305.463,302.925,304.364,627824245
2005-03-28,303.951,303.951,298.848,302.864,614820202
2005-03-29,302.733,305.404,301.574,301.683,627711982
2005-03-30,300.869,300.869,293.688,294.106,745829929
2005-03-31,293.087,296.843,291.308,296.75,643686300
2005-04-01,296.523,310.336,294.583,307.535,1130758047
2005-04-04,305.051,307.053,300.786,303.465,919643079
2005-04-05,303.082,305.4,301.321,302.157,767311916
2005-04-06,301.992,308.65,300.043,307.528,1161646136
2005-04-07,307.867,315.617,307.574,311.271,1596158241
2005-04-08,311.117,316.779,309.751,316.719,1270517005
2005-04-11,316.79,318.372,313.83,314.51,1336486497
2005-04-12,314.107,314.107,308.628,308.86,965544808
2005-04-13,310.755,316.64,310.755,315.611,1266452473
2005-04-14,316.352,317.023,310.424,311.046,1132170835
2005-04-15,309.621,309.621,304.365,304.923,991226836
2005-04-18,303.817,303.817,299.26,301.197,795161905
2005-04-19,300.762,302.526,298.445,300.693,783676756
2005-04-20,300.007,300.007,294.215,295.196,820034640
2005-04-21,294.61,296.071,289.841,291.277,892118417
2005-04-22,290.701,291.668,285.783,287.182,956153205
2005-04-25,285.727,285.727,278.962,282.358,949796553
2005-04-26,281.514,286.648,280.59,285.905,1012048010
2005-04-27,286.605,286.644,281.956,282.219,891449414
2005-04-28,281.435,288.566,277.635,287.846,1205267231
2005-04-29,287.305,287.441,282.944,283.572,953738188
2005-05-09,284.12,284.89,274.083,274.189,683701473
2005-05-10,272.897,274.698,266.632,274.58,837568485
2005-05-11,274.017,275.89,270.817,271.229,776210215
2005-05-12,270.583,270.68,266.252,267.865,763553773
2005-05-13,267.326,271.453,264.91,269.149,849723884
2005-05-16,268.909,268.909,264.434,266.409,737054404
2005-05-17,265.8,270.451,264.269,268.834,782656243
2005-05-18,268.463,271.058,265.578,269.489,765076701
2005-05-19,269.408,270.748,265.927,269.757,688926222
2005-05-20,269.586,271.44,268.184,268.819,640406764
2005-05-23,267.868,267.868,260.929,261.305,695065472
2005-05-24,260.418,266.307,259.874,265.343,787573818
2005-05-25,265.088,268.23,263.439,266.069,791363562
2005-05-26,265.949,267.287,261.946,262.872,666523726
2005-05-27,262.29,265.365,259.865,260.249,646753945
2005-05-30,259.535,263.058,257.908,262.342,640010319
2005-05-31,262.68,263.938,261.142,262.249,671156556
2005-06-01,262.063,262.063,254.818,256.008,715408391
2005-06-02,255.465,255.599,250.128,251.812,780103413
2005-06-03,251.307,252.956,247.213,250.412,748101526
2005-06-06,249.986,256.413,246.562,256.327,764235043
2005-06-07,256.907,262.035,255.489,255.987,1131173969
2005-06-08,256.956,277.451,256.956,276.261,2397521586
2005-06-09,276.343,281.855,272.431,278.285,2429190546
2005-06-10,278.12,278.12,270.602,271.945,1644264305
2005-06-13,271.727,273.718,267.346,272.551,1202134219
2005-06-14,273.107,275.201,267.983,268.177,1151977133
2005-06-15,267.353,267.353,261.059,261.535,908974154
2005-06-16,261.274,264.592,258.965,264.561,827364260
2005-06-17,265.547,266.725,262.102,263.297,980915019
2005-06-20,263.227,271.474,259.312,271.459,1401876576
2005-06-21,271.386,271.631,267.885,268.756,1119933294
2005-06-22,268.355,270.272,267.021,269.878,981244550
2005-06-23,269.632,271.562,267.148,267.541,957786820
2005-06-24,266.87,268.821,265.283,268.775,802607205
2005-06-27,270.531,277.064,270.531,275.365,1492430849
2005-06-28,274.617,274.617,269.827,270.696,994056338
2005-06-29,270.514,271.361,268.219,268.451,842188512
2005-06-30,267.956,267.956,260.51,260.727,925485050
2005-07-01,259.617,259.617,251.873,252.275,1023094111
2005-07-04,250.559,250.559,245.565,250.474,885766995
2005-07-05,249.801,251.386,247.562,248.409,682231988
2005-07-06,248.442,250.245,245.285,246.937,676856620
2005-07-07,246.756,249.045,245.965,248.183,609946197
2005-07-08,247.48,247.48,240.928,241.634,734863642
2005-07-11,243.831,248.079,239.081,239.484,764203000
2005-07-12,238.927,247.867,237.76,247.326,1114776711
2005-07-13,246.972,247.25,244.084,245.701,855704359
2005-07-14,245.461,248.034,244.82,245.857,781875695
2005-07-15,245.877,247.225,241.013,241.931,859698934
2005-07-18,241.279,241.279,236.076,237.183,787162053
2005-07-19,236.679,239.479,235.644,238.373,700798694
2005-07-20,238.355,241.371,237.369,240.633,710453379
2005-07-21,240.714,240.961,237.594,240.372,699157266
2005-07-22,241.034,247.914,240.252,245.566,1506855818
2005-07-25,245.22,245.705,243.115,244.207,967096878
2005-07-26,243.937,250.548,243.89,249.764,1459127754
2005-07-27,249.954,255.723,249.373,255.723,1602074912
2005-07-28,255.803,258.96,254.702,255.669,1839412535
2005-07-29,255.157,255.658,252.841,254.466,1188263229
2005-08-01,254.235,256.927,253.727,255.825,1006841114
2005-08-02,256.055,260.297,254.609,260.266,1314038641
2005-08-03,260.901,266.737,260.689,263.427,2282866904
2005-08-04,262.835,263.572,260.622,261.49,1392378247
2005-08-05,261.41,268.587,261.41,268.587,1789500396
2005-08-08,269.925,273.212,269.351,271.286,2136065189
2005-08-09,271.184,274.367,268.674,274.332,1940215112
2005-08-10,274.427,276.249,270.687,276.213,2056693779
2005-08-11,276.366,280.625,275.487,280.41,2291436287
2005-08-12,280.681,282.739,273.775,275.204,2631413842
2005-08-15,274.783,281.965,274.752,281.945,1897243429
2005-08-16,282.294,283.596,278.289,280.326,2187964719
2005-08-17,279.788,284.419,275.501,284.213,2295857475
2005-08-18,284.541,286.852,274.237,274.607,3074729603
2005-08-19,273.457,276.687,269.56,274.815,1982420750
2005-08-22,274.531,278.375,273.253,277.91,1401370953
2005-08-23,277.946,277.946,271.579,274.33,1312284279
2005-08-24,274.322,277.382,274.076,276.575,1301675700
2005-08-25,276.68,278.063,274.258,278.028,1538256617
2005-08-26,278.322,279.191,276.304,278.743,1697547279
2005-08-29,278.862,278.862,274.263,275.937,1695939107
2005-08-30,275.544,276.258,273.92,274.274,1291764433
2005-08-31,274.012,279.009,272.934,278.984,1579255707
2005-09-01,279.141,284.915,278.112,284.903,2179635600
2005-09-02,285.357,286.883,284.021,286.687,1950635546
2005-09-05,287.179,289.387,286.07,289.36,1692216319
2005-09-06,289.712,291.812,283.34,283.907,2262080075
2005-09-07,283.176,290.76,282.493,290.722,1985566727
2005-09-08,291.234,292.799,288.63,291.792,2157999249
2005-09-09,291.778,293.217,288.371,289.405,1589997428
2005-09-12,289.42,290.584,288.456,290.202,1189237075
2005-09-13,290.569,295.967,290.159,295.967,1659251688
2005-09-14,296.361,298.59,295.337,298.547,2173548614
2005-09-15,298.725,299.633,296.986,299.129,1738479698
2005-09-16,299.163,299.487,297.15,299.064,1634494292
2005-09-19,299.156,301.956,298.156,301.715,1719740368
2005-09-20,301.952,302.054,296.897,299.252,2032113468
2005-09-21,299.016,299.016,294.024,294.176,2177873196
2005-09-22,293.394,293.394,281.718,285.079,1932506941
2005-09-23,284.172,286.091,281.76,282.011,1371568382
2005-09-26,281.715,283.249,280.597,283.075,935024466
2005-09-27,283.102,283.747,277.26,277.516,1246660873
2005-09-28,277.16,279.594,275.925,276.752,1042537548
2005-09-29,276.821,281.631,276.821,281.631,1289301609
2005-09-30,281.847,282.536,280.913,281.721,1080929058
2005-10-10,281.776,281.776,277.231,277.438,840742686
2005-10-11,276.938,282.634,275.999,282.596,972838834
2005-10-12,282.746,285.277,281.632,284.438,1221969997
2005-10-13,284.419,285.208,282.279,282.568,1128483071
2005-10-14,282.471,282.634,278.292,279.1,1035439178
2005-10-17,278.573,278.573,275.485,278.059,1003380880
2005-10-18,277.943,281.41,277.793,281.174,1144875625
2005-10-19,281.186,283.055,278.615,279.229,1189084520
2005-10-20,278.812,278.983,275.185,278.888,1327868878
2005-10-21,278.962,282.135,278.434,280.986,1192738024
2005-10-24,281.344,282.922,280.344,282.396,1070890934
2005-10-25,282.149,282.149,277.313,277.394,1156406240
2005-10-26,276.765,276.765,269.429,269.716,1253758973
2005-10-27,268.75,270.961,267.095,269.122,1075337368
2005-10-28,268.917,269.64,260.243,263.12,1149615876
2005-10-31,262.69,266.014,262.449,265.395,991927899
2005-11-01,265.862,265.862,260.55,264.707,1013400976
2005-11-02,264.91,270.041,264.878,269.451,1239839597
2005-11-03,269.428,270.894,266.581,267.438,1064682249
2005-11-04,267.02,269.015,265.448,269.014,964853451
2005-11-07,268.628,270.026,266.8,269.981,862730775
2005-11-08,269.785,271.834,268.105,271.778,964660117
2005-11-09,271.778,272.855,270.601,271.042,1101665145
2005-11-10,270.694,270.694,264.441,264.689,1184120647
2005-11-11,263.951,266.673,262.975,265.628,979715827
2005-11-14,265.195,265.533,263.804,265.423,694927522
2005-11-15,265.434,267.247,262.359,263.375,849598997
2005-11-16,263.091,265.31,259.761,265.31,788240471
2005-11-17,265.247,266.252,263.926,265.381,801755679
2005-11-18,265.34,273.112,265.218,271.874,1494072376
2005-11-21,272.086,273.881,271.229,272.622,1004067710
2005-11-22,272.66,272.665,267.29,267.485,853329857
2005-11-23,266.809,269.481,266.125,269.384,717276030
2005-11-24,269.177,271.404,268.793,270.158,900944040
2005-11-25,269.963,270.517,268.659,270.462,786762337
2005-11-28,270.199,271.048,268.58,269.511,687507641
2005-11-29,269.374,269.374,266.143,266.356,673834263
2005-11-30,266.18,266.963,264.393,266.864,852839864
2005-12-01,266.691,267.699,265.316,266.591,690105016
2005-12-02,266.26,266.867,263.388,264.177,1043960612
2005-12-05,263.722,263.722,257.926,258.165,966227319
2005-12-06,257.465,260.063,256.678,259.634,757218045
2005-12-07,259.529,262.131,259.33,262.096,735672576
2005-12-08,262.183,263.193,260.853,262.468,842959211
2005-12-09,262.272,266.556,261.572,266.556,1035696236
2005-12-12,266.445,268.354,265.91,267.794,974652604
2005-12-13,267.711,268.667,265.531,268.632,875574128
2005-12-14,268.618,271.69,267.105,271.553,1082154384
2005-12-15,271.578,273.231,269.925,270.363,1174609747
2005-12-16,270.109,273.087,269.332,273.053,951804547
2005-12-19,272.844,273.376,271.772,272.932,811663850
2005-12-20,272.815,273.461,271.224,273.437,848769854
2005-12-21,273.353,274.13,271.242,271.412,829734472
2005-12-22,271.117,273.225,270.502,273.179,758028236
2005-12-23,273.248,275.903,273.1,275.854,970812313
2005-12-26,276.128,278.637,276.038,278.027,1227695107
2005-12-27,277.99,277.99,275.953,277.355,1015998183
2005-12-28,277.296,278.281,276.309,278.25,910982735
2005-12-29,278.236,281.66,278.236,281.637,1336352699
2005-12-30,282.118,282.213,278.42,278.745,1162120904
2006-01-04,278.993,283.482,278.993,283.482,1197234758
2006-01-05,283.804,289.22,283.605,289.128,1817758683
2006-01-06,289.569,292.881,287.433,291.29,2021580658
2006-01-09,291.478,294.344,290.446,294.27,1859664177
2006-01-10,294.149,296.067,291.568,295.987,1690587311
2006-01-11,295.76,297.149,292.127,293.564,1962515104
2006-01-12,293.163,298.366,292.66,298.346,1871808296
2006-01-13,298.54,299.562,295.848,297.973,1936711799
2006-01-16,297.701,297.986,293.61,293.838,1698478308
2006-01-17,293.084,295.736,292.472,295.326,1352728339
2006-01-18,295.298,302.186,295.194,301.996,1787138047
2006-01-19,302.35,304.994,300.596,304.953,2187584766
2006-01-20,305.061,305.823,302.614,305.316,2074667180
2006-01-23,305.188,306.077,302.354,305.847,1971428486
2006-01-24,305.856,308.942,305.046,306.068,2039533133
2006-01-25,305.779,308.172,303.706,307.108,1852351957
2006-02-06,307.742,315.95,307.742,315.896,1896843493
2006-02-07,316.436,318.225,312.572,316.204,2460325066
2006-02-08,315.823,316.541,312.782,316.524,1872379636
2006-02-09,316.523,316.523,311.709,312.445,1777531195
2006-02-10,312.173,316.563,312.173,316.515,1712320296
2006-02-13,316.438,316.526,312.253,316.17,1694428844
2006-02-14,316.007,318.702,315.533,318.607,1506215657
2006-02-15,318.831,321.084,317.926,318.991,1720439382
2006-02-16,318.881,318.881,310.416,310.609,2021694194
2006-02-17,309.91,312.293,308.299,309.023,1597170894
2006-02-20,309.576,311.44,308.477,308.82,1505471981
2006-02-21,308.568,313.429,306.033,313.391,1618802848
2006-02-22,313.493,315.93,312.776,313.908,1599484241
2006-02-23,313.847,314.276,310.678,313.931,1505407235
2006-02-24,314.022,316.349,313.99,316.309,1473714293
2006-02-27,316.769,316.96,313.596,314.453,1392577584
2006-02-28,314.071,315.427,310.042,315.295,1315287478
2006-03-01,315.365,317.881,314.899,317.626,1390948048
2006-03-02,318.314,318.314,312.174,313.212,1799323024
2006-03-03,312.85,314.288,310.358,313.725,1496891808
2006-03-06,313.923,314.368,312.203,312.925,1232041246
2006-03-07,312.656,312.656,304.654,305.361,1374209734
2006-03-08,304.537,305.274,300.196,303.585,1203189710
2006-03-09,303.351,304.28,301.591,302.428,904797167
2006-03-10,302.491,304.694,302.491,303.802,917810724
2006-03-13,303.694,307.034,303.547,306.976,929572164
2006-03-14,307.053,307.053,305.012,306.857,845997242
2006-03-15,306.792,310.222,306.436,310.211,1090723495
2006-03-16,310.222,310.347,308.956,309.961,1126894947
2006-03-17,309.903,310.39,307.997,308.977,1205839090
2006-03-20,308.987,312.2,307.496,312.197,1138797188
2006-03-21,312.127,314.743,311.668,313.359,1481835740
2006-03-22,313.206,316.105,312.153,316.079,1586613793
2006-03-23,315.903,317.827,315.419,317.497,1834320754
2006-03-24,317.826,318.694,315.949,316.426,1754382590
2006-03-27,316.309,319.991,315.136,319.987,1531915635
2006-03-28,320.257,322.389,319.739,322.343,1992969356
2006-03-29,322.38,326.831,321.823,323.641,2380836813
2006-03-30,323.493,323.943,320.608,320.852,1900125475
2006-03-31,320.271,323.516,319.552,323.453,1783637850
2006-04-03,323.865,329.535,323.865,329.51,2363563016
2006-04-04,329.915,332.417,327.977,332.417,2569115627
2006-04-05,332.451,335.612,331.755,335.581,2597009607
2006-04-06,335.952,339.583,334.217,337.618,2993495480
2006-04-07,337.573,339.513,335.158,339.493,2751307877
2006-04-10,340.134,345.413,339.317,345.363,2861132411
2006-04-11,346.223,348.12,343.025,347.281,3029819797
2006-04-12,347.358,347.358,344.796,345.457,2756536648
2006-04-13,345.574,347.837,337.924,338.021,3067550373
2006-04-14,337.479,346.156,336.883,346.122,2420249912
2006-04-17,345.589,348.998,344.42,347.442,2647337187
2006-04-18,347.726,349.649,345.045,348.481,2502428579
2006-04-19,348.565,349.942,345.267,349.632,2565362489
2006-04-20,349.717,350.493,346.113,348.319,2843313913
2006-04-21,347.565,351.227,344.5,349.853,3056838750
2006-04-24,350.286,350.685,342.758,344.42,3193350994
2006-04-25,343.28,347.291,338.572,345.498,2915164452
2006-04-26,345.851,350.78,345.62,349.446,3028666469
2006-04-27,349.878,352.16,346.947,351.109,2548858855
2006-04-28,346.86,354.893,342.87,353.935,3002070494
2006-05-08,355.394,366.598,355.394,366.598,3071419334
2006-05-09,368.815,377.057,368.117,376.948,4159502655
2006-05-10,378.597,384.2,374.513,382.258,4479039329
2006-05-11,382.695,390.573,379.172,379.289,4977055229
2006-05-12,378.607,389.802,377.97,389.75,4225033504
2006-05-15,395.188,407.052,392.138,406.974,5448211066
2006-05-16,408.944,413.186,394.081,395.826,5862466662
2006-05-17,395.695,403.064,391.382,399.454,4475873355
2006-05-18,396.497,403.195,390.768,401.013,3988370278
2006-05-19,401.345,412.068,400.169,410.791,4226448892
2006-05-22,411.532,418.959,410.167,415.657,4405872589
2006-05-23,413.485,413.485,398.637,398.89,4086355902
2006-05-24,400.64,408.23,384.916,394.448,3928710854
2006-05-25,393.333,398.022,389.299,396.332,2598232130
2006-05-26,397.747,404.5,397.584,404.428,2719889909
2006-05-29,407.082,414.999,404.343,414.561,3171996345
2006-05-30,416.154,420.281,413.074,419.333,3430778204
2006-05-31,419.133,423.475,413.874,417.019,3781529330
2006-06-01,417.032,429.741,416.861,429.703,4176433741
2006-06-02,430.717,432.317,424.157,426.909,4850808415
2006-06-05,427.201,432.619,421.548,432.619,3894047591
2006-06-06,431.875,434.638,429.252,430.807,3262208117
2006-06-07,430.288,430.291,405.682,405.876,3643954396
2006-06-08,401.792,407.442,394.316,405.769,3226918085
2006-06-09,404.33,408.102,397.356,397.663,2995633284
2006-06-12,394.952,401.122,392.524,398.875,1900189520
2006-06-13,398.197,403.46,395.683,400.174,2103676925
2006-06-14,398.319,398.319,392.055,396.367,2074262221
2006-06-15,395.907,401.439,395.473,397.191,1821806791
2006-06-16,398.633,406.923,398.633,406.896,2238206884
2006-06-19,404.31,414.514,400.979,412.196,2489175903
2006-06-20,411.768,414.383,409.768,414.069,2234558528
2006-06-21,413.822,416.135,409.331,412.324,2584071817
2006-06-22,412.059,413.709,409.243,411.319,2201559771
2006-06-23,410.701,415.453,408.659,415.361,2114904370
2006-06-26,416.22,423.743,416.22,423.711,2394667665
2006-06-27,424.593,425.292,421.11,424.664,2407348778
2006-06-28,424.278,426.512,422.589,424.513,2256184457
2006-06-29,425.321,433.895,425.321,433.789,3268520107
2006-06-30,436.031,437.568,430.238,433.221,3005860458
2006-07-03,434.087,440.133,432.516,440.133,3119691091
2006-07-04,440.521,441.476,434.38,436.921,3437508739
2006-07-05,436.637,436.637,428.43,433.801,2726338657
2006-07-06,433.493,442.645,433.209,442.645,2914319328
2006-07-07,444.294,444.965,440.256,441.773,2887295340
2006-07-10,441.724,444.221,438.556,444.014,2574746227
2006-07-11,444.415,446.584,442.753,446.584,2769925987
2006-07-12,446.882,451.074,446.369,446.605,3348680009
2006-07-13,445.794,446.478,421.693,422.444,4336495669
2006-07-14,418.183,429.102,416.077,425.16,2906906182
2006-07-17,424.235,431.026,422.626,431.026,2274563461
2006-07-18,430.716,433.104,427.783,433.104,2238348822
2006-07-19,432.127,432.127,420.009,422.947,2340390299
2006-07-20,422.265,426.584,420.752,425.972,1810405132
2006-07-21,425.892,429.373,425.832,429.012,1834625593
2006-07-24,423.752,429.419,419.118,429.093,1767563510
2006-07-25,429.182,435.344,429.182,433.979,1959286859
2006-07-26,434.618,435.613,431.858,433.579,1983081882
2006-07-27,433.314,434.991,424.771,427.662,2161837704
2006-07-28,427.418,429.07,418.175,422.804,2084778012
2006-07-31,421.555,421.555,405.762,406.094,2095568609
2006-08-01,405.291,408.907,400.817,402.16,1646242776
2006-08-02,402.126,404.142,393.552,399.85,1685782694
2006-08-03,399.872,401.82,395.268,398.525,1291854824
2006-08-04,398.401,400.262,386.839,387.482,1536005466
2006-08-07,385.115,386.394,379.62,380.255,1455536761
2006-08-08,380.36,391.276,380.36,391.276,1455759222
2006-08-09,391.489,393.256,388.682,390.653,1371232644
2006-08-10,390.687,396.769,390.619,396.769,1529517820
2006-08-11,397.157,398.88,394.234,398.526,1479194936
2006-08-14,398.054,399.338,387.87,388.867,1542900853
2006-08-15,388.059,395.512,386.351,395.512,1331722661
2006-08-16,395.836,401.711,394.7,401.711,1752327000
2006-08-17,401.053,401.053,395.755,399.048,1519223804
2006-08-18,398.167,401.268,396.344,396.71,1259592375
2006-08-21,385.44,397.815,382.686,397.815,1433441529
2006-08-22,397.461,402.723,397.131,401.855,1540483495
2006-08-23,401.672,403.926,400.0,401.235,1664125103
2006-08-24,400.445,403.383,397.737,403.383,1437831743
2006-08-25,403.532,406.714,403.246,404.805,1784408321
2006-08-28,405.527,414.306,405.527,414.305,2263081198
2006-08-29,415.022,422.355,414.893,415.878,2744477382
2006-08-30,415.313,419.179,412.94,418.858,1991418542
2006-08-31,419.086,421.785,418.014,421.469,2288341055
2006-09-01,421.8,421.945,413.665,415.631,2247981421
2006-09-04,414.737,422.007,414.475,422.007,1941169561
2006-09-05,422.265,423.378,419.778,421.473,2143978983
2006-09-06,421.669,423.312,418.542,423.312,2154719954
2006-09-07,423.402,423.402,415.752,417.214,1763688142
2006-09-08,416.843,419.374,416.505,417.696,1475968341
2006-09-11,417.738,420.116,413.253,420.116,1762220151
2006-09-12,420.125,423.148,419.689,422.432,1937598729
2006-09-13,422.567,423.184,417.339,417.389,1997956498
2006-09-14,416.898,418.435,412.189,416.781,1768155205
2006-09-15,416.699,422.657,416.604,422.657,1912728872
2006-09-18,423.888,429.976,423.214,429.976,2230878179
2006-09-19,430.919,432.004,427.866,429.757,2370683081
2006-09-20,429.268,432.575,426.625,431.39,2251755840
2006-09-21,431.482,434.162,430.465,433.015,2237754611
2006-09-22,433.245,433.753,428.949,429.881,2220511508
2006-09-25,429.285,433.399,426.961,430.239,2093285385
2006-09-26,429.739,430.216,425.053,427.155,1861013655
2006-09-27,426.924,430.509,425.682,430.509,1685105871
2006-09-28,430.682,435.812,430.137,434.383,1916383422
2006-09-29,434.848,439.641,434.848,438.896,2355604636
2006-10-09,442.351,447.311,442.351,447.311,2767643010
2006-10-10,447.843,449.587,444.542,448.01,2947162651
2006-10-11,447.811,448.655,443.971,448.242,2343542113
2006-10-12,448.293,448.74,444.266,444.897,2810018030
2006-10-13,444.186,447.59,443.309,446.853,2241211330
2006-10-16,447.309,448.657,444.031,445.111,2345414784
2006-10-17,444.958,447.453,443.36,444.297,2166567326
2006-10-18,444.112,449.935,443.889,449.934,2130256610
2006-10-19,450.135,452.392,449.265,451.359,2287508047
2006-10-20,451.618,453.016,449.136,449.773,2516668389
2006-10-23,449.629,450.382,435.828,437.998,2583871992
2006-10-24,437.699,447.315,437.699,447.315,2245406376
2006-10-25,448.132,451.011,443.523,447.437,2737810631
2006-10-26,447.335,448.456,443.328,447.526,2105600374
2006-10-27,447.155,448.639,440.017,442.203,2164031292
2006-10-30,441.178,443.156,437.009,442.32,2111470052
2006-10-31,442.292,446.489,442.09,446.489,2079022772
2006-11-01,446.806,449.005,444.431,449.005,2331316063
2006-11-02,448.982,449.034,444.679,449.034,2379334680
2006-11-03,448.901,453.562,448.805,451.223,2241646852
2006-11-06,448.427,453.493,446.154,453.314,2388916577
2006-11-07,453.993,454.366,446.629,452.524,2546130422
2006-11-08,452.173,452.173,448.344,449.648,1813742575
2006-11-09,448.552,455.633,447.445,455.041,1898404416
2006-11-10,455.458,455.869,442.368,444.999,2315096013
2006-11-13,443.003,445.863,430.004,432.572,2179581247
2006-11-14,432.047,437.028,425.563,437.028,1813847034
2006-11-15,436.96,448.703,436.332,448.703,1981886496
2006-11-16,449.894,452.288,445.893,446.259,2462414488
2006-11-17,445.311,453.302,442.983,453.302,2213589633
2006-11-20,454.092,455.681,450.485,455.385,2558098785
2006-11-21,455.156,458.777,449.019,458.777,2492781008
2006-11-22,458.584,466.778,456.861,463.54,2872824333
2006-11-23,463.052,466.655,461.608,465.501,2506745203
2006-11-24,465.126,469.631,461.668,468.762,2703408165
2006-11-27,468.606,475.991,467.83,475.991,2679185200
2006-11-28,475.539,479.08,473.214,476.237,2722952185
2006-11-29,470.749,484.621,466.029,483.616,2788481005
2006-11-30,484.812,496.263,484.812,495.884,3822006637
2006-12-01,497.347,503.816,496.638,500.344,3944737707
2006-12-04,501.06,511.529,501.06,511.399,4095271620
2006-12-05,512.58,517.858,509.567,514.796,4487346599
2006-12-06,514.656,516.315,492.943,508.387,4837303740
2006-12-07,507.017,515.978,505.32,506.156,4423637798
2006-12-08,500.871,503.654,489.235,489.328,3670558754
2006-12-11,488.036,507.553,488.036,507.553,2856462296
2006-12-12,508.95,511.985,500.321,508.705,3055672150
2006-12-13,509.133,510.681,503.507,509.866,2701143511
2006-12-14,510.646,516.954,509.734,516.954,2995084047
2006-12-15,518.185,525.885,517.064,525.885,3634053507
2006-12-18,527.34,539.522,527.34,537.703,4136845762
2006-12-19,539.7,540.993,528.158,539.55,4106334927
2006-12-20,537.544,547.274,532.609,547.264,4079471090
2006-12-21,547.171,549.232,539.454,540.348,4341069229
2006-12-22,537.057,541.888,531.348,535.413,3472530053
2006-12-25,535.868,546.894,535.868,543.42,3350756161
2006-12-26,544.175,545.614,534.59,539.768,3183121175
2006-12-27,539.513,547.453,539.476,545.58,2767385965
2006-12-28,546.405,548.525,535.125,539.375,3357762183
2006-12-29,541.078,552.934,541.078,550.593,3542743600
2007-01-04,555.262,564.389,551.912,553.692,4621346298
2007-01-05,551.789,562.231,547.894,562.231,4071252832
2007-01-08,562.267,579.249,562.152,579.215,4814341986
2007-01-09,581.702,595.092,579.43,594.159,5027963779
2007-01-10,596.2,610.416,593.388,610.416,5591188512
2007-01-11,611.236,626.86,607.053,611.844,6586093803
2007-01-12,608.918,618.658,596.874,599.796,5566618473
2007-01-15,599.296,631.353,599.296,631.353,4806546099
2007-01-16,635.384,652.033,632.604,652.033,5642224462
2007-01-17,654.117,661.828,629.187,642.582,6763713560
2007-01-18,637.811,651.278,628.231,650.203,5862042598
2007-01-19,651.728,672.219,651.728,672.219,6511656630
2007-01-22,679.555,700.2,679.555,700.2,7006312035
2007-01-23,703.726,704.743,677.325,702.085,7086788057
2007-01-24,701.631,710.139,693.615,706.005,5923773024
2007-01-25,699.704,699.704,675.364,675.776,5918002880
2007-01-26,666.727,687.094,645.92,683.979,5548545792
2007-01-29,687.249,701.039,686.55,700.402,5525647279
2007-01-30,702.897,705.437,691.5,696.026,5278677588
2007-01-31,695.196,695.348,651.032,655.529,5471395053
2007-02-01,647.525,663.274,635.314,659.328,4677764636
2007-02-02,659.019,661.565,640.037,640.877,4101297592
2007-02-05,636.611,647.92,632.767,642.911,3241218611
2007-02-06,643.93,654.667,631.492,654.667,3811354965
2007-02-07,658.614,669.889,658.614,666.964,4391364567
2007-02-08,669.112,678.956,664.625,678.762,4527169929
2007-02-09,679.597,681.437,672.089,678.045,4078183982
2007-02-12,678.478,699.307,678.478,699.307,4146382053
2007-02-13,702.682,711.521,701.519,710.919,4193799111
2007-02-14,712.479,729.085,711.368,726.901,4894040045
2007-02-15,731.617,750.611,731.617,750.611,5666484112
2007-02-16,756.863,769.439,751.85,758.015,5923376033
2007-02-26,762.004,776.225,752.246,776.116,5408922290
2007-02-27,779.527,780.335,709.666,709.811,8368488995
2007-02-28,695.491,740.142,695.491,736.813,6328614228
2007-03-01,740.47,740.47,710.529,719.903,6555255649
2007-03-02,718.97,734.913,717.228,730.55,4957523222
2007-03-05,730.291,741.396,704.076,725.819,5631995774
2007-03-06,723.004,735.187,717.846,731.192,4247764107
2007-03-07,734.694,750.248,734.694,750.248,4564063871
2007-03-08,752.93,763.434,745.084,763.195,4941954505
2007-03-09,764.936,767.629,751.941,760.563,5515164427
2007-03-12,760.926,769.932,750.583,769.932,5622968988
2007-03-13,771.328,780.002,769.399,778.203,5775296412
2007-03-14,772.428,779.226,751.375,772.335,6054496319
2007-03-15,771.761,785.99,771.743,785.974,5378336776
2007-03-16,788.838,791.536,765.285,774.769,5980783778
2007-03-19,753.083,787.494,749.055,784.574,5271529284
2007-03-20,787.201,795.419,785.03,794.908,4819112250
2007-03-21,800.244,805.681,794.684,805.681,5405982816
2007-03-22,809.547,817.83,806.842,808.56,6292486524
2007-03-23,808.94,817.063,797.015,816.916,6115931727
2007-03-26,820.364,833.576,819.73,833.576,6306516850
2007-03-27,835.143,842.921,830.083,841.484,6561023551
2007-03-28,842.244,845.403,805.201,835.749,7246306556
2007-03-29,836.843,838.687,819.261,820.717,6361590494
2007-03-30,816.405,828.392,811.186,825.788,4541396978
2007-04-02,828.428,844.658,827.793,844.658,4600255025
2007-04-03,847.756,855.753,845.514,855.753,5572696482
2007-04-04,857.132,867.097,851.93,864.657,5817989397
2007-04-05,864.609,877.55,860.683,876.838,5718855932
2007-04-06,871.448,890.875,867.866,889.201,6500560412
2007-04-09,894.04,909.753,894.04,907.817,7099022701
2007-04-10,911.065,918.69,889.693,918.655,7166873488
2007-04-11,921.024,928.281,908.729,928.281,7531058393
2007-04-12,930.232,948.694,925.625,948.694,7599305592
2007-04-13,950.46,961.767,943.754,948.433,7970737491
2007-04-16,950.845,973.876,950.845,973.876,6849634165
2007-04-17,980.666,990.672,958.477,989.889,8733394628
2007-04-18,994.655,1011.652,984.936,1009.664,8355952330
2007-04-19,1008.756,1008.756,938.168,960.029,9134498855
2007-04-20,964.925,1006.366,964.925,1003.874,7423559029
2007-04-23,1016.847,1044.161,1016.847,1042.823,8714563198
2007-04-24,1050.793,1058.646,1037.471,1046.814,9135468213
2007-04-25,1042.034,1047.533,1020.767,1042.657,7057898461
2007-04-26,1046.69,1057.089,1041.463,1057.05,6433435160
2007-04-27,1058.208,1058.648,1040.114,1048.482,6311984107
2007-04-30,1046.971,1067.039,1042.881,1064.765,7047991371
2007-05-08,1085.398,1108.806,1081.213,1108.203,7893312791
2007-05-09,1115.71,1119.621,1068.498,1111.293,9361737047
2007-05-10,1113.42,1127.469,1105.684,1123.166,7697216792
2007-05-11,1114.852,1120.705,1097.222,1114.778,6866098229
2007-05-14,1101.912,1135.642,1093.248,1127.743,6695333932
2007-05-15,1130.565,1137.214,1095.836,1097.944,7290101312
2007-05-16,1095.705,1124.201,1082.779,1124.201,6660018904
2007-05-17,1131.399,1154.646,1129.395,1151.852,7157170005
2007-05-18,1152.448,1163.847,1144.272,1156.676,6520631119
2007-05-21,1120.195,1185.585,1117.653,1181.416,7643166030
2007-05-22,1189.269,1205.581,1189.269,1198.409,8644593649
2007-05-23,1203.832,1223.983,1197.049,1223.983,7727595384
2007-05-24,1229.155,1235.106,1193.586,1215.168,9137821630
2007-05-25,1211.964,1236.949,1204.609,1234.998,7836906907
2007-05-28,1247.766,1270.17,1247.766,1264.045,8678277474
2007-05-29,1270.419,1292.442,1263.682,1292.442,8214648968
2007-05-30,1208.723,1270.265,1191.101,1199.454,9004464320
2007-05-31,1176.807,1208.158,1123.773,1187.509,8395066074
2007-06-01,1187.45,1202.662,1123.081,1128.574,7500890515
2007-06-04,1117.187,1124.222,1039.468,1039.895,5336415047
2007-06-05,1001.23,1066.045,964.889,1066.045,7893231460
2007-06-06,1069.671,1095.784,1042.646,1086.219,8275503508
2007-06-07,1089.667,1126.842,1086.988,1126.842,7345382534
2007-06-08,1133.579,1153.087,1124.753,1145.223,7295957411
2007-06-11,1158.4,1174.846,1157.545,1173.258,7268006218
2007-06-12,1180.803,1204.249,1137.719,1204.249,8396151922
2007-06-13,1214.199,1245.909,1213.268,1234.014,8620922029
2007-06-14,1232.063,1241.934,1204.549,1221.168,7319332684
2007-06-15,1211.266,1231.175,1204.012,1223.025,5747103837
2007-06-18,1243.215,1261.884,1243.215,1257.746,6401672878
2007-06-19,1259.705,1275.261,1248.773,1275.259,6744986045
2007-06-20,1279.543,1288.571,1236.322,1244.583,7474775646
2007-06-21,1238.521,1257.896,1222.264,1245.192,5947148679
2007-06-22,1245.528,1246.786,1165.409,1187.95,6296216980
2007-06-25,1187.36,1200.405,1119.054,1127.371,5273390300
2007-06-26,1104.468,1145.467,1086.806,1145.467,4724773049
2007-06-27,1150.975,1179.701,1138.697,1176.394,5216550856
2007-06-28,1174.214,1179.164,1112.29,1112.569,4790065516
2007-06-29,1082.669,1107.729,1059.981,1077.921,4365497195
2007-07-02,1071.246,1090.386,1048.093,1080.064,3499617118
2007-07-03,1087.795,1102.423,1074.713,1101.565,3505969963
2007-07-04,1103.573,1105.514,1075.108,1078.952,3197759096
2007-07-05,1062.812,1065.808,1015.43,1015.846,3427089107
2007-07-06,1008.638,1067.684,997.945,1066.219,4310725110
2007-07-09,1075.056,1107.022,1072.041,1100.607,4627909448
2007-07-10,1100.895,1100.895,1073.232,1076.101,4106070322
2007-07-11,1069.764,1087.144,1064.845,1086.241,2847580210
2007-07-12,1087.954,1098.268,1082.55,1091.369,2583756449
2007-07-13,1092.11,1093.632,1075.73,1089.995,2195478260
2007-07-16,1090.251,1091.558,1057.067,1057.067,2433932472
2007-07-17,1052.172,1087.895,1044.308,1080.312,2549300109
2007-07-18,1077.355,1096.504,1069.355,1079.95,2941579698
2007-07-19,1077.179,1087.75,1072.483,1082.425,2417967361
2007-07-20,1082.064,1124.983,1082.064,1124.58,3964246296
2007-07-23,1133.332,1181.452,1133.332,1181.452,5666640450
2007-07-24,1191.672,1209.357,1181.324,1184.623,5758785588
2007-07-25,1184.105,1213.194,1184.105,1213.194,4727334718
2007-07-26,1220.407,1238.596,1212.33,1231.645,5256629541
2007-07-27,1224.855,1249.27,1210.404,1246.444,5389484741
2007-07-30,1245.64,1282.359,1245.64,1274.927,5802597831
2007-07-31,1274.874,1293.568,1261.132,1291.314,5580187837
2007-08-01,1295.668,1301.797,1235.646,1241.947,6517436348
2007-08-02,1247.399,1293.139,1247.399,1293.139,5155742835
2007-08-03,1303.787,1325.142,1299.481,1323.402,5802940121
2007-08-06,1333.026,1350.366,1327.366,1350.366,5889181831
2007-08-07,1351.423,1366.131,1326.677,1351.114,5927859541
2007-08-08,1340.165,1350.783,1303.072,1328.832,5109652110
2007-08-09,1327.901,1348.875,1327.899,1348.875,4318780509
2007-08-10,1346.123,1346.123,1293.53,1319.547,4933158210
2007-08-13,1314.58,1317.355,1290.867,1307.242,4467989388
2007-08-14,1306.511,1332.997,1305.019,1331.216,3989760584
2007-08-15,1335.932,1340.382,1298.949,1326.117,4135277405
2007-08-16,1320.961,1325.585,1300.845,1317.898,4498190615
2007-08-17,1310.151,1328.94,1294.905,1297.213,4409060801
2007-08-20,1323.542,1356.018,1323.542,1356.018,4812384577
2007-08-21,1366.089,1381.196,1362.017,1375.281,5428896224
2007-08-22,1359.886,1404.295,1355.044,1398.374,5983818636
2007-08-23,1405.341,1418.239,1391.951,1415.179,5527369134
2007-08-24,1419.175,1432.786,1417.147,1431.277,5428724847
2007-08-27,1440.447,1448.504,1420.825,1434.152,5916376730
2007-08-28,1428.421,1438.632,1404.776,1435.458,5616169813
2007-08-29,1426.984,1445.459,1404.588,1411.599,5194926894
2007-08-30,1415.518,1439.795,1412.885,1439.795,5529333044
2007-08-31,1446.043,1462.535,1442.985,1457.834,5701058069
2007-09-03,1470.719,1493.763,1470.719,1487.893,6584816943
2007-09-04,1492.447,1493.018,1464.382,1470.386,6143935807
2007-09-05,1469.825,1480.36,1450.938,1476.097,5144167019
2007-09-06,1482.849,1493.71,1479.356,1486.175,5354589901
2007-09-07,1479.586,1484.61,1455.079,1457.803,6161419013
2007-09-10,1441.408,1479.121,1427.812,1479.121,5139919262
2007-09-11,1480.135,1488.979,1400.065,1401.021,5532967298
2007-09-12,1395.956,1427.206,1378.061,1421.437,4876005175
2007-09-13,1427.917,1458.953,1423.856,1458.909,4253818464
2007-09-14,1464.468,1484.299,1446.906,1482.858,4819175552
2007-09-17,1479.022,1513.804,1476.86,1512.298,5326263098
2007-09-18,1518.044,1519.499,1489.026,1508.821,5465516707
2007-09-19,1510.076,1512.162,1483.988,1489.829,4663568039
2007-09-20,1493.954,1508.434,1492.141,1505.771,4369960948
2007-09-21,1509.695,1512.409,1467.322,1499.014,4688504719
2007-09-24,1503.228,1515.763,1482.208,1506.234,4441560862
2007-09-25,1507.19,1513.937,1483.698,1492.531,3630035210
2007-09-26,1489.03,1501.404,1462.047,1469.567,2993873283
2007-09-27,1469.485,1492.299,1460.747,1492.299,2794848992
2007-09-28,1504.675,1537.31,1504.675,1532.666,3726799799
2007-10-08,1562.82,1567.744,1540.457,1541.354,4119875933
2007-10-09,1537.203,1552.75,1522.571,1551.193,3891551554
2007-10-10,1553.608,1566.317,1536.571,1543.786,4225406870
2007-10-11,1544.728,1545.653,1529.002,1535.185,4156067179
2007-10-12,1535.298,1536.454,1451.246,1517.631,4999893675
2007-10-15,1520.139,1529.884,1494.57,1524.571,4008203516
2007-10-16,1528.91,1540.144,1513.703,1540.13,3348438436
2007-10-17,1539.388,1549.12,1526.864,1533.274,3340222084
2007-10-18,1530.9,1530.9,1493.438,1494.592,3440162261
2007-10-19,1500.568,1515.159,1483.364,1494.433,2801550111
2007-10-22,1476.46,1486.822,1449.392,1452.778,2731205113
2007-10-23,1450.171,1463.922,1419.552,1461.427,2858946108
2007-10-24,1466.777,1476.688,1452.26,1453.051,2838224548
2007-10-25,1443.397,1443.397,1367.792,1374.121,3553621427
2007-10-26,1358.176,1390.586,1349.537,1378.056,2691161902
2007-10-29,1385.714,1403.856,1385.528,1403.856,2230133420
2007-10-30,1410.286,1427.772,1398.143,1427.772,2277895767
2007-10-31,1439.845,1463.537,1434.128,1463.537,3215381347
2007-11-01,1465.008,1465.067,1427.703,1427.891,2897349882
2007-11-02,1406.64,1412.516,1380.292,1386.634,2698333479
2007-11-05,1378.376,1398.471,1368.064,1377.199,2164577621
2007-11-06,1375.918,1395.344,1375.552,1379.655,1908672979
2007-11-07,1385.347,1395.284,1354.994,1379.301,2074143386
2007-11-08,1375.313,1375.313,1320.74,1321.048,2375073216
2007-11-09,1309.171,1324.313,1283.81,1300.778,2136476766
2007-11-12,1275.982,1287.292,1236.612,1280.728,2312227687
2007-11-13,1288.411,1302.218,1257.814,1271.739,2315202210
2007-11-14,1285.775,1319.447,1269.751,1319.447,2362191245
2007-11-15,1317.006,1323.939,1298.231,1301.594,2287529312
2007-11-16,1287.01,1291.142,1265.474,1287.973,1915560364
2007-11-19,1290.08,1306.918,1287.812,1303.749,2112043967
2007-11-20,1296.699,1332.894,1289.699,1327.477,2380421713
2007-11-21,1330.512,1343.876,1311.757,1313.819,2143066924
2007-11-22,1292.114,1298.81,1252.521,1253.283,1995885646
2007-11-23,1244.108,1272.14,1236.574,1272.14,1455090356
2007-11-26,1288.814,1297.409,1258.973,1259.063,1725616824
2007-11-27,1249.699,1260.555,1237.609,1239.42,1625102620
2007-11-28,1242.071,1251.261,1214.324,1219.981,1469328720
2007-11-29,1231.446,1259.717,1212.137,1257.267,2130343578
2007-11-30,1258.275,1260.693,1234.556,1236.305,1868320448
2007-12-03,1233.186,1257.534,1228.464,1249.244,1726621961
2007-12-04,1252.332,1271.975,1252.332,1261.269,1594457877
2007-12-05,1261.522,1297.459,1257.878,1296.715,2142283098
2007-12-06,1301.21,1304.246,1286.43,1297.587,1833577365
2007-12-07,1300.01,1318.562,1300.01,1318.562,2178771534
2007-12-10,1300.656,1354.061,1295.674,1352.655,3161748598
2007-12-11,1356.36,1361.553,1340.757,1357.026,3134894766
2007-12-12,1351.172,1362.548,1340.692,1352.53,3053052918
2007-12-13,1347.757,1353.619,1302.144,1302.247,3031030974
2007-12-14,1289.346,1331.736,1283.264,1331.736,2534414655
2007-12-17,1334.343,1335.624,1317.896,1319.201,2981221873
2007-12-18,1312.711,1325.874,1303.404,1309.973,1929248728
2007-12-19,1318.731,1343.627,1318.731,1339.091,2450214960
2007-12-20,1344.532,1360.118,1337.275,1357.391,2469859563
2007-12-21,1352.642,1376.358,1351.643,1375.887,2965071074
2007-12-24,1384.468,1412.249,1384.468,1399.582,3809119526
2007-12-25,1403.173,1413.071,1394.242,1409.806,3219096986
2007-12-26,1413.516,1433.058,1411.027,1433.058,3465656554
2007-12-27,1438.22,1456.94,1437.711,1453.471,4211209007
2007-12-28,1455.604,1456.702,1442.002,1447.024,3437492136
2008-01-02,1450.331,1476.887,1438.628,1472.444,3680366115
2008-01-03,1473.725,1494.634,1468.513,1494.634,4799292151
2008-01-04,1498.467,1511.835,1489.024,1508.636,3990882135
2008-01-07,1506.803,1531.428,1500.923,1527.997,4415332569
2008-01-08,1532.2,1538.57,1493.4,1505.561,4911784788
2008-01-09,1499.926,1539.628,1497.154,1539.628,3824733283
2008-01-10,1546.101,1571.346,1544.805,1556.266,4681592981
2008-01-11,1558.774,1561.491,1536.58,1554.043,3876438266
2008-01-14,1556.559,1573.738,1551.736,1570.396,3909244166
2008-01-15,1572.929,1584.396,1561.151,1576.501,4344462403
2008-01-16,1565.36,1565.36,1533.187,1538.356,4686362483
2008-01-17,1526.807,1550.326,1460.264,1501.354,4959845220
2008-01-18,1501.156,1518.333,1486.867,1518.272,3686672013
2008-01-21,1521.324,1524.007,1443.362,1448.177,3934811154
2008-01-22,1413.508,1413.508,1328.303,1337.235,4414279401
2008-01-23,1339.485,1401.518,1329.654,1400.856,4336588389
2008-01-24,1411.62,1439.694,1396.748,1427.217,4408598127
2008-01-25,1426.391,1443.455,1415.553,1434.205,3883531543
2008-01-28,1427.896,1427.896,1330.595,1335.96,3488290807
2008-01-29,1336.104,1369.143,1324.895,1344.794,2358107291
2008-01-30,1358.791,1378.744,1317.793,1347.806,2648622978
2008-01-31,1344.455,1353.711,1310.765,1311.289,2159447257
2008-02-01,1309.065,1317.403,1232.755,1274.921,2668977829
2008-02-04,1305.378,1375.729,1305.378,1375.729,2567555490
2008-02-05,1377.125,1394.15,1358.607,1376.84,2315093707
2008-02-13,1365.014,1378.991,1345.88,1360.64,1619931939
2008-02-14,1367.76,1388.497,1366.909,1381.117,1632054854
2008-02-15,1374.075,1374.075,1350.458,1371.011,1877012118
2008-02-18,1385.9,1413.11,1383.05,1405.326,2677378308
2008-02-19,1409.237,1435.581,1400.9,1435.58,2949855764
2008-02-20,1439.938,1450.885,1415.067,1417.016,3265758707
2008-02-21,1409.951,1434.08,1391.524,1423.205,3007731472
2008-02-22,1418.771,1420.287,1364.31,1381.998,3130559912
2008-02-25,1383.358,1391.384,1330.079,1331.23,2543336139
2008-02-26,1359.47,1372.787,1288.432,1322.324,2538919335
2008-02-27,1329.033,1356.891,1319.079,1355.305,2291263497
2008-02-28,1357.97,1368.467,1340.839,1356.606,2268794492
2008-02-29,1354.734,1373.948,1349.266,1373.89,2297868101
2008-03-03,1368.188,1410.703,1357.453,1410.579,3413781351
2008-03-04,1414.749,1423.25,1384.497,1388.458,3919544298
2008-03-05,1381.741,1391.735,1346.116,1380.885,3570433088
2008-03-06,1383.873,1400.79,1374.425,1388.103,4097349399
2008-03-07,1379.09,1391.143,1365.777,1369.839,2763147098
2008-03-10,1362.896,1362.896,1311.754,1319.011,2517553678
2008-03-11,1306.329,1324.383,1282.97,1324.383,2165929776
2008-03-12,1344.73,1351.978,1290.152,1290.751,2287234926
2008-03-13,1278.79,1283.809,1225.477,1248.188,2679947053
2008-03-14,1241.624,1253.682,1221.399,1237.295,1786454190
2008-03-17,1231.411,1231.411,1157.543,1158.886,2257025438
2008-03-18,1142.311,1161.279,1068.482,1082.283,2550282409
2008-03-19,1099.737,1142.083,1081.609,1120.044,2933978023
2008-03-20,1105.048,1166.762,1058.491,1156.676,3334438924
2008-03-21,1155.917,1183.268,1146.095,1173.137,2916775537
2008-03-24,1184.915,1192.506,1135.157,1135.157,2676742393
2008-03-25,1115.81,1158.089,1103.942,1150.469,2370037861
2008-03-26,1154.756,1176.205,1145.429,1153.642,2107909360
2008-03-27,1139.032,1140.122,1104.783,1105.118,2309423196
2008-03-28,1094.666,1141.143,1068.672,1139.733,2725294991
2008-03-31,1111.413,1128.991,1097.611,1098.493,2108645591
2008-04-01,1094.093,1103.901,1016.216,1018.033,2562646860
2008-04-02,1020.916,1034.51,970.004,980.285,2594176973
2008-04-03,971.764,1013.705,954.6,1005.894,2181931444
2008-04-07,995.044,1069.374,984.804,1067.625,2636866132
2008-04-08,1071.538,1099.217,1065.21,1087.856,2923806790
2008-04-09,1082.397,1103.583,1044.204,1044.204,2861239968
2008-04-10,1030.66,1067.037,1020.586,1067.037,2328968928
2008-04-11,1073.893,1089.131,1069.571,1077.017,2112275472
2008-04-14,1055.877,1055.877,1006.672,1009.161,2377079135
2008-04-15,1002.309,1028.765,981.771,1028.765,2149638165
2008-04-16,1024.742,1030.42,999.474,1004.179,1865605133
2008-04-17,1005.714,1021.178,958.053,971.663,2062016092
2008-04-18,964.168,969.271,929.996,930.627,1920634019
2008-04-21,992.209,993.589,911.96,921.715,2781454704
2008-04-22,907.122,919.638,871.343,915.737,2258520160
2008-04-23,910.586,963.582,904.79,960.213,2741068887
2008-04-24,1033.311,1045.757,1015.101,1043.799,5561368360
2008-04-25,1047.254,1086.242,1033.798,1058.421,5315018749
2008-04-28,1044.923,1059.696,1036.344,1045.027,3391098284
2008-04-29,1040.188,1063.276,1038.485,1055.803,3056509864
2008-04-30,1057.74,1100.136,1057.74,1097.759,4368514426
2008-05-05,1109.386,1131.396,1097.334,1129.995,4528758621
2008-05-06,1122.867,1137.142,1107.655,1122.646,4333075259
2008-05-07,1116.816,1129.551,1073.805,1073.806,4128485603
2008-05-08,1062.182,1102.52,1058.622,1102.52,3223657016
2008-05-09,1111.721,1117.221,1075.247,1097.418,3983385471
2008-05-12,1082.018,1123.025,1070.992,1111.966,3771221694
2008-05-13,1080.519,1122.991,1077.37,1109.901,4716690741
2008-05-14,1108.824,1139.092,1108.824,1139.092,4457361184
2008-05-15,1145.421,1155.684,1132.045,1133.139,4139947225
2008-05-16,1131.405,1140.882,1107.342,1124.294,3384197263
2008-05-19,1121.862,1128.11,1108.572,1120.243,2641693096
2008-05-20,1120.514,1127.302,1052.427,1057.878,3480296165
2008-05-21,1044.118,1084.25,1020.895,1079.553,3715824159
2008-05-22,1068.518,1085.218,1059.371,1063.848,3463824726
2008-05-23,1060.272,1070.228,1035.447,1052.033,2987753469
2008-05-26,1044.781,1044.781,1020.807,1021.567,2681867336
2008-05-27,1018.596,1034.349,1015.519,1031.04,2069768392
2008-05-28,1031.544,1062.075,1026.111,1056.542,2493428881
2008-05-29,1055.179,1058.122,1032.989,1033.692,2478697104
2008-05-30,1032.087,1041.989,1020.498,1036.993,2322601294
2008-06-02,1033.439,1046.823,1026.965,1039.613,2274122739
2008-06-03,1039.574,1043.536,1027.53,1034.593,2260008059
2008-06-04,1031.532,1032.461,1010.56,1021.357,2175424417
2008-06-05,1017.557,1020.72,1005.169,1011.622,1888414395
2008-06-06,1012.756,1017.999,1003.953,1009.112,1813700425
2008-06-10,970.553,970.553,924.647,928.201,2394283389
2008-06-11,911.66,916.943,892.191,903.035,2275516469
2008-06-12,897.984,907.28,872.917,890.996,2325645984
2008-06-13,891.105,897.317,854.882,855.803,1997546521
2008-06-16,853.596,861.574,826.414,840.047,2064313891
2008-06-17,837.491,847.968,796.89,801.973,2257635933
2008-06-18,796.436,847.821,774.775,843.19,3234097809
2008-06-19,836.649,836.649,778.657,780.56,2849023756
2008-06-20,783.36,824.832,754.627,794.746,3363776211
2008-06-23,784.883,796.652,775.683,779.935,2058268507
2008-06-24,776.81,805.87,775.691,801.497,2336002909
2008-06-25,800.227,839.905,798.353,839.696,3293042085
2008-06-26,837.683,854.874,829.395,846.829,3508421467
2008-06-27,821.159,823.674,787.058,795.859,3197086999
2008-06-30,785.957,803.024,777.889,793.132,1947315936
2008-07-01,794.412,797.565,773.52,776.67,2004510055
2008-07-02,777.792,793.652,773.124,784.886,2071674526
2008-07-03,774.606,822.496,765.782,811.763,3506211557
2008-07-04,808.399,819.484,800.122,807.191,2952787371
2008-07-07,807.82,846.947,807.82,846.947,3869605466
2008-07-08,850.191,859.47,836.098,857.4,4183390093
2008-07-09,860.759,885.006,860.759,885.006,4986786414
2008-07-10,874.857,895.084,866.659,870.013,4882860876
2008-07-11,866.006,873.24,847.613,860.218,3570201649
2008-07-14,853.374,873.316,850.439,871.299,3045950345
2008-07-15,874.147,878.734,840.131,843.227,3867154541
2008-07-16,834.462,835.355,795.494,808.009,3365881168
2008-07-17,817.955,828.37,796.082,800.455,2801731541
2008-07-18,805.869,826.226,787.761,824.677,2848027886
2008-07-21,821.529,854.921,816.518,852.765,3445385439
2008-07-22,853.806,861.581,849.325,854.829,3301416830
2008-07-23,857.983,861.953,845.469,846.102,3199509094
2008-07-24,849.57,868.143,849.57,866.64,3531057761
2008-07-25,859.484,868.967,854.06,860.689,3338085577
2008-07-28,864.857,874.34,864.857,869.124,3295744437
2008-07-29,860.685,860.685,849.41,855.842,3048671746
2008-07-30,863.338,867.17,846.053,852.521,2679282694
2008-07-31,853.851,855.913,827.569,827.587,2532756031
2008-08-01,822.709,841.673,810.195,835.684,2675662082
2008-08-04,830.322,833.918,814.561,815.807,2038389921
2008-08-05,814.879,819.78,788.641,790.712,2440943732
2008-08-06,794.168,799.714,778.739,790.647,2209343408
2008-08-07,789.416,797.372,781.403,791.917,1814541702
2008-08-08,792.136,792.2,747.187,747.34,2464589758
2008-08-11,743.755,743.755,695.879,698.367,2316218464
2008-08-12,689.323,701.703,684.215,694.295,1996523132
2008-08-13,690.497,703.652,672.246,697.151,2169596747
2008-08-14,693.415,703.698,689.51,698.683,1702357062
2008-08-15,697.66,706.216,689.213,697.131,1616777059
2008-08-18,698.234,698.844,655.621,656.082,1883676811
2008-08-19,647.688,666.181,643.073,665.222,1596504823
2008-08-20,661.904,713.718,655.965,712.823,3185405049
2008-08-21,704.788,715.671,687.919,688.954,2846370471
2008-08-22,684.361,686.302,663.413,676.76,1914556003
2008-08-25,676.583,683.983,667.646,673.448,1499465958
2008-08-26,667.1,667.1,638.487,646.468,1858968118
2008-08-27,643.963,655.542,631.651,642.815,1697649665
2008-08-28,641.983,648.934,638.351,642.308,1537057239
2008-08-29,643.821,665.85,643.033,659.183,2177051528
2008-09-01,655.096,655.096,634.041,637.507,1670175305
2008-09-02,633.982,641.894,627.053,635.489,1547783053
2008-09-03,632.712,636.927,618.804,627.504,2007676264
2008-09-04,625.503,637.65,623.232,631.8,1635036496
2008-09-05,617.134,621.374,607.528,608.178,1809825466
2008-09-08,607.941,610.49,581.398,583.277,1753374829
2008-09-09,584.325,589.85,578.0,585.529,1411064761
2008-09-10,583.097,597.616,576.359,588.308,1629696874
2008-09-11,586.578,590.077,573.452,575.324,1537953517
2008-09-12,574.419,584.686,574.419,578.762,1355209671
2008-09-16,577.475,578.925,566.077,570.745,1952344725
2008-09-17,569.101,575.044,558.619,559.949,1822120676
2008-09-18,549.878,556.8,522.891,547.094,2701267260
2008-09-19,590.866,595.749,586.336,595.722,3128698883
2008-09-22,629.615,643.29,599.207,618.339,6026316282
2008-09-23,598.91,600.7,584.1,584.257,3421764514
2008-09-24,572.544,589.256,567.834,589.256,2419836350
2008-09-25,590.389,612.828,589.676,607.794,4158026414
2008-09-26,609.776,617.921,601.432,614.042,3478320800
2008-10-06,603.749,603.749,590.047,590.915,2783786208
2008-10-07,572.767,592.337,566.01,586.11,2377175593
2008-10-08,573.534,580.35,566.547,570.65,2120343737
2008-10-09,579.921,581.956,562.537,562.607,2155908480
2008-10-10,543.875,543.875,529.703,531.426,2305659612
2008-10-13,526.452,541.315,508.901,541.315,2332282280
2008-10-14,556.388,559.126,529.617,529.617,3076819494
2008-10-15,524.843,528.745,519.113,524.698,2003763036
2008-10-16,507.422,512.216,500.056,500.297,2657108649
2008-10-17,503.407,506.972,496.028,504.517,1992891774
2008-10-20,504.516,521.673,498.052,520.376,2342351460
2008-10-21,521.579,530.15,517.722,519.126,2854831934
2008-10-22,513.434,522.389,510.456,510.658,2265738821
2008-10-23,504.162,514.817,500.579,514.564,2189682176
2008-10-24,514.171,517.399,501.517,505.817,2014919296
2008-10-27,498.085,498.085,472.387,472.985,2551643904
2008-10-28,464.25,485.577,462.099,483.271,2886170624
2008-10-29,488.836,489.946,472.238,472.364,2559174400
2008-10-30,474.631,484.362,469.521,477.773,2409041152
2008-10-31,476.797,479.103,468.677,470.911,1816564864
2008-11-03,468.108,473.289,464.702,466.052,1632787456
2008-11-04,464.848,464.848,452.33,456.974,1846510720
2008-11-05,459.258,475.112,459.258,470.855,2523166464
2008-11-06,461.988,465.378,458.487,463.009,2022266880
2008-11-07,456.731,469.749,454.398,467.353,2158990080
2008-11-10,473.865,497.608,473.865,497.352,3981361920
2008-11-11,497.496,505.551,492.298,494.542,4563180544
2008-11-12,489.818,501.806,488.035,501.761,3353897216
2008-11-13,522.578,522.578,522.578,522.578,0
2008-11-14,526.992,545.336,522.915,545.336,6628766720
2008-11-17,544.5,563.613,540.785,563.613,6680680960
2008-11-18,560.408,565.727,523.127,524.981,7168088064
2008-11-19,522.247,558.592,522.247,557.306,6042750976
2008-11-20,549.123,569.126,544.743,556.727,6748475904
2008-11-21,541.625,564.529,529.053,552.459,6131889664
2008-11-24,551.602,555.704,532.688,532.816,3986763520
2008-11-25,539.622,543.897,521.709,531.604,3228267776
2008-11-26,531.343,540.805,526.736,535.005,2857979392
2008-11-27,544.062,544.062,544.062,544.062,0
2008-11-28,538.983,545.879,535.208,539.367,3640421888
2008-12-01,537.347,554.609,533.087,554.609,4265463552
2008-12-02,543.963,567.738,541.546,562.474,5832875008
2008-12-03,565.83,584.427,565.83,584.425,6804083712
2008-12-04,590.087,607.109,587.148,587.429,8619967488
2008-12-05,584.265,601.085,583.272,600.713,6150715904
2008-12-08,607.999,622.897,607.003,622.897,7940454912
2008-12-09,625.206,625.807,607.894,610.19,6933500928
2008-12-10,606.204,624.76,601.86,624.331,6075328512
2008-12-11,623.706,628.378,608.58,608.796,5871834624
2008-12-12,603.994,606.464,577.12,584.741,5268247040
2008-12-15,591.761,596.285,579.138,590.364,4018111232
2008-12-16,586.943,601.759,576.366,601.759,4106630144
2008-12-17,603.062,615.147,601.927,607.393,5039520256
2008-12-18,607.752,617.645,602.214,617.266,4854392832
2008-12-19,616.985,627.877,615.67,622.901,5437981696
2008-12-22,622.958,626.838,612.395,621.805,5084279808
2008-12-23,622.82,622.82,587.087,587.205,5749002240
2008-12-24,579.203,583.766,570.023,575.069,3995017728
2008-12-25,576.413,581.752,565.138,572.995,3454003200
2008-12-26,571.024,576.017,566.349,569.377,2990763776
2008-12-29,565.149,567.447,550.498,565.169,2744435968
2008-12-30,564.162,567.736,556.585,560.425,2927805952
2008-12-31,560.174,562.485,552.397,553.301,2975640064
2009-01-05,560.097,571.134,557.687,571.134,3410975488
2009-01-06,569.278,587.676,566.723,586.332,4925388800
2009-01-07,585.504,590.658,582.341,584.705,4618436608
2009-01-08,573.94,577.834,567.622,573.093,4046703360
2009-01-09,572.256,586.657,572.256,585.852,3981107456
2009-01-12,584.455,596.649,583.085,588.723,4678428160
2009-01-13,581.691,584.929,571.368,571.622,4202038272
2009-01-14,570.201,594.015,570.201,594.015,4413911040
2009-01-15,589.189,603.118,587.41,595.867,5725842944
2009-01-16,598.536,609.447,598.536,600.689,6267353088
2009-01-19,603.817,608.543,594.931,601.252,4841350656
2009-01-20,599.89,606.813,596.226,606.813,3888203264
2009-01-21,599.61,610.822,597.069,604.573,4731524608
2009-01-22,607.349,613.519,603.903,613.156,4734001664
2009-01-23,612.135,616.483,608.176,610.274,4438000640
2009-02-02,615.264,623.008,611.827,623.008,4660300288
2009-02-03,623.294,639.046,621.293,639.046,7129654784
2009-02-04,642.016,652.985,641.355,652.985,7697346048
2009-02-05,652.652,660.684,639.388,644.655,8636239872
2009-02-06,646.194,673.081,646.194,672.813,8615329792
2009-02-09,682.481,698.679,677.386,696.331,10283273216
2009-02-10,694.464,714.671,685.86,714.671,9470784512
2009-02-11,703.438,733.501,699.345,716.404,11046362112
2009-02-12,717.541,723.122,694.356,723.122,9257944064
2009-02-13,724.159,750.28,722.739,749.312,10397997056
2009-02-16,756.179,763.302,744.024,763.302,10711401472
2009-02-17,762.416,763.187,736.79,736.975,9910093824
2009-02-18,721.834,735.887,706.619,707.029,8193269248
2009-02-19,712.881,725.488,707.394,722.095,6852973568
2009-02-20,724.252,744.065,718.622,744.065,7003555840
2009-02-23,743.484,769.855,739.108,767.443,8476959232
2009-02-24,759.699,771.99,734.979,737.929,10148328448
2009-02-25,743.951,749.318,713.139,734.884,8296135680
2009-02-26,734.072,743.945,680.202,689.923,7900288000
2009-02-27,679.109,682.776,650.735,659.065,6470814720
2009-03-02,649.959,675.726,648.593,672.851,4875150848
2009-03-03,657.155,681.34,652.431,673.852,5416811520
2009-03-04,676.276,716.69,676.276,715.483,7429498880
2009-03-05,723.883,730.027,704.864,719.005,8254029312
2009-03-06,706.221,721.53,703.083,715.004,6003300864
2009-03-09,718.009,726.076,683.827,686.467,6074532864
2009-03-10,678.019,699.801,675.496,699.801,4208776448
2009-03-11,712.882,715.212,692.877,695.695,5199645696
2009-03-12,692.29,698.886,675.837,696.977,4556393984
2009-03-13,699.662,706.374,691.031,692.671,4305275904
2009-03-16,690.849,702.913,686.985,702.36,3840302080
2009-03-17,703.72,732.076,702.242,729.687,6718450688
2009-03-18,733.202,749.797,732.266,737.434,7970360832
2009-03-19,738.461,753.25,737.289,752.532,7303118336
2009-03-20,754.363,757.51,738.976,752.353,7893460992
2009-03-23,753.357,772.359,751.026,769.347,8412091392
2009-03-24,777.158,779.265,769.603,774.297,8160997376
2009-03-25,770.558,778.819,757.07,757.07,7227731456
2009-03-26,755.797,774.045,743.54,774.045,6697150464
2009-03-27,779.512,785.814,773.686,778.544,8230515200
2009-03-30,778.646,782.543,772.444,777.389,6809672704
2009-03-31,763.114,784.077,758.189,784.077,6769090560
2009-04-01,787.829,803.929,787.829,798.741,8960911360
2009-04-02,801.461,811.849,798.646,805.12,8943903744
2009-04-03,810.307,812.461,795.335,801.063,8262326272
2009-04-07,802.085,808.968,796.759,807.011,6326943232
2009-04-08,804.324,806.759,780.461,780.461,7257138688
2009-04-09,778.802,793.132,773.062,793.132,5992056320
2009-04-10,798.702,821.15,797.929,820.835,8340729344
2009-04-13,828.551,838.119,827.771,835.91,9418644480
2009-04-14,835.283,852.642,830.214,850.564,9118279680
2009-04-15,847.068,860.374,839.067,860.374,9512590336
2009-04-16,861.73,864.794,846.163,859.509,9975686144
2009-04-17,857.159,859.054,836.994,845.796,8601776128
2009-04-20,843.106,864.788,842.476,864.788,8476910592
2009-04-21,855.193,863.864,842.019,856.107,9059079168
2009-04-22,859.433,866.013,812.337,819.136,9287810048
2009-04-23,811.622,830.198,804.869,825.222,6255424512
2009-04-24,828.129,831.91,820.953,821.172,5957252096
2009-04-27,819.241,821.57,791.003,794.952,5745176064
2009-04-28,788.176,801.451,785.75,798.304,4945483264
2009-04-29,797.574,819.869,795.459,817.587,6145424384
2009-04-30,822.822,832.307,820.835,828.96,6870873600
2009-05-04,832.306,859.619,832.306,859.619,7474643456
2009-05-05,864.784,871.605,861.099,867.232,7803657216
2009-05-06,866.123,883.48,863.262,883.477,8168256000
2009-05-07,888.54,892.274,864.203,878.18,9314484224
2009-05-08,872.642,884.502,861.897,879.93,8663474176
2009-05-11,883.658,885.79,849.81,849.826,9137711104
2009-05-12,841.426,872.194,840.192,872.194,6185222144
2009-05-13,873.762,883.51,870.824,880.604,7438288384
2009-05-14,873.03,883.573,869.168,880.753,6767339008
2009-05-15,882.647,890.052,878.071,885.728,6291650048
2009-05-18,883.325,893.401,868.964,892.231,6136562688
2009-05-19,898.292,903.185,894.741,900.148,7950045184
2009-05-20,901.746,906.914,895.859,897.368,7680309248
2009-05-21,891.922,895.42,873.535,878.091,7239013888
2009-05-22,874.435,883.829,869.993,876.579,5220512768
2009-05-25,856.991,883.534,850.155,881.195,6356374528
2009-05-26,881.358,889.256,876.462,877.299,6736404480
2009-05-27,882.03,885.596,872.793,881.767,5511772160
2009-06-01,889.886,902.917,889.886,900.931,6583872000
2009-06-02,905.698,911.931,903.603,907.497,7227088896
2009-06-03,907.934,920.815,907.034,920.815,7645006336
2009-06-04,918.026,923.682,906.714,920.953,8156288000
2009-06-05,923.376,927.507,916.725,917.209,7547024384
2009-06-08,916.561,923.426,907.587,914.007,6678457344
2009-06-09,914.753,920.689,900.062,920.689,6908483584
2009-06-10,925.701,933.759,923.836,932.132,7469668864
2009-06-11,929.513,934.561,918.839,922.616,6735423488
2009-06-12,920.935,925.483,897.245,903.74,6577776640
2009-06-15,903.169,916.495,899.841,916.495,5280769536
2009-06-16,908.843,919.461,905.441,916.547,5170310144
2009-06-17,915.561,934.358,911.856,933.021,6185162240
2009-06-18,934.207,943.07,934.207,940.848,6788704256
2009-06-19,941.942,946.862,936.709,943.868,7335514112
2009-06-22,948.798,950.827,935.89,938.765,6868595200
2009-06-23,926.882,945.704,923.503,936.728,6440909824
2009-06-24,937.619,953.932,937.619,953.932,6512040448
2009-06-25,955.373,960.201,950.019,954.408,6312075264
2009-06-26,957.569,960.598,952.866,958.682,5771126784
2009-06-29,959.185,971.099,956.107,968.54,6555501056
2009-06-30,970.614,971.462,959.468,962.267,6226096128
2009-07-01,959.853,977.461,958.556,977.461,6865947136
2009-07-02,980.743,987.019,977.627,987.019,7814671872
2009-07-03,981.219,1000.676,978.025,1000.676,8325535744
2009-07-06,1003.143,1011.366,999.224,1010.586,8563044864
2009-07-07,1008.746,1019.583,1001.911,1008.2,8340503040
2009-07-08,1000.997,1022.255,996.533,1019.789,7366001152
2009-07-09,1020.962,1037.593,1019.754,1037.593,8632689664
2009-07-10,1038.721,1050.5,1035.387,1042.799,8820151296
2009-07-13,1041.649,1055.638,1038.972,1047.068,8280218624
2009-07-14,1051.651,1068.931,1051.651,1068.931,8598334464
2009-07-15,1072.485,1078.569,1071.055,1077.846,9515766784
2009-07-16,1082.044,1088.007,1073.112,1076.38,9425351680
2009-07-17,1075.313,1086.194,1072.762,1084.386,8187921920
2009-07-20,1087.289,1104.19,1085.166,1104.19,9660584960
2009-07-21,1104.928,1104.928,1080.072,1081.936,9625224192
2009-07-22,1078.95,1099.708,1078.95,1098.493,8407382016
2009-07-23,1100.45,1108.668,1097.698,1108.668,8570991616
2009-07-24,1113.794,1116.393,1085.553,1105.502,8945173504
2009-07-27,1110.525,1126.07,1107.011,1126.009,8864856064
2009-07-28,1128.77,1138.585,1118.92,1138.515,10272676864
2009-07-29,1134.869,1136.817,1046.386,1072.105,10825496267
2009-07-30,1075.56,1092.16,1047.699,1084.045,8758080512
2009-07-31,1091.91,1118.594,1087.07,1117.99,8665243648
2009-08-03,1122.505,1140.539,1116.174,1140.535,9805388800
2009-08-04,1143.598,1150.196,1124.28,1149.274,10451984384
2009-08-05,1148.54,1154.501,1125.311,1144.136,9742577664
2009-08-06,1135.575,1146.724,1106.136,1125.548,8973599744
2009-08-07,1121.93,1130.781,1084.471,1087.229,7604521984
2009-08-10,1098.285,1107.741,1073.568,1092.194,6149623296
2009-08-11,1096.001,1104.377,1086.183,1100.791,5123280384
2009-08-12,1097.482,1097.482,1049.54,1052.512,6503650304
2009-08-13,1052.864,1063.841,1034.54,1060.857,5477755392
2009-08-14,1060.795,1065.498,1022.922,1022.922,6130905600
2009-08-17,1006.268,1010.698,955.39,955.866,6075198464
2009-08-18,944.634,972.104,940.075,968.392,4916537856
2009-08-19,969.031,970.938,913.093,921.315,5547181568
2009-08-20,919.509,957.91,918.753,956.516,5571776000
2009-08-21,953.666,981.092,948.07,979.988,6302701568
2009-08-24,983.093,1002.572,975.752,998.834,6434351616
2009-08-25,993.631,993.631,947.208,975.529,7137569280
2009-08-26,968.925,1011.092,964.146,1003.273,6846589952
2009-08-27,997.48,1019.647,989.506,1005.139,7098985984
2009-08-28,1002.9,1007.325,970.738,974.289,5787250176
2009-08-31,960.469,960.469,903.793,904.702,5820106240
2009-09-01,894.814,919.789,887.564,900.533,4925804032
2009-09-02,894.174,911.932,890.43,906.86,4088334848
2009-09-03,907.723,958.558,907.573,956.686,6110750208
2009-09-04,956.229,973.816,952.34,968.545,6230329856
2009-09-07,973.681,993.272,970.518,979.449,6627398656
2009-09-08,974.185,999.775,963.842,999.775,6500253696
2009-09-09,1003.426,1011.321,993.125,1010.518,6979673088
2009-09-10,1004.385,1013.609,995.597,1000.626,5776311296
2009-09-11,996.809,1021.917,996.198,1016.514,6274464256
2009-09-14,1019.887,1043.213,1019.887,1041.332,7708546560
2009-09-15,1043.279,1056.094,1035.69,1049.718,7787838976
2009-09-16,1046.78,1053.531,1026.223,1045.157,7811630080
2009-09-17,1047.113,1068.703,1047.113,1065.101,8131395584
2009-09-18,1067.769,1070.027,1020.743,1030.101,9009509376
2009-09-21,1018.69,1039.33,997.456,1039.33,6680978432
2009-09-22,1036.018,1050.547,1016.972,1016.972,6499467776
2009-09-23,1014.169,1023.458,981.13,987.661,5835240960
2009-09-24,981.764,997.713,956.581,983.322,5203321856
2009-09-25,978.757,988.907,969.865,976.801,3931491328
2009-09-28,979.345,989.191,947.988,951.267,3771199488
2009-09-29,950.298,954.832,921.785,937.156,3977670912
2009-09-30,942.426,957.775,942.426,949.233,3489017856
2009-10-09,966.988,997.346,966.765,997.319,4346450432
2009-10-12,1000.042,1007.349,990.827,998.747,4611758592
2009-10-13,996.541,1013.276,994.078,1013.276,4231649280
2009-10-14,1016.342,1035.282,1015.549,1021.103,6177362944
2009-10-15,1028.677,1036.204,1019.942,1025.204,5361841152
2009-10-16,1027.948,1032.908,1011.974,1028.417,5099398656
2009-10-19,1029.152,1058.174,1028.053,1058.174,6894368256
2009-10-20,1064.088,1073.48,1059.87,1073.48,7693643264
2009-10-21,1072.622,1083.303,1067.466,1069.558,7605464576
2009-10-22,1066.965,1077.758,1062.954,1069.864,6746171904
2009-10-23,1071.712,1091.447,1071.712,1085.465,8116204032
2009-10-26,1087.636,1091.167,1076.002,1086.839,7063919104
2009-10-27,1078.953,1079.582,1055.806,1055.806,7189034496
2009-10-28,1051.379,1067.139,1043.565,1067.139,6045999104
2009-10-29,1049.795,1057.172,1042.025,1043.951,6014851584
2009-10-30,1059.083,1068.398,1051.054,1053.974,6600065536
2009-11-02,1032.344,1085.651,1026.875,1085.651,7685968384
2009-11-03,1088.132,1105.941,1086.905,1104.309,9440648192
2009-11-04,1105.957,1116.833,1100.533,1112.346,9303090176
2009-11-05,1112.924,1119.516,1104.16,1117.231,8014144000
2009-11-06,1123.042,1131.277,1120.657,1123.824,9354202112
2009-11-09,1124.701,1130.629,1117.203,1130.567,7892663808
2009-11-10,1136.923,1141.646,1134.0,1134.684,8056866816
2009-11-11,1133.462,1138.748,1124.704,1135.497,7135029248
2009-11-12,1137.583,1151.148,1137.583,1141.333,7850494976
2009-11-13,1136.973,1152.575,1128.334,1152.575,8101093376
2009-11-16,1159.809,1181.629,1159.809,1181.629,10589012992
2009-11-17,1186.5,1189.228,1177.607,1185.17,9209947136
2009-11-18,1185.742,1191.559,1178.521,1188.471,9053663232
2009-11-19,1190.312,1202.704,1185.81,1202.704,9728375808
2009-11-20,1199.398,1216.232,1194.106,1208.824,9933633536
2009-11-23,1210.096,1227.259,1208.784,1227.259,9456570368
2009-11-24,1231.356,1237.05,1170.222,1175.082,13590235136
2009-11-25,1170.94,1214.236,1165.512,1214.236,10560514048
2009-11-26,1216.491,1224.657,1166.072,1171.724,12407445504
2009-11-27,1153.077,1173.931,1130.017,1137.654,8926927872
2009-11-30,1146.46,1185.942,1146.46,1185.942,7700515328
2009-12-01,1185.711,1212.925,1181.222,1212.6,8999834624
2009-12-02,1217.047,1232.215,1214.197,1228.236,9772214272
2009-12-03,1226.796,1235.077,1219.323,1234.167,9019724800
2009-12-04,1230.286,1240.642,1184.18,1214.738,10888468480
2009-12-07,1215.829,1232.794,1215.421,1232.238,7213710848
2009-12-08,1234.123,1236.41,1216.275,1228.859,7893352448
2009-12-09,1216.891,1226.786,1207.418,1211.79,6502823424
2009-12-10,1217.304,1227.049,1209.339,1220.021,5514405376
2009-12-11,1224.254,1230.279,1215.026,1218.739,5711242240
2009-12-14,1218.798,1219.409,1189.999,1217.98,6154099712
2009-12-15,1214.82,1223.295,1210.922,1214.854,6078689280
2009-12-16,1210.556,1216.559,1198.946,1201.972,5180540416
2009-12-17,1202.696,1206.751,1167.263,1168.757,5534442496
2009-12-18,1157.273,1157.273,1126.373,1127.878,5514332672
2009-12-21,1126.886,1140.396,1123.609,1140.396,3921648128
2009-12-22,1142.483,1143.611,1107.079,1109.372,4550192128
2009-12-23,1108.285,1129.208,1108.285,1127.951,4059769600
2009-12-24,1130.273,1167.888,1128.668,1166.007,5518983168
2009-12-25,1165.267,1174.61,1159.169,1168.172,4926910464
2009-12-28,1170.495,1186.196,1170.495,1186.196,5198322688
2009-12-29,1187.77,1191.071,1173.704,1191.071,5564257280
2009-12-30,1190.675,1194.319,1182.591,1193.9,6184243712
2009-12-31,1193.32,1201.342,1187.657,1201.342,5390406144
2010-01-04,1207.334,1209.003,1198.118,1198.764,5748769280
2010-01-05,1199.749,1205.49,1186.456,1205.49,7158611968
2010-01-06,1204.658,1216.78,1200.542,1203.244,7014119157
2010-01-07,1202.107,1205.952,1174.492,1179.986,7285898240
2010-01-08,1175.098,1187.86,1166.689,1187.86,5836455424
2010-01-11,1201.207,1203.739,1183.492,1189.949,7008639488
2010-01-12,1189.576,1213.104,1184.535,1213.104,7726240342
2010-01-13,1187.107,1209.877,1182.561,1193.733,8426158592
2010-01-14,1195.452,1219.111,1195.452,1219.111,8214562304
2010-01-15,1221.646,1228.072,1216.383,1226.72,7366466048
2010-01-18,1225.157,1241.341,1222.082,1240.981,7522992640
2010-01-19,1242.682,1243.553,1232.281,1237.212,7515453952
2010-01-20,1237.948,1238.884,1188.552,1191.748,9048611840
2010-01-21,1190.738,1199.635,1179.875,1194.208,5985298944
2010-01-22,1180.785,1181.092,1142.792,1161.89,6862093312
2010-01-25,1154.035,1164.948,1147.645,1148.488,4500421120
2010-01-26,1149.999,1154.917,1104.88,1112.409,5220548096
2010-01-27,1110.907,1121.779,1094.03,1103.637,4255304960
2010-01-28,1101.85,1116.76,1096.134,1113.732,4192967680
2010-01-29,1108.807,1133.334,1104.385,1120.446,5023228928
2010-02-01,1117.143,1118.244,1090.512,1102.687,5288151552
2010-02-02,1105.88,1118.915,1095.984,1096.292,4636432896
2010-02-03,1097.953,1116.6,1066.502,1116.6,6044169216
2010-02-04,1110.7,1128.998,1105.013,1119.769,6355852288
2010-02-05,1096.601,1110.529,1088.625,1097.115,6517355520
2010-02-08,1095.14,1103.69,1091.507,1099.153,4149096704
2010-02-09,1096.736,1104.954,1094.048,1100.41,3713580032
2010-02-10,1106.61,1117.399,1105.634,1117.399,3382370048
2010-02-11,1117.031,1124.278,1114.779,1118.583,3294139392
2010-02-12,1120.8,1131.244,1120.8,1130.518,3157746944
2010-02-22,1129.888,1137.97,1125.044,1129.378,3752205056
2010-02-23,1127.173,1128.084,1107.349,1128.084,4564469760
2010-02-24,1122.911,1153.944,1118.729,1153.944,5953856512
2010-02-25,1157.252,1174.349,1157.252,1173.657,7127320576
2010-02-26,1171.192,1177.874,1167.112,1172.333,6440050176
2010-03-01,1173.734,1186.262,1173.522,1184.881,6895343616
2010-03-02,1185.55,1189.724,1177.958,1183.951,7140120576
2010-03-03,1183.262,1194.796,1178.926,1194.109,7463677952
2010-03-04,1195.639,1200.778,1155.575,1158.401,8362134528
2010-03-05,1157.243,1168.227,1150.84,1161.418,5487022080
2010-03-08,1164.58,1175.615,1161.882,1172.802,4970962432
2010-03-09,1172.068,1180.953,1160.922,1177.102,5722181632
2010-03-10,1176.586,1181.818,1159.038,1164.912,5197923840
2010-03-11,1164.395,1170.016,1150.546,1163.459,4697601024
2010-03-12,1163.016,1165.795,1146.772,1147.442,4562935296
2010-03-15,1145.807,1148.114,1129.846,1135.371,3804298752
2010-03-16,1135.688,1143.2,1129.429,1142.766,3540232448
2010-03-17,1145.901,1170.483,1145.223,1170.483,5243024384
2010-03-18,1172.38,1179.732,1166.896,1172.033,5572111360
2010-03-19,1172.807,1182.2,1167.34,1181.5,5610560512
2010-03-22,1182.861,1187.763,1178.521,1186.533,5750021632
2010-03-23,1186.458,1187.595,1177.424,1181.807,5599827456
2010-03-24,1183.145,1190.243,1183.145,1187.533,5892813312
2010-03-25,1185.423,1185.423,1172.638,1175.272,6062326272
2010-03-26,1172.566,1188.413,1166.41,1186.233,5057183232
2010-03-29,1190.354,1201.243,1190.354,1200.981,6093338624
2010-03-30,1201.302,1210.274,1197.992,1208.57,5629913600
2010-03-31,1208.984,1213.595,1205.877,1211.248,5899148800
2010-04-01,1212.243,1231.59,1212.243,1228.624,7698404864
2010-04-02,1229.073,1236.314,1227.933,1234.533,7531246080
2010-04-06,1238.125,1240.99,1229.063,1237.426,7176274944
2010-04-07,1236.777,1240.775,1231.166,1240.775,6471057408
2010-04-08,1238.774,1242.344,1230.122,1232.252,7142186496
2010-04-09,1232.414,1249.877,1232.414,1249.877,6839551488
2010-04-12,1253.712,1255.776,1243.717,1252.658,8735007744
2010-04-13,1252.619,1256.421,1210.237,1238.222,9376106496
2010-04-14,1236.597,1247.302,1232.253,1247.302,7165964288
2010-04-15,1247.035,1248.971,1221.435,1231.582,7341672448
2010-04-16,1227.502,1238.919,1218.717,1229.72,5611875328
2010-04-19,1217.86,1219.353,1175.337,1175.337,8066182144
2010-04-20,1173.142,1181.941,1152.491,1179.28,7053581312
2010-04-21,1179.65,1212.2,1179.636,1211.648,8006214144
2010-04-22,1209.127,1223.47,1199.774,1213.413,8118312448
2010-04-23,1210.472,1221.75,1199.788,1204.439,7420457984
2010-04-26,1204.217,1208.082,1195.658,1197.715,6254026752
2010-04-27,1193.099,1193.099,1148.504,1168.562,6843291648
2010-04-28,1154.478,1173.849,1147.852,1161.548,5306409984
2010-04-29,1165.569,1171.533,1132.187,1132.224,5779763712
2010-04-30,1127.514,1129.975,1091.739,1112.679,5608709632
2010-05-04,1092.521,1117.67,1085.444,1104.859,4103847168
2010-05-05,1093.768,1129.497,1091.035,1129.497,5358149632
2010-05-06,1126.035,1127.881,1088.211,1088.314,5691965952
2010-05-07,1061.791,1086.84,1054.771,1064.168,5311730688
2010-05-10,1063.021,1073.21,1027.381,1049.986,5025913856
2010-05-11,1070.321,1073.977,1022.613,1024.648,5141518336
2010-05-12,1015.517,1030.263,995.064,1012.244,4629044224
2010-05-13,1012.6,1038.241,998.617,1038.241,4730277888
2010-05-14,1031.332,1046.034,1025.65,1039.644,4346198016
2010-05-17,1025.007,1025.007,977.604,977.604,4568931840
2010-05-18,973.07,997.059,956.249,993.643,5025193984
2010-05-19,985.978,1011.533,978.054,997.461,4469449216
2010-05-20,989.452,1012.22,982.023,983.874,4228956160
2010-05-21,957.819,1008.479,953.091,1008.479,5185688576
2010-05-24,1016.346,1054.583,1016.337,1051.619,7036900352
2010-05-25,1044.667,1052.021,1031.163,1040.094,5787135488
2010-05-26,1037.584,1048.87,1031.915,1039.455,4455757312
2010-05-27,1037.402,1062.879,1025.489,1060.334,5584126976
2010-05-28,1069.727,1073.264,1055.748,1062.777,5878467584
2010-05-31,1058.026,1069.69,1033.495,1033.495,5339155968
2010-06-01,1023.098,1032.648,997.479,1016.54,5057736704
2010-06-02,1012.122,1031.408,1001.986,1031.408,4151883520
2010-06-03,1035.572,1046.963,1024.755,1024.756,4965809152
2010-06-04,1018.539,1035.98,1015.65,1034.927,4216526592
2010-06-07,1014.488,1036.227,1010.905,1033.322,4736871936
2010-06-08,1031.224,1044.987,1028.077,1041.09,4720721920
2010-06-09,1045.274,1066.918,1045.029,1066.918,6379716096
2010-06-10,1061.903,1077.024,1058.932,1069.199,6464708096
2010-06-11,1073.323,1076.195,1065.325,1066.104,5369314304
2010-06-17,1071.645,1075.194,1049.501,1049.518,4269160192
2010-06-18,1047.155,1047.593,1006.339,1011.661,5054616064
2010-06-21,1008.234,1041.329,998.511,1041.329,5114105856
2010-06-22,1038.657,1053.552,1036.507,1047.556,4808931840
2010-06-23,1041.8,1054.324,1031.793,1045.16,4582545920
2010-06-24,1044.096,1053.623,1039.763,1047.234,3706087680
2010-06-25,1042.193,1042.543,1019.707,1028.611,3962142976
2010-06-28,1026.862,1030.462,1009.141,1012.911,3239270144
2010-06-29,1012.376,1016.049,957.84,957.84,4902365696
2010-06-30,947.481,947.972,931.759,945.293,3788557312
2010-07-01,943.11,950.94,931.268,931.347,3560101888
2010-07-02,929.453,931.917,890.237,925.678,4499926016
2010-07-05,914.235,926.941,904.421,921.339,3405090304
2010-07-06,918.682,946.81,917.93,945.681,4259502336
2010-07-07,947.136,958.39,942.929,958.39,4208034048
2010-07-08,961.746,965.49,947.967,956.264,4109378560
2010-07-09,955.903,987.99,948.652,984.319,5827999232
2010-07-12,984.684,997.596,982.186,993.633,5866689024
2010-07-13,985.423,985.423,970.148,979.773,5083206656
2010-07-14,980.856,995.577,979.467,984.328,4898024448
2010-07-15,982.584,992.271,963.744,963.823,4517601792
2010-07-16,959.074,971.63,948.791,969.47,3848369664
2010-07-19,960.712,995.861,957.39,993.067,4915910144
2010-07-20,993.762,1021.121,993.762,1020.357,7279318528
2010-07-21,1021.054,1032.919,1017.186,1020.957,6993466368
2010-07-22,1018.541,1035.782,1017.023,1035.782,6197593088
2010-07-23,1037.496,1040.911,1026.76,1039.02,6291573248
2010-07-26,1040.596,1050.687,1035.82,1050.687,6141452800
2010-07-27,1048.721,1054.616,1043.472,1049.438,5737515008
2010-07-28,1047.851,1072.165,1044.547,1071.954,7858352640
2010-07-29,1074.133,1079.653,1065.884,1076.878,8381564928
2010-07-30,1074.717,1078.222,1064.244,1075.445,6727240704
2010-08-02,1076.008,1097.027,1075.989,1097.027,7497761792
2010-08-03,1099.132,1101.212,1078.976,1078.976,8188524544
2010-08-04,1074.672,1086.987,1061.817,1086.987,7300431360
2010-08-05,1086.599,1096.651,1079.172,1086.328,7319802368
2010-08-06,1085.303,1107.437,1077.261,1107.437,8099087360
2010-08-09,1107.664,1122.325,1106.621,1122.324,8037741056
2010-08-10,1122.517,1124.333,1085.63,1085.63,8222093824
2010-08-11,1080.998,1098.996,1080.964,1096.285,5886768128
2010-08-12,1084.422,1102.489,1080.029,1083.117,6636578816
2010-08-13,1083.135,1102.795,1077.19,1102.795,6005215232
2010-08-16,1102.392,1129.958,1099.69,1128.024,8069877760
2010-08-17,1130.346,1141.169,1127.4,1138.095,7911064064
2010-08-18,1138.81,1142.922,1128.325,1138.031,7867048960
2010-08-19,1138.132,1149.926,1132.491,1141.349,8191700992
2010-08-20,1136.41,1137.449,1114.337,1117.328,8165677568
2010-08-23,1117.023,1126.356,1116.904,1121.645,6507835904
2010-08-24,1120.361,1140.746,1112.991,1135.546,7238864384
2010-08-25,1129.17,1134.519,1110.414,1111.52,7206126080
2010-08-26,1113.603,1123.642,1109.924,1118.996,6270774784
2010-08-27,1117.628,1129.83,1113.782,1128.488,5318570496
2010-08-30,1134.557,1158.618,1134.557,1158.216,7587233280
2010-08-31,1154.545,1170.422,1151.44,1166.503,8503448064
2010-09-01,1167.534,1172.792,1138.258,1151.167,9361620992
2010-09-02,1160.17,1176.184,1154.801,1172.34,8802851840
2010-09-03,1174.9,1183.306,1164.497,1178.256,9141540864
2010-09-06,1184.377,1188.484,1170.627,1178.346,9324045312
2010-09-07,1177.635,1186.521,1172.108,1186.521,7622773248
2010-09-08,1181.882,1196.307,1178.339,1195.475,8002833408
2010-09-09,1197.731,1199.882,1177.039,1179.126,9528758272
2010-09-10,1178.37,1189.164,1162.692,1187.442,8179964416
2010-09-13,1188.503,1208.386,1186.65,1206.211,8090359808
2010-09-14,1208.86,1213.084,1202.486,1207.642,8351346688
2010-09-15,1206.74,1206.74,1179.081,1182.234,8092945920
2010-09-16,1180.134,1184.736,1145.466,1156.512,7764000768
2010-09-17,1157.321,1166.337,1149.369,1157.119,5872140800
2010-09-20,1158.11,1160.819,1138.143,1144.279,5523576832
2010-09-21,1146.751,1150.196,1137.168,1144.549,4248722688
2010-09-27,1148.839,1170.698,1148.606,1170.543,5022682624
2010-09-28,1169.104,1172.241,1160.881,1163.317,5793444864
2010-09-29,1161.845,1164.607,1147.25,1149.687,5431698944
2010-09-30,1144.003,1169.019,1140.974,1169.019,5125407744
2010-10-08,1178.047,1205.427,1177.703,1201.791,7621933056
2010-10-11,1207.77,1220.376,1202.265,1212.142,11118806016
2010-10-12,1209.135,1221.812,1204.512,1220.774,9853083648
2010-10-13,1221.064,1230.907,1211.259,1229.589,11684158464
2010-10-14,1233.001,1234.403,1205.68,1206.396,11251677184
2010-10-15,1199.836,1218.864,1196.078,1212.67,10994807808
2010-10-18,1211.835,1211.835,1177.663,1196.226,12476075008
2010-10-19,1194.75,1231.703,1193.938,1231.703,9304891392
2010-10-20,1206.504,1250.294,1202.433,1240.461,11397300224
2010-10-21,1243.459,1251.914,1234.312,1248.521,9770707968
2010-10-22,1247.387,1268.103,1245.499,1262.158,10334959616
2010-10-25,1266.062,1299.83,1266.062,1299.83,12014243840
2010-10-26,1302.959,1303.455,1290.747,1302.039,12160391168
2010-10-27,1299.155,1312.327,1285.821,1289.195,11424790528
2010-10-28,1284.554,1298.224,1281.404,1292.954,9055021056
2010-10-29,1293.727,1309.374,1289.931,1303.854,9360024576
2010-11-01,1307.624,1342.302,1307.624,1341.84,11669522432
2010-11-02,1344.407,1356.833,1333.201,1333.293,13714415616
2010-11-03,1330.123,1333.411,1309.406,1309.406,10156953600
2010-11-04,1309.161,1335.66,1308.358,1335.658,9722365952
2010-11-05,1349.563,1354.96,1341.547,1352.116,11093715968
2010-11-08,1356.341,1376.293,1354.356,1376.293,11911849984
2010-11-09,1376.269,1380.738,1366.072,1380.589,12263695360
2010-11-10,1377.079,1393.677,1373.706,1389.54,11499079680
2010-11-11,1384.727,1412.635,1381.487,1381.487,12699700224
2010-11-12,1373.493,1379.639,1294.437,1296.954,14127408128
2010-11-15,1300.231,1327.989,1290.297,1327.989,9219803136
2010-11-16,1330.177,1335.923,1272.513,1281.704,10239134720
2010-11-17,1264.003,1279.295,1234.031,1238.968,7504844800
2010-11-18,1247.969,1262.36,1235.109,1260.589,6133809152
2010-11-19,1268.168,1297.478,1256.531,1297.478,7890018304
2010-11-22,1291.719,1325.876,1289.029,1313.568,9108396032
2010-11-23,1309.545,1309.545,1275.51,1300.625,8134436352
2010-11-24,1292.187,1333.737,1291.492,1333.737,7918413312
2010-11-25,1339.888,1344.642,1330.781,1337.937,8924093440
2010-11-26,1335.441,1341.709,1319.904,1332.896,7026956288
2010-11-29,1330.395,1344.019,1322.894,1339.306,6860406272
2010-11-30,1337.1,1340.391,1269.459,1307.833,8900573184
2010-12-01,1302.737,1311.047,1294.75,1304.393,5548514304
2010-12-02,1320.435,1325.286,1310.618,1310.697,6530982912
2010-12-03,1310.655,1312.741,1291.543,1302.256,5483790336
2010-12-06,1303.765,1305.684,1278.189,1287.37,5187054592
2010-12-07,1283.247,1311.433,1268.848,1309.436,5355234304
2010-12-08,1308.007,1321.119,1302.811,1305.254,5320593408
2010-12-09,1299.544,1301.526,1280.775,1280.819,5463739392
2010-12-10,1274.014,1301.095,1271.55,1298.252,4742524416
2010-12-13,1305.327,1338.426,1305.327,1338.426,6999460864
2010-12-14,1342.232,1350.88,1337.568,1350.752,7368260096
2010-12-15,1350.621,1358.658,1341.903,1345.181,7071584768
2010-12-16,1343.671,1355.897,1343.591,1346.833,5745239040
2010-12-17,1345.902,1350.107,1340.759,1348.56,4703902208
2010-12-20,1352.931,1357.988,1301.098,1331.748,7062611968
2010-12-21,1333.187,1349.142,1324.249,1349.142,7120832512
2010-12-22,1350.258,1351.216,1333.878,1338.199,6451305472
2010-12-23,1336.536,1339.016,1314.414,1315.719,5612203008
2010-12-24,1308.427,1308.427,1282.867,1292.018,5113115136
2010-12-27,1293.322,1311.636,1256.596,1260.533,5737743872
2010-12-28,1253.097,1255.042,1229.027,1237.149,4774898688
2010-12-29,1237.541,1255.657,1235.305,1255.657,3843409152
2010-12-30,1255.707,1266.433,1247.01,1261.105,4129119488
2010-12-31,1262.186,1290.907,1262.186,1290.865,4763375616
2011-01-04,1298.594,1311.705,1294.464,1311.329,6216137216
2011-01-05,1307.105,1314.641,1301.248,1310.14,5648282112
2011-01-06,1310.085,1316.187,1300.28,1301.792,5051138048
2011-01-07,1298.895,1308.95,1285.685,1292.057,5586428928
2011-01-10,1290.056,1292.251,1255.481,1258.859,4845803008
2011-01-11,1253.932,1254.943,1239.281,1251.677,4250758400
2011-01-12,1254.505,1262.625,1240.334,1257.17,4047916288
2011-01-13,1261.149,1263.319,1253.332,1257.318,3624794112
2011-01-14,1254.701,1254.701,1230.553,1232.733,4081233664
2011-01-17,1224.374,1225.584,1178.241,1180.389,4604582400
2011-01-18,1176.002,1186.692,1169.329,1183.481,2957317376
2011-01-19,1184.078,1211.803,1181.23,1211.643,3755271168
2011-01-20,1210.08,1210.08,1170.4,1170.467,4251910144
2011-01-21,1165.913,1190.555,1162.875,1178.155,4266486784
2011-01-24,1178.103,1181.476,1150.028,1150.042,3828003072
2011-01-25,1147.07,1147.07,1128.253,1136.579,3201714688
2011-01-26,1136.287,1155.778,1136.287,1154.415,2878863104
2011-01-27,1147.746,1176.525,1140.413,1174.665,4330727936
2011-01-28,1173.707,1188.759,1172.731,1185.684,3912151552
2011-01-31,1184.978,1197.672,1181.315,1197.672,3993594368
2011-02-01,1198.974,1200.602,1193.146,1198.188,3370874880
2011-02-09,1190.02,1201.886,1182.189,1186.215,3883938304
2011-02-10,1184.824,1220.576,1184.044,1220.576,4893149696
2011-02-11,1220.941,1238.461,1218.834,1234.179,5789211648
2011-02-14,1235.476,1264.56,1235.476,1262.106,7456684544
2011-02-15,1263.693,1274.908,1260.066,1261.604,7336884736
2011-02-16,1259.395,1283.26,1258.072,1283.26,6807066112
2011-02-17,1286.795,1290.979,1272.987,1286.73,7396211712
2011-02-18,1284.129,1286.377,1270.109,1273.421,6381608960
2011-02-21,1265.98,1297.66,1264.803,1297.66,6905442304
2011-02-22,1300.31,1301.634,1262.522,1262.818,8372145152
2011-02-23,1259.021,1276.989,1258.912,1273.917,6003887104
2011-02-24,1271.894,1281.292,1267.868,1279.644,6277607424
2011-02-25,1278.21,1283.305,1265.341,1280.296,5792180736
2011-02-28,1281.815,1295.813,1273.561,1295.813,6818521600
2011-03-01,1296.208,1304.306,1290.992,1298.871,7639839744
2011-03-02,1293.468,1296.235,1274.574,1292.994,6802904576
2011-03-03,1293.27,1298.746,1271.027,1272.003,6931051008
2011-03-04,1271.561,1286.222,1267.601,1286.222,5853097984
2011-03-07,1290.742,1303.48,1290.742,1303.48,8432977408
2011-03-08,1303.956,1307.713,1297.407,1307.713,7314018816
2011-03-09,1308.68,1312.63,1303.133,1311.343,6986351616
2011-03-10,1309.959,1310.96,1301.736,1302.65,7082372608
2011-03-11,1297.288,1314.866,1296.033,1299.69,6908071936
2011-03-14,1296.752,1310.991,1293.502,1310.991,6776137728
2011-03-15,1308.367,1308.367,1269.203,1293.609,8341345280
2011-03-16,1292.428,1308.184,1291.95,1307.958,7477319168
2011-03-17,1298.668,1303.004,1280.679,1284.957,7392097792
2011-03-18,1292.669,1298.922,1287.14,1292.931,5764199936
2011-03-21,1292.203,1295.3,1281.147,1285.687,5675000320
2011-03-22,1287.574,1289.715,1270.351,1284.843,5161843712
2011-03-23,1284.16,1299.988,1282.499,1299.988,6097839616
2011-03-24,1301.068,1304.498,1297.622,1299.529,6400743424
2011-03-25,1299.489,1309.471,1299.125,1308.177,7725397504
2011-03-28,1312.748,1315.459,1297.677,1299.495,8941369344
2011-03-29,1296.434,1297.038,1274.539,1275.282,9047219200
2011-03-30,1273.303,1277.225,1259.908,1264.591,6941427712
2011-03-31,1264.382,1268.832,1249.887,1253.68,6004409856
2011-04-01,1253.917,1266.548,1250.105,1266.548,5170740224
2011-04-06,1262.231,1267.739,1254.03,1262.455,6551901184
2011-04-07,1262.441,1271.324,1260.604,1271.323,6504290304
2011-04-08,1271.04,1285.987,1268.68,1285.987,6419385344
2011-04-11,1288.559,1290.986,1274.934,1275.52,8174684672
2011-04-12,1272.815,1281.451,1267.062,1272.21,7797156864
2011-04-13,1268.69,1286.713,1263.496,1286.713,6926799360
2011-04-14,1287.613,1288.642,1281.127,1283.241,7164730880
2011-04-15,1280.833,1284.949,1269.618,1281.504,7200302080
2011-04-18,1278.31,1284.331,1275.136,1281.99,7999616512
2011-04-19,1274.317,1276.614,1261.093,1269.324,8921652224
2011-04-20,1267.995,1275.601,1267.987,1274.253,7115681792
2011-04-21,1276.153,1283.699,1274.609,1282.236,7495551488
2011-04-22,1281.575,1281.966,1272.123,1274.73,6840759296
2011-04-25,1271.458,1271.458,1249.52,1249.581,6979830784
2011-04-26,1244.991,1247.664,1226.442,1232.801,5641761280
2011-04-27,1234.557,1239.416,1210.003,1217.745,5675140096
2011-04-28,1219.534,1223.547,1183.327,1183.696,5631818240
2011-04-29,1182.409,1200.622,1180.896,1200.622,4244984064
2011-05-03,1200.532,1214.118,1192.87,1214.118,4471936512
2011-05-04,1209.929,1209.929,1183.844,1187.282,5035885056
2011-05-05,1182.942,1194.088,1181.716,1190.797,4147491584
2011-05-06,1182.181,1200.28,1175.988,1195.307,4876098048
2011-05-09,1196.304,1207.238,1196.304,1203.068,4421664768
2011-05-10,1204.395,1210.227,1199.036,1210.227,4425808896
2011-05-11,1210.532,1217.259,1202.187,1212.27,5169817600
2011-05-12,1205.3,1211.631,1194.883,1194.883,5561785856
2011-05-13,1194.726,1201.373,1183.687,1201.373,4981125632
2011-05-16,1200.438,1207.053,1197.682,1198.719,5300331520
2011-05-17,1197.053,1204.903,1184.707,1197.036,5992996352
2011-05-18,1194.392,1204.261,1192.835,1202.696,4776940032
2011-05-19,1204.259,1210.194,1196.602,1197.313,5084303872
2011-05-20,1196.493,1198.426,1189.272,1192.658,4303761408
2011-05-23,1190.379,1190.379,1149.362,1149.393,5764000256
2011-05-24,1143.867,1152.141,1129.758,1150.913,4882872832
2011-05-25,1148.695,1152.714,1133.379,1134.194,4659222528
2011-05-26,1138.13,1144.688,1123.148,1123.148,4619947520
2011-05-27,1121.894,1123.97,1099.273,1101.11,4725427712
2011-05-30,1096.429,1106.838,1086.885,1090.499,3848136448
2011-05-31,1091.057,1111.9,1088.26,1111.9,4206476544
2011-06-01,1111.008,1122.725,1107.999,1122.288,4342361088
2011-06-02,1109.628,1112.446,1091.797,1105.947,4649949184
2011-06-03,1105.076,1126.314,1105.076,1124.317,4101258496
2011-06-07,1122.164,1132.894,1120.567,1132.693,4011241472
2011-06-08,1131.999,1137.628,1119.202,1136.53,4835774976
2011-06-09,1134.055,1134.055,1113.008,1113.015,4877283328
2011-06-10,1110.245,1114.813,1095.933,1113.323,4338783744
2011-06-13,1106.802,1112.537,1096.755,1110.886,3638312704
2011-06-14,1109.964,1130.488,1109.074,1128.418,4896489472
2011-06-15,1126.353,1133.611,1118.016,1118.168,4489416192
2011-06-16,1110.29,1110.49,1095.753,1097.171,4157182208
2011-06-17,1095.603,1102.244,1084.786,1085.113,3609378816
2011-06-20,1083.246,1084.61,1068.207,1073.194,3314439936
2011-06-21,1075.137,1088.766,1073.152,1088.766,3854500608
2011-06-22,1089.874,1093.238,1083.539,1088.347,3739523328
2011-06-23,1085.522,1113.531,1079.237,1111.177,4814255104
2011-06-24,1108.562,1142.469,1107.065,1136.394,7248268288
2011-06-27,1137.244,1153.212,1137.244,1148.632,6509142016
2011-06-28,1149.067,1153.81,1141.721,1151.995,5401734144
2011-06-29,1151.691,1156.338,1139.82,1139.857,5221327360
2011-06-30,1138.993,1157.41,1138.992,1155.888,5632382976
2011-07-01,1158.823,1170.033,1156.803,1162.068,5933350400
2011-07-04,1165.834,1188.914,1165.834,1188.914,7690360832
2011-07-05,1190.879,1198.008,1187.974,1195.831,7403431936
2011-07-06,1193.609,1200.739,1185.391,1200.582,6817832960
2011-07-07,1199.757,1216.337,1198.269,1202.321,7737943552
2011-07-08,1201.461,1205.537,1193.787,1201.497,5764875776
2011-07-11,1198.264,1211.994,1195.337,1210.343,5800512512
2011-07-12,1201.887,1202.891,1192.102,1192.486,6782022144
2011-07-13,1192.138,1214.83,1192.138,1214.83,6267319808
2011-07-14,1217.217,1223.734,1210.983,1223.734,7261764608
2011-07-15,1221.215,1232.835,1218.822,1232.835,7929013760
2011-07-18,1233.902,1238.351,1229.047,1232.539,7072572928
2011-07-19,1227.136,1227.136,1213.874,1217.03,6158823936
2011-07-20,1222.486,1226.765,1207.57,1219.463,5592658944
2011-07-21,1218.681,1220.194,1205.977,1206.081,5472647168
2011-07-22,1207.938,1217.368,1207.063,1211.148,4922701312
2011-07-25,1206.278,1206.278,1162.135,1165.702,6651939840
2011-07-26,1163.501,1171.267,1158.082,1171.267,4425714688
2011-07-27,1166.979,1192.218,1162.399,1190.834,5054976512
2011-07-28,1180.975,1189.705,1175.579,1189.13,5056048640
2011-07-29,1188.524,1193.123,1174.654,1178.702,4639368192
2011-08-01,1176.649,1188.286,1173.145,1183.979,3977554688
2011-08-02,1179.126,1179.987,1160.634,1179.987,4733150208
2011-08-03,1168.928,1190.19,1166.021,1185.174,4736173056
2011-08-04,1186.607,1195.286,1183.583,1187.901,4497073664
2011-08-05,1151.698,1172.957,1145.528,1164.952,5304416768
2011-08-08,1150.176,1156.216,1091.175,1113.368,6765273088
2011-08-09,1080.74,1117.915,1062.695,1111.401,6400385536
2011-08-10,1127.961,1140.567,1125.948,1127.025,6186862592
2011-08-11,1105.142,1147.173,1102.622,1147.173,6263183360
2011-08-12,1153.749,1163.837,1153.749,1158.962,6598377984
2011-08-15,1162.194,1175.407,1161.257,1175.407,6575787520
2011-08-16,1176.89,1178.874,1163.06,1166.838,5738393088
2011-08-17,1164.309,1170.708,1159.85,1163.867,4980827136
2011-08-18,1162.626,1163.914,1142.343,1142.912,5091596800
2011-08-19,1121.212,1133.843,1118.156,1133.843,4611238400
2011-08-22,1134.182,1144.04,1121.066,1124.173,4041301248
2011-08-23,1126.996,1144.051,1124.679,1144.051,4251979776
2011-08-24,1149.616,1157.074,1143.453,1144.74,4827088384
2011-08-25,1146.346,1166.791,1141.886,1166.791,5907067392
2011-08-26,1163.258,1172.353,1161.628,1169.954,5159934464
2011-08-29,1164.123,1165.903,1157.898,1159.522,5090373120
2011-08-30,1165.025,1172.456,1148.101,1148.289,5104938496
2011-08-31,1147.946,1152.535,1132.531,1143.338,4080996608
2011-09-01,1144.638,1151.751,1132.534,1136.753,3764083456
2011-09-02,1134.826,1137.053,1117.904,1124.438,3431059200
2011-09-05,1115.389,1115.389,1097.072,1097.072,3394112512
2011-09-06,1089.608,1097.285,1080.973,1085.346,3035031552
2011-09-07,1090.178,1111.229,1089.715,1111.229,3899867136
2011-09-08,1114.547,1116.897,1100.532,1100.532,3656064000
2011-09-09,1101.507,1110.943,1089.927,1094.03,3132311808
2011-09-13,1079.98,1080.077,1069.829,1077.127,3055405312
2011-09-14,1079.453,1087.515,1063.916,1087.498,3297127424
2011-09-15,1088.488,1097.808,1087.177,1089.831,3556305152
2011-09-16,1093.439,1098.656,1089.215,1089.992,3353193728
2011-09-19,1085.959,1085.959,1067.259,1067.479,3334129664
2011-09-20,1064.894,1076.492,1060.082,1071.596,3194571520
2011-09-21,1071.728,1103.546,1069.002,1102.289,5358778880
2011-09-22,1094.524,1097.846,1070.662,1070.784,4870057472
2011-09-23,1052.809,1064.965,1047.45,1060.672,4223316736
2011-09-26,1054.802,1065.534,1040.645,1043.474,3813132032
2011-09-27,1049.464,1054.525,1036.942,1047.678,3687786496
2011-09-28,1052.498,1055.265,1028.912,1032.179,3655339520
2011-09-29,1025.952,1025.952,1004.824,1006.112,3906706176
2011-09-30,1007.794,1012.335,995.758,1004.519,2943612672
2011-10-10,1007.016,1010.618,995.802,997.839,2576866304
2011-10-11,1018.77,1025.255,982.514,992.31,3857334016
2011-10-12,988.096,1027.264,979.679,1027.057,5319465472
2011-10-13,1025.532,1042.847,1022.655,1039.887,5624338944
2011-10-14,1037.405,1039.603,1026.146,1035.622,4056825856
2011-10-17,1037.255,1046.182,1034.786,1040.805,4048649216
2011-10-18,1034.832,1035.213,1009.857,1010.46,4373827072
2011-10-19,1011.244,1016.384,1001.991,1004.201,3617952256
2011-10-20,999.927,999.927,967.284,974.855,4085821440
2011-10-21,973.588,975.531,958.636,959.118,3121144576
2011-10-24,959.694,977.025,944.051,977.025,4183814656
2011-10-25,975.744,1004.897,973.2,1002.9,5745588224
2011-10-26,997.439,1021.344,995.086,1012.695,6666197504
2011-10-27,1013.68,1022.004,1009.672,1013.191,5222232064
2011-10-28,1024.719,1036.002,1021.75,1035.884,6832394752
2011-10-31,1035.298,1041.574,1032.223,1040.928,5991344128
2011-11-01,1032.293,1047.411,1029.04,1041.508,6012499456
2011-11-02,1026.46,1060.171,1021.77,1060.171,7211590656
2011-11-03,1063.973,1078.658,1063.973,1064.616,9775348736
2011-11-04,1070.249,1075.595,1063.866,1071.335,6974907392
2011-11-07,1068.365,1076.258,1063.354,1065.305,5393448448
2011-11-08,1066.198,1069.582,1053.352,1054.735,5318790656
2011-11-09,1057.122,1071.035,1047.337,1071.035,5676930048
2011-11-10,1059.872,1068.744,1056.736,1058.716,6391858176
2011-11-11,1059.325,1065.106,1052.379,1056.943,5287077376
2011-11-14,1064.306,1083.039,1064.305,1083.038,6410128896
2011-11-15,1082.812,1086.944,1079.875,1086.944,6084983808
2011-11-16,1087.037,1087.037,1055.228,1059.24,6898508288
2011-11-17,1058.8,1072.096,1056.249,1060.552,4985669120
2011-11-18,1053.796,1053.796,1029.864,1031.543,5366502400
2011-11-21,1030.604,1032.696,1019.623,1031.501,3762328320
2011-11-22,1023.343,1031.335,1016.933,1031.172,3765750016
2011-11-23,1032.503,1036.236,1024.256,1027.144,3609801472
2011-11-24,1019.244,1033.201,1012.331,1026.968,3987525120
2011-11-25,1025.582,1032.604,1016.993,1019.686,3660605696
2011-11-28,1020.741,1024.963,1013.653,1020.516,3487966720
2011-11-29,1027.942,1035.551,1023.052,1035.551,4197259776
2011-11-30,1034.004,1034.004,983.593,994.02,5399708672
2011-12-01,1020.6,1031.443,1011.928,1014.193,6150515200
2011-12-02,1009.489,1009.489,989.6,994.539,4100199936
2011-12-05,992.18,992.18,963.347,964.561,3641167872
2011-12-06,961.314,969.002,954.475,966.458,3116783360
2011-12-07,965.769,973.686,962.526,969.679,2736289024
2011-12-08,968.458,980.09,953.565,970.949,3625668096
2011-12-09,964.073,972.215,958.52,961.812,2934932224
2011-12-12,960.719,963.34,948.878,949.772,2667331072
2011-12-13,945.352,945.354,919.051,921.318,3828080128
2011-12-14,918.465,925.576,904.344,906.457,2994579968
2011-12-15,901.256,901.256,884.062,886.009,3891881472
2011-12-16,884.87,910.354,882.96,910.354,3945584128
2011-12-19,904.571,913.304,888.788,912.845,4081607680
2011-12-20,909.927,921.944,908.15,909.024,3983159552
2011-12-21,915.29,919.298,887.975,888.155,3598072320
2011-12-22,881.177,887.617,853.657,879.369,4391369728
2011-12-23,876.412,894.257,872.765,885.301,3798403584
2011-12-26,882.711,891.9,876.848,876.899,3043141376
2011-12-27,874.794,874.794,852.615,853.971,3431498752
2011-12-28,847.91,850.025,828.833,849.759,3653412096
2011-12-29,845.448,855.058,842.957,850.941,3208918528
2011-12-30,852.427,866.653,852.427,866.653,3506163968
2012-01-04,871.926,874.89,843.716,843.716,3416350208
2012-01-05,838.631,838.631,812.577,813.988,3863459584
2012-01-06,811.136,817.779,797.168,817.779,3396619520
2012-01-09,817.277,848.214,808.32,848.214,4765147648
2012-01-10,847.581,881.189,845.801,880.864,7367610880
2012-01-11,879.794,886.571,874.298,880.709,6272701952
2012-01-12,877.24,889.811,874.579,876.808,5145739264
2012-01-13,876.543,878.727,840.848,845.932,5028944384
2012-01-16,837.905,840.791,818.175,818.175,3354945024
2012-01-17,817.045,860.246,811.029,860.246,5373119488
2012-01-18,862.379,868.503,834.635,837.399,5510265344
2012-01-19,835.392,853.055,829.667,847.675,4439240192
2012-01-20,849.182,863.208,846.708,861.153,4320292352
2012-01-30,863.521,866.781,853.776,855.089,3608184320
2012-01-31,854.288,856.122,845.652,855.199,3165093376
2012-02-01,853.565,864.843,847.566,849.588,3515428608
2012-02-02,851.412,865.715,849.599,865.715,3955403264
2012-02-03,864.609,880.26,862.36,878.291,5384419840
2012-02-06,879.758,888.355,877.95,885.159,5361747456
2012-02-07,881.347,881.347,863.877,869.873,4639745536
2012-02-08,868.738,893.824,866.201,893.824,5681477120
2012-02-09,892.959,906.272,891.314,898.891,7165563392
2012-02-10,897.355,909.296,897.002,903.643,6395192320
2012-02-13,895.688,917.38,891.338,912.313,6532289536
2012-02-14,911.737,914.376,905.847,912.306,5726853120
2012-02-15,910.996,927.493,908.433,925.988,7392936960
2012-02-16,924.471,932.241,915.314,923.395,7406210560
2012-02-17,925.804,929.419,913.33,921.016,5613697024
2012-02-20,932.346,934.891,923.142,923.318,6980809728
2012-02-21,922.816,933.973,913.412,933.972,6534021632
2012-02-22,934.232,954.233,933.785,954.233,9207419904
2012-02-23,954.11,961.591,949.779,958.801,8491555328
2012-02-24,958.539,972.623,956.932,972.623,9035341824
2012-02-27,975.855,989.839,975.62,975.62,10776637440
2012-02-28,971.866,975.033,958.87,969.507,8755976192
2012-02-29,966.585,970.82,956.262,956.991,6699042304
2012-03-01,953.419,966.801,952.68,960.745,5562601984
2012-03-02,962.052,980.769,962.051,980.769,7322740224
2012-03-05,983.538,987.858,980.497,981.201,8100640256
2012-03-06,978.763,978.763,964.764,971.804,7555822080
2012-03-07,962.19,978.373,959.832,967.051,7049799680
2012-03-08,969.984,983.256,969.984,980.023,6796418048
2012-03-09,982.696,995.868,980.303,995.868,7326550016
2012-03-12,996.451,1001.282,991.575,999.629,7502153216
2012-03-13,999.48,1010.459,996.813,1010.459,7633937920
2012-03-14,1014.16,1020.291,963.461,969.121,12309332992
2012-03-15,967.083,974.354,947.98,960.963,8299724800
2012-03-16,962.415,982.85,960.572,982.847,7150017536
2012-03-19,982.299,993.754,977.428,993.754,6992950784
2012-03-20,991.064,991.065,971.982,972.026,6766129664
2012-03-21,974.996,980.124,958.726,971.934,6436174848
2012-03-22,970.863,976.245,964.671,969.983,5362983936
2012-03-23,966.385,967.388,949.01,952.805,5220387328
2012-03-26,950.566,956.08,946.083,952.76,4203964160
2012-03-27,955.289,960.557,947.223,948.097,4554159616
2012-03-28,944.452,944.452,908.024,909.58,6078582784
2012-03-29,903.821,907.984,886.351,895.068,5309268480
2012-03-30,894.23,899.69,885.19,891.843,4329725952
2012-04-05,891.434,920.183,889.766,919.422,5107759104
2012-04-06,918.919,928.631,917.039,925.528,4988439040
2012-04-09,922.908,926.596,915.036,915.771,4452583424
2012-04-10,912.296,924.283,895.249,924.283,5341260800
2012-04-11,914.399,933.259,910.77,927.366,5552747520
2012-04-12,927.808,945.327,925.491,945.327,7137608704
2012-04-13,948.309,956.005,946.009,950.911,7721420800
2012-04-16,944.459,953.998,941.906,949.226,6640526848
2012-04-17,948.553,951.422,936.451,936.737,6530304512
2012-04-18,938.488,957.083,936.622,956.485,7308761088
2012-04-19,955.817,959.393,949.707,954.269,6331875328
2012-04-20,952.557,962.46,950.686,961.773,6996896768
2012-04-23,960.915,961.545,941.279,944.867,7839544320
2012-04-24,937.228,948.334,913.579,936.509,8202009600
2012-04-25,933.452,946.412,930.57,944.648,8125074432
2012-04-26,945.218,948.805,938.722,943.031,7498313216
2012-04-27,941.521,945.414,938.275,940.351,5788712960
2012-05-02,950.405,960.438,943.667,956.233,7216977408
2012-05-03,954.674,961.988,953.563,961.988,6552925184
2012-05-04,961.707,972.67,959.836,972.302,7004519424
2012-05-07,968.091,981.487,967.018,981.487,6980057600
2012-05-08,981.684,983.627,971.895,980.255,6761992192
2012-05-09,973.504,973.504,962.42,963.179,6582218752
2012-05-10,962.398,970.252,962.281,966.659,5347739648
2012-05-11,965.511,971.723,960.529,960.529,5642408960
2012-05-14,966.926,969.206,955.935,956.192,6199067648
2012-05-15,949.293,955.403,943.56,955.403,5791236608
2012-05-16,953.632,955.489,942.043,942.043,5228592640
2012-05-17,942.275,955.983,939.18,954.95,5569179136
2012-05-18,949.308,952.921,938.532,940.912,5628276736
2012-05-21,939.248,947.954,932.631,941.674,4943984640
2012-05-22,945.043,955.702,945.043,955.702,5104312320
2012-05-23,953.943,959.079,945.651,954.833,5827984384
2012-05-24,952.638,957.518,943.217,945.953,5650504192
2012-05-25,945.666,947.74,931.895,935.051,5399701504
2012-05-28,930.979,948.419,918.293,948.418,6513666560
2012-05-29,948.072,965.047,947.256,962.845,7619984896
2012-05-30,961.837,967.687,960.336,964.257,6470032896
2012-05-31,959.56,972.675,957.175,967.585,6364804096
2012-06-01,967.257,973.7,962.283,966.792,5738637824
2012-06-04,951.703,959.107,939.333,939.333,6112540160
2012-06-05,940.505,944.538,934.475,937.394,4636791808
2012-06-06,939.018,943.523,931.401,935.51,4218269696
2012-06-07,943.68,946.733,929.426,931.83,4706048512
2012-06-08,939.285,940.392,926.77,928.862,4964159488
2012-06-11,929.49,946.208,927.078,945.621,5138116096
2012-06-12,941.556,947.129,938.601,942.182,4977419264
2012-06-13,944.035,959.108,943.729,959.108,5752423424
2012-06-14,957.695,964.056,953.368,954.065,5559755776
2012-06-15,955.616,960.363,942.543,954.312,5406078464
2012-06-18,957.458,966.827,957.458,964.708,5330163200
2012-06-19,963.456,964.187,956.494,957.996,5455902208
2012-06-20,959.485,962.328,954.079,956.232,4871651328
2012-06-21,953.946,953.946,937.643,943.063,4986928640
2012-06-25,939.263,939.263,919.235,919.395,5037413376
2012-06-26,914.369,921.442,905.039,918.237,4671425536
2012-06-27,917.255,929.065,916.939,918.375,4645887488
2012-06-28,919.676,923.551,909.284,909.284,4759545856
2012-06-29,905.828,921.404,902.834,921.404,4871566336
2012-07-02,926.285,936.481,923.862,932.544,5151603712
2012-07-03,932.257,942.949,930.26,936.254,5650065920
2012-07-04,937.337,939.343,928.834,931.646,5039410176
2012-07-05,928.205,928.205,910.97,914.311,4882323456
2012-07-06,918.42,935.241,910.344,934.846,5903507968
2012-07-09,929.202,934.693,914.058,914.205,5753987072
2012-07-10,910.797,914.018,904.34,905.745,4576398336
2012-07-11,903.63,913.461,901.336,913.461,4261290240
2012-07-12,911.779,930.567,908.281,928.205,5917174272
2012-07-13,924.746,931.172,919.551,922.624,5094990848
2012-07-16,920.542,920.547,888.993,889.101,5973944320
2012-07-17,885.084,894.64,882.485,893.51,4450704896
2012-07-18,892.091,896.186,877.692,896.184,5141357568
2012-07-19,894.08,909.935,892.044,903.254,5952763904
2012-07-20,900.739,905.832,893.814,895.62,4980096512
2012-07-23,890.248,891.516,880.524,886.47,4418681856
2012-07-24,881.556,898.389,880.239,893.61,4139676416
2012-07-25,891.147,896.436,886.403,887.544,4385016320
2012-07-26,886.399,893.709,879.879,880.761,4474211328
2012-07-27,882.637,885.34,872.421,876.251,3931097088
2012-07-30,875.104,880.109,858.911,861.815,4054863616
2012-07-31,859.981,861.135,847.157,849.957,3946492160
2012-08-01,848.376,868.172,848.376,862.698,4082502144
2012-08-02,861.343,864.612,851.082,855.276,4160827904
2012-08-03,857.079,871.81,854.721,871.809,4634255360
2012-08-06,868.97,891.919,867.63,891.3,5765184512
2012-08-07,890.923,898.483,890.061,898.483,6011674112
2012-08-08,898.036,901.279,890.764,895.941,5625562624
2012-08-09,895.381,909.686,892.085,909.686,6220360192
2012-08-10,908.912,909.974,902.668,906.322,5798039552
2012-08-13,904.612,904.612,887.407,887.651,5811144192
2012-08-14,886.529,893.805,872.457,893.804,5827747328
2012-08-15,891.369,892.846,886.046,886.976,4900392960
2012-08-16,884.604,887.543,878.497,879.94,4293046272
2012-08-17,878.806,880.473,868.369,876.929,3919897088
2012-08-20,871.865,880.852,866.164,879.247,4163651328
2012-08-21,878.828,895.251,877.422,891.307,5601200128
2012-08-22,891.702,892.968,881.136,884.727,5606352896
2012-08-23,884.698,890.333,879.192,889.262,5556563968
2012-08-24,886.043,886.723,871.36,871.36,5546857984
2012-08-27,867.779,867.779,851.984,852.336,5043766272
2012-08-28,850.471,861.315,848.202,856.09,4471324672
2012-08-29,854.078,861.551,849.956,851.137,4579848704
2012-08-30,848.686,853.18,823.816,835.949,5555673088
2012-08-31,833.817,841.397,832.251,838.532,3839035136
2012-09-03,837.684,856.409,836.289,854.757,4888397824
2012-09-04,855.179,858.361,845.562,846.879,4926739456
2012-09-05,844.797,854.085,842.663,850.984,4777772032
2012-09-06,852.296,859.296,851.808,859.296,4871797760
2012-09-07,865.135,899.478,865.135,891.528,10292093952
2012-09-10,893.224,902.356,891.434,899.717,8827300864
2012-09-11,896.257,896.57,889.382,896.57,7043138560
2012-09-12,899.891,903.734,891.799,901.291,7079973888
2012-09-13,900.72,903.887,888.485,888.485,6637609472
2012-09-14,895.593,899.072,881.89,889.716,6989355520
2012-09-17,888.567,888.834,864.178,864.191,5950301184
2012-09-18,860.883,865.804,855.793,859.442,4293126656
2012-09-19,860.49,866.207,858.44,865.729,4327142400
2012-09-20,863.755,863.755,839.77,840.209,5472220672
2012-09-21,837.829,843.957,832.482,834.146,4602927616
2012-09-24,829.361,844.344,823.075,840.594,4130609408
2012-09-25,838.918,844.561,833.032,835.512,3721217280
2012-09-26,834.508,837.089,815.752,816.79,3899538944
2012-09-27,816.297,842.757,816.288,837.957,5176550400
2012-09-28,833.924,854.047,832.496,853.825,5252872192
2012-10-08,854.012,858.22,845.179,849.303,3960766976
2012-10-09,851.245,871.917,851.245,871.917,6125027840
2012-10-10,870.668,880.44,868.572,880.365,6787316736
2012-10-11,878.001,880.4,866.961,867.209,6472899072
2012-10-12,868.956,876.856,857.32,865.623,5406149120
2012-10-15,865.368,865.467,851.78,859.474,4912147968
2012-10-16,858.711,868.79,856.484,862.138,4742491136
2012-10-17,864.2,866.594,855.04,863.705,4755893760
2012-10-18,864.859,880.216,864.859,878.638,6773063168
2012-10-19,879.125,881.687,875.175,877.288,5638220288
2012-10-22,873.3,883.188,871.307,882.026,5218357760
2012-10-23,881.622,882.556,869.241,869.964,5846906880
2012-10-24,865.531,871.857,863.994,866.452,5657037312
2012-10-25,866.259,871.934,857.032,858.037,6081392128
2012-10-26,856.959,857.763,835.195,840.515,5358935040
2012-10-29,838.317,842.826,834.549,839.445,3774395136
2012-10-30,839.338,848.121,839.261,840.925,4094040320
2012-10-31,840.817,844.806,837.612,844.8,4151222016
2012-11-01,845.111,862.091,845.111,860.445,5936292864
2012-11-02,860.703,863.48,856.073,862.777,5400992768
2012-11-05,861.398,865.534,855.325,858.597,5202640384
2012-11-06,858.097,858.647,841.99,853.327,5618075648
2012-11-07,852.294,855.942,848.141,851.641,4497335808
2012-11-08,845.35,845.645,831.71,831.71,5022522368
2012-11-09,830.031,833.888,826.146,828.463,3873054208
2012-11-12,829.035,834.367,825.809,832.376,4079944704
2012-11-13,832.104,832.104,815.054,816.151,4473440256
2012-11-14,815.838,819.475,810.488,818.603,3801025280
2012-11-15,814.831,818.77,805.499,805.914,3890860032
2012-11-16,804.333,804.532,794.717,800.2,3652827904
2012-11-19,799.415,801.203,789.47,800.842,3404802048
2012-11-20,802.311,806.37,799.023,799.348,3483222528
2012-11-21,799.119,808.001,790.212,807.998,4276804608
2012-11-22,803.854,803.854,796.42,798.551,3557797888
2012-11-23,798.982,805.203,797.395,800.948,3326479104
2012-11-26,799.593,800.162,788.651,789.488,3163816960
2012-11-27,786.515,786.515,765.34,765.522,4300084736
2012-11-28,762.064,762.064,749.603,750.966,3648924928
2012-11-29,750.605,756.81,742.942,743.433,3441650688
2012-11-30,742.935,754.104,740.799,752.84,3707701760
2012-12-03,751.96,756.197,734.013,734.28,3892519168
2012-12-04,732.16,744.793,724.967,743.616,4270958336
2012-12-05,741.936,776.038,740.539,771.718,7215458304
2012-12-06,771.148,775.516,765.326,769.898,5069976576
2012-12-07,769.226,787.147,766.531,786.052,7414489088
2012-12-10,786.918,799.093,783.965,798.394,7772075520
2012-12-11,795.806,800.262,791.682,793.343,6501609984
2012-12-12,792.53,796.338,785.102,793.289,5466242048
2012-12-13,791.48,794.569,783.51,783.863,5216314880
2012-12-14,783.258,816.825,783.236,816.19,9890944000
2012-12-17,817.161,821.839,813.533,819.579,9101503488
2012-12-18,817.972,827.687,812.819,817.363,8386315776
2012-12-19,815.636,825.592,814.15,822.724,6798760448
2012-12-20,820.315,828.784,814.923,827.565,7034338816
2012-12-21,827.943,838.396,824.754,829.635,7633415680
2012-12-24,828.55,837.047,827.834,835.708,6427470336
2012-12-25,834.115,858.899,831.946,855.786,10378237952
2012-12-26,855.412,869.348,854.472,869.348,9639580672
2012-12-27,871.317,875.747,861.957,862.823,9673649152
2012-12-28,862.197,872.964,859.295,872.964,8009808384
2012-12-31,874.564,881.169,871.761,881.169,8452604928
2013-01-04,887.364,889.094,868.483,877.759,9080244224
2013-01-07,876.12,885.488,873.509,885.488,8487946240
2013-01-08,885.551,898.047,880.576,895.15,10219567104
2013-01-09,893.572,903.739,889.452,897.807,10292577280
2013-01-10,897.221,906.847,895.856,902.19,9006944256
2013-01-11,903.28,905.433,883.944,886.133,9945841664
2013-01-14,884.407,919.285,884.061,918.333,11135553536
2013-01-15,919.445,935.89,919.444,932.554,13077456896
2013-01-16,931.44,935.854,915.678,929.734,11915911168
2013-01-17,928.279,930.977,918.169,921.699,8939161600
2013-01-18,924.462,937.285,920.028,935.697,9562727424
2013-01-21,938.822,942.503,934.091,942.503,10113052672
2013-01-22,942.745,942.745,921.717,928.904,10862432256
2013-01-23,926.041,932.237,918.056,930.4,8725984256
2013-01-24,930.038,940.782,904.679,911.533,11003229184
2013-01-25,910.05,914.924,906.116,909.515,6850772480
2013-01-28,909.635,932.606,909.635,932.606,8458125312
2013-01-29,933.584,943.354,932.413,941.276,9600572416
2013-01-30,941.265,944.165,934.37,942.601,9767403520
2013-01-31,942.159,942.776,932.128,936.208,8955764736
2013-02-01,934.075,944.28,932.341,944.28,9096906752
2013-02-04,945.813,947.77,931.941,935.801,10260603904
2013-02-05,931.532,947.601,929.732,946.999,8668781568
2013-02-06,947.158,954.583,947.158,951.524,7501798400
2013-02-07,950.956,958.391,947.184,956.726,7182747136
2013-02-08,956.036,973.646,956.036,969.524,7562096640
2013-02-18,973.838,975.394,964.183,970.092,8579951104
2013-02-19,969.459,970.042,948.325,951.709,9025588224
2013-02-20,950.81,969.379,950.234,969.379,8404539392
2013-02-21,963.164,963.164,941.345,950.008,10389643264
2013-02-22,948.348,957.218,946.493,947.689,7320854016
2013-02-25,949.065,958.275,948.205,955.789,6949848064
2013-02-26,951.917,961.173,942.592,943.329,8607935488
2013-02-27,944.995,953.532,938.063,945.858,7343890432
2013-02-28,948.56,966.416,944.754,966.416,8958773248
2013-03-01,966.212,977.361,964.309,977.357,9564130304
2013-03-04,966.416,966.533,936.789,942.795,12255716352
2013-03-05,941.834,964.713,938.555,964.678,9377604608
2013-03-06,967.534,979.331,967.534,979.188,11823939584
2013-03-07,977.612,980.095,958.716,968.34,11439091712
2013-03-08,968.322,972.178,957.474,958.231,7868680704
2013-03-11,956.492,963.099,950.063,958.43,6694473216
2013-03-12,957.764,964.021,924.557,935.379,8941588480
2013-03-13,933.2,933.427,917.976,927.076,6558270976
2013-03-14,924.312,935.281,923.307,930.603,5424143872
2013-03-15,930.443,948.386,920.958,933.297,7249530368
2013-03-18,930.059,935.996,921.599,922.574,6184375808
2013-03-19,922.801,927.498,910.93,924.529,6201233920
2013-03-20,924.535,949.819,924.396,949.819,7992820736
2013-03-21,950.029,961.776,949.201,958.389,8393441280
2013-03-22,957.246,962.594,954.22,960.836,7358418432
2013-03-25,962.03,964.801,954.324,959.931,7109158912
2013-03-26,956.952,957.904,942.508,953.364,7122657792
2013-03-27,953.059,963.055,948.928,955.24,6713622016
2013-03-28,947.89,947.89,929.948,930.14,7694851072
2013-03-29,930.72,934.499,925.012,927.894,5633477120
2013-04-01,927.205,937.09,926.4,933.691,5929516544
2013-04-02,934.154,943.407,919.761,921.415,6931579392
2013-04-03,922.197,924.812,909.802,913.322,6292944384
2013-04-08,901.173,918.503,892.481,918.503,6495863296
2013-04-09,919.253,928.819,919.253,926.215,6075990016
2013-04-10,925.677,928.238,914.506,921.856,5841697280
2013-04-11,924.674,927.177,918.599,919.116,5352414208
2013-04-12,917.951,923.117,911.79,912.647,5125096448
2013-04-15,909.723,910.171,897.619,900.464,5117808128
2013-04-16,892.845,910.056,890.456,909.948,5241454080
2013-04-17,909.812,919.934,909.508,919.865,5165173248
2013-04-18,915.441,927.384,912.899,923.141,5457745408
2013-04-19,924.072,945.641,924.072,943.42,7820206592
2013-04-22,940.163,949.1,939.518,949.1,8116645376
2013-04-23,949.044,949.044,922.427,923.418,7882102784
2013-04-24,923.074,945.869,921.714,943.778,8015486976
2013-04-25,941.334,947.205,927.796,927.796,8764986368
2013-04-26,927.905,930.969,911.174,912.618,6701046784
2013-05-02,908.493,918.545,905.712,918.482,5306816000
2013-05-03,920.631,940.917,920.631,936.577,7304449024
2013-05-06,938.673,955.1,938.673,953.978,8169105408
2013-05-07,952.26,958.956,948.337,955.327,7581322240
2013-05-08,957.597,965.407,956.129,965.407,8357785600
2013-05-09,964.773,968.169,957.125,967.693,9256427520
2013-05-10,965.404,973.235,961.777,971.363,8449058816
2013-05-13,971.692,974.4,967.203,974.199,8101444096
2013-05-14,973.292,973.292,955.031,960.813,7847433216
2013-05-15,960.908,975.646,960.908,975.646,7562220544
2013-05-16,974.483,990.608,971.535,986.269,10400967680
2013-05-17,985.486,1003.765,985.055,1002.541,10962666496
2013-05-20,1004.921,1018.305,1003.415,1016.915,12459338752
2013-05-21,1016.13,1030.744,1015.069,1030.744,12457346048
2013-05-22,1029.392,1032.652,1016.633,1021.399,12058310656
2013-05-23,1017.028,1030.338,1011.584,1014.47,11592763392
2013-05-24,1015.121,1029.303,1015.121,1029.303,9516232704
2013-05-27,1029.624,1037.194,1028.678,1037.194,10598142976
2013-05-28,1037.202,1038.564,1022.334,1036.409,11373500416
2013-05-29,1037.52,1044.273,1036.859,1042.604,10896029696
2013-05-30,1040.09,1045.541,1037.46,1043.472,10460533760
2013-05-31,1044.437,1047.071,1035.775,1035.8,10251089920
2013-06-03,1034.798,1039.177,1025.196,1027.589,9416807424
2013-06-04,1026.585,1026.585,999.566,1007.094,9917581312
2013-06-05,1006.385,1014.07,1003.537,1012.599,7078074880
2013-06-06,1009.717,1011.908,998.152,998.884,7753985536
2013-06-07,999.426,1004.478,977.947,983.459,8242238464
2013-06-13,971.015,971.015,936.641,955.261,7808035840
2013-06-14,956.803,977.088,956.803,975.646,7341212160
2013-06-17,977.599,985.391,971.026,977.657,7642826240
2013-06-18,978.332,981.85,966.693,979.428,6914064896
2013-06-19,974.881,975.494,959.504,975.069,7158711296
2013-06-20,969.438,970.461,941.723,942.059,6998298624
2013-06-21,924.792,944.388,913.391,939.165,7031437312
2013-06-24,936.761,936.761,874.349,881.869,8935334912
2013-06-25,871.285,883.532,815.894,879.934,10938511360
2013-06-26,881.347,901.721,875.532,901.721,9142213632
2013-06-27,903.487,915.961,886.661,886.91,9515502592
2013-06-28,880.855,905.757,872.237,887.68,7975185408
2013-07-01,884.976,906.427,881.834,906.427,7065196032
2013-07-02,907.209,922.861,905.732,922.234,8391802368
2013-07-03,919.305,925.36,903.329,923.082,8782046208
2013-07-04,917.091,939.597,912.181,928.578,9561440256
2013-07-05,929.907,938.984,922.443,922.443,8552031232
2013-07-08,908.754,911.482,888.585,889.531,7838167040
2013-07-09,887.951,895.098,882.594,892.925,5799635968
2013-07-10,892.936,918.396,891.924,918.396,8028458496
2013-07-11,919.761,952.888,919.586,945.254,12086157312
2013-07-12,944.922,956.646,939.737,940.194,10233506816
2013-07-15,943.382,961.819,943.382,961.412,9859376128
2013-07-16,961.691,971.404,956.161,971.402,10154352640
2013-07-17,968.801,974.639,952.689,956.503,10125391872
2013-07-18,953.311,960.655,944.984,952.614,8990005248
2013-07-19,952.522,961.659,931.652,931.652,10637831168
2013-07-22,925.48,948.274,921.7,948.274,8302012928
2013-07-23,950.845,974.435,950.845,974.434,10918578176
2013-07-24,972.517,983.142,964.245,980.972,11247362048
2013-07-25,981.243,984.278,958.754,961.817,10831377408
2013-07-26,957.78,965.753,946.532,959.992,8504417792
2013-07-29,954.874,956.393,939.779,941.325,8323111424
2013-07-30,942.126,947.664,922.345,938.866,8123181056
2013-07-31,944.396,951.874,939.982,942.965,7569119232
2013-08-01,945.422,971.707,944.917,971.707,9685608448
2013-08-02,976.878,985.972,974.707,975.4,10427708416
2013-08-05,975.439,991.544,974.818,991.544,9113440256
2013-08-06,990.815,1004.892,988.102,1002.366,10935985152
2013-08-07,1002.045,1005.187,989.234,990.777,11004280832
2013-08-08,988.744,1000.944,987.45,994.641,8747762688
2013-08-09,996.917,1003.987,983.962,996.424,9542885376
2013-08-12,999.303,1009.134,998.668,1009.134,11393122304
2013-08-13,1009.071,1014.972,1005.006,1014.972,10259564544
2013-08-14,1015.278,1019.801,1008.803,1012.8,10797634560
2013-08-15,1011.726,1014.818,1000.736,1001.048,9229921280
2013-08-16,996.231,1014.906,979.761,980.608,11566412800
2013-08-19,974.324,999.321,973.212,999.294,8483897856
2013-08-20,998.283,1007.95,993.515,998.841,9201917952
2013-08-21,999.16,1003.833,993.477,1003.829,8876755968
2013-08-22,1002.323,1010.474,1001.027,1006.687,9446065152
2013-08-23,1008.895,1012.703,986.392,1004.931,10792022016
2013-08-26,1006.298,1023.592,1006.298,1023.592,9892332544
2013-08-27,1023.147,1029.446,1018.289,1029.446,9941888000
2013-08-28,1023.034,1026.18,1014.631,1016.258,11679940608
2013-08-29,1016.851,1020.165,1008.957,1014.443,9976792064
2013-08-30,1013.099,1017.404,992.607,996.701,12267767808
2013-09-02,995.674,1008.183,991.927,1008.041,9485488128
2013-09-03,1009.321,1023.799,1008.49,1023.793,10169793536
2013-09-04,1023.507,1027.455,1020.093,1023.806,10453829632
2013-09-05,1023.212,1028.217,1020.24,1025.828,9823492096
2013-09-06,1024.321,1031.699,1023.21,1030.755,9450185728
2013-09-09,1033.36,1040.774,1031.166,1039.907,12327608320
2013-09-10,1040.754,1044.578,1034.798,1044.578,12928872448
2013-09-11,1044.303,1044.785,1029.475,1034.517,15100349440
2013-09-12,1031.478,1038.731,1030.005,1035.0,11194811392
2013-09-13,1035.054,1043.381,1032.619,1041.491,10284984320
2013-09-16,1042.95,1049.916,1041.531,1045.244,9887496192
2013-09-17,1045.106,1045.106,1030.025,1030.247,9813684224
2013-09-18,1028.965,1036.519,1026.05,1036.512,7971536384
2013-09-23,1038.809,1059.742,1038.809,1059.742,10042310656
2013-09-24,1059.588,1061.728,1048.942,1059.808,11296098304
2013-09-25,1058.513,1062.45,1052.433,1054.067,11400526848
2013-09-26,1051.79,1054.704,1039.315,1039.855,10316805120
2013-09-27,1039.969,1047.651,1039.949,1043.741,8303148544
2013-09-30,1046.05,1056.551,1046.05,1056.551,7499313664
2013-10-08,1057.433,1075.09,1055.073,1074.799,10131381248
2013-10-09,1072.31,1084.876,1069.421,1084.876,10624312320
2013-10-10,1085.774,1086.671,1073.281,1076.849,12347616256
2013-10-11,1079.454,1087.801,1077.351,1087.443,11993724928
2013-10-14,1088.275,1098.224,1085.959,1097.058,12940874752
2013-10-15,1097.981,1098.874,1086.873,1094.582,12936998912
2013-10-16,1091.504,1091.504,1061.43,1066.332,12520307712
2013-10-17,1070.288,1079.22,1063.793,1066.532,11036803072
2013-10-18,1066.546,1076.124,1064.616,1074.125,8932313088
2013-10-21,1076.423,1101.594,1076.423,1101.594,12040201216
2013-10-22,1101.575,1106.265,1086.367,1088.548,13792716800
2013-10-23,1087.685,1090.281,1059.961,1065.221,12465676288
2013-10-24,1062.376,1067.614,1056.801,1058.78,8481933312
2013-10-25,1059.598,1064.653,1033.632,1039.94,9660690432
2013-10-28,1038.952,1041.23,1031.463,1037.849,8331502592
2013-10-29,1037.056,1045.937,993.228,1019.04,12284483584
2013-10-30,1016.83,1035.235,1015.473,1035.201,9154345984
2013-10-31,1032.774,1032.786,1019.956,1021.042,9213219840
2013-11-01,1017.529,1021.87,1006.274,1016.97,7394782208
2013-11-04,1018.246,1027.027,1017.691,1021.47,6568829440
2013-11-05,1017.882,1034.625,1009.823,1034.612,8020894720
2013-11-06,1031.761,1040.249,1023.862,1023.862,9164519424
2013-11-07,1020.551,1022.997,1008.088,1011.255,7365076480
2013-11-08,1006.204,1009.73,994.606,997.881,6988244480
2013-11-11,996.537,1008.689,990.393,1004.943,5915792384
2013-11-12,1005.241,1014.648,1002.364,1014.187,6799264256
2013-11-13,1011.241,1011.241,996.29,996.367,6977887232
2013-11-14,995.237,1011.121,988.476,1011.107,7397694976
2013-11-15,1011.595,1038.625,1011.595,1029.712,10055984128
2013-11-18,1034.956,1052.129,1034.149,1052.129,11150458880
2013-11-19,1052.938,1057.233,1048.404,1054.049,10282692608
2013-11-20,1057.229,1060.799,1050.401,1060.791,9872588800
2013-11-21,1056.826,1058.157,1047.483,1055.923,10874614784
2013-11-22,1056.687,1059.639,1050.062,1052.708,9883204608
2013-11-25,1049.156,1060.21,1046.697,1052.195,9085500416
2013-11-26,1050.754,1057.746,1047.782,1054.65,8627302400
2013-11-27,1053.763,1069.319,1053.148,1069.257,9715433472
2013-11-28,1070.92,1085.913,1070.883,1079.882,11299929088
2013-11-29,1079.89,1090.519,1079.89,1089.603,10386495488
2013-12-02,1061.802,1071.999,1031.463,1035.537,13584706560
2013-12-03,1025.406,1055.162,1023.474,1053.292,9579053056
2013-12-04,1051.328,1073.907,1050.066,1064.017,11734091776
2013-12-05,1062.822,1066.339,1055.696,1058.007,10250278912
2013-12-06,1055.858,1060.336,1051.81,1055.865,8601337856
2013-12-09,1058.516,1066.729,1058.516,1066.729,8276916224
2013-12-10,1067.695,1069.953,1059.971,1066.347,9284269056
2013-12-11,1062.687,1062.912,1049.516,1056.778,8587981312
2013-12-12,1054.734,1069.189,1054.603,1064.05,7742410240
2013-12-13,1058.142,1070.774,1055.435,1068.186,7768810496
2013-12-16,1068.863,1069.397,1052.395,1054.686,8678723584
2013-12-17,1053.887,1055.811,1043.405,1047.491,7101362176
2013-12-18,1047.795,1051.892,1042.46,1046.837,6234248704
2013-12-19,1048.398,1053.344,1039.56,1039.903,6546586112
2013-12-20,1040.191,1043.272,1022.922,1026.235,6908408832
2013-12-23,1026.112,1028.807,1010.08,1025.582,6102474240
2013-12-24,1026.792,1042.141,1025.572,1034.785,6371280384
2013-12-25,1035.534,1050.991,1032.969,1050.991,7015777792
2013-12-26,1050.161,1051.048,1032.302,1032.599,7666420736
2013-12-27,1031.46,1053.847,1031.46,1050.853,7813887488
2013-12-30,1054.377,1057.608,1050.273,1054.218,7961232896
2013-12-31,1050.375,1057.665,1045.433,1057.665,7487373312
2014-01-02,1055.882,1068.104,1054.191,1068.103,7652367360
2014-01-03,1065.777,1069.067,1060.382,1065.687,8876057600
2014-01-06,1063.486,1063.486,1037.621,1038.336,9028792320
2014-01-07,1032.752,1044.674,1030.785,1044.666,7083098112
2014-01-08,1046.464,1059.217,1046.229,1053.77,8621747200
2014-01-09,1051.275,1060.895,1038.48,1038.624,8890737664
2014-01-10,1035.141,1037.615,1018.65,1021.593,7464718848
2014-01-13,1021.412,1029.84,1013.26,1019.469,6790361600
2014-01-14,1019.492,1039.626,1018.184,1039.625,7743588352
2014-01-15,1039.049,1047.305,1038.143,1047.305,7796976128
2014-01-16,1047.809,1053.035,1043.396,1046.169,7916054016
2014-01-17,1043.536,1045.026,1035.355,1036.033,6964230144
2014-01-20,1034.024,1038.794,1021.14,1026.938,6843372032
2014-01-21,1026.197,1042.587,1026.197,1042.587,7427098112
2014-01-22,1043.554,1067.055,1043.554,1067.054,10369504256
2014-01-23,1067.414,1079.601,1066.219,1075.475,10079618048
2014-01-24,1073.328,1092.472,1072.027,1089.529,10922949632
2014-01-27,1084.497,1093.047,1077.552,1083.21,10990188544
2014-01-28,1084.002,1089.121,1070.513,1079.843,8532411392
2014-01-29,1081.119,1089.855,1080.414,1089.004,8384484864
2014-01-30,1087.904,1088.638,1078.378,1081.269,7197811712
2014-02-07,1075.053,1098.685,1071.973,1098.685,8507683328
2014-02-10,1102.47,1128.437,1102.47,1128.06,13503781888
2014-02-11,1128.859,1133.861,1114.561,1127.221,13956488192
2014-02-12,1127.338,1139.041,1122.155,1139.041,12895737856
2014-02-13,1138.064,1140.681,1119.868,1119.933,13578866688
2014-02-14,1119.065,1138.389,1117.604,1138.389,11197946880
2014-02-17,1143.15,1160.386,1142.707,1160.386,13944876032
2014-02-18,1160.921,1160.924,1150.991,1155.623,14230566912
2014-02-19,1154.868,1162.053,1146.965,1157.198,14050501632
2014-02-20,1157.612,1159.725,1135.686,1139.269,13794701312
2014-02-21,1136.94,1143.004,1125.42,1135.011,10628139008
2014-02-24,1130.499,1134.192,1114.938,1134.192,11802814464
2014-02-25,1135.587,1142.947,1083.227,1089.216,15459976192
2014-02-26,1081.678,1094.739,1066.245,1094.734,11586967552
2014-02-27,1097.329,1110.507,1074.471,1075.48,12462353408
2014-02-28,1072.958,1090.886,1063.762,1090.865,10558061568
2014-03-03,1090.565,1109.445,1088.937,1109.412,10788784128
2014-03-04,1105.838,1108.382,1094.098,1106.348,11022382080
2014-03-05,1108.355,1111.574,1101.716,1103.673,10170420224
2014-03-06,1101.509,1108.197,1086.477,1105.691,10212350976
2014-03-07,1105.092,1111.788,1097.419,1102.282,9931967488
2014-03-10,1093.354,1093.354,1062.67,1064.06,10386962432
2014-03-11,1060.561,1072.03,1053.793,1064.295,8611937280
2014-03-12,1061.473,1072.233,1047.021,1062.785,9173926912
2014-03-13,1062.863,1078.348,1062.863,1078.348,8102078976
2014-03-14,1074.218,1081.047,1066.787,1074.192,7877761024
2014-03-17,1075.638,1096.355,1075.373,1096.355,8434320896
2014-03-18,1097.15,1107.223,1096.368,1099.902,9268217856
2014-03-19,1097.139,1097.139,1084.207,1094.444,9680354304
2014-03-20,1092.068,1098.237,1065.426,1065.426,10399154176
2014-03-21,1059.264,1085.986,1050.2,1084.496,10773565440
2014-03-24,1083.542,1088.696,1077.977,1085.48,11054850048
2014-03-25,1082.23,1088.42,1077.214,1083.311,10673836032
2014-03-26,1084.698,1090.743,1084.474,1088.855,8758848512
2014-03-27,1087.309,1087.309,1067.323,1067.323,9787722752
2014-03-28,1064.518,1066.827,1041.459,1044.141,10246834176
2014-03-31,1044.09,1048.597,1033.661,1039.879,7059791872
2014-04-01,1038.667,1057.058,1038.395,1057.008,6562421248
2014-04-02,1057.697,1060.876,1051.923,1055.12,8068891136
2014-04-03,1055.713,1063.547,1051.238,1055.581,7971227648
2014-04-04,1053.18,1068.069,1050.832,1068.068,7048082944
2014-04-08,1062.92,1078.201,1060.92,1078.201,8594777088
2014-04-09,1079.392,1087.888,1079.392,1087.885,8569610240
2014-04-10,1089.365,1096.857,1087.33,1092.696,10582658048
2014-04-11,1088.455,1090.687,1081.984,1088.102,8792883200
2014-04-14,1087.791,1094.504,1087.537,1094.413,8129304064
2014-04-15,1093.47,1093.47,1084.127,1085.959,8938364928
2014-04-16,1083.211,1087.501,1079.469,1085.058,7484456960
2014-04-17,1086.444,1090.589,1085.503,1086.232,7303602176
2014-04-18,1083.704,1089.682,1080.55,1089.358,6604864512
2014-04-21,1083.042,1092.823,1074.166,1074.779,8010812928
2014-04-22,1073.062,1077.155,1051.495,1066.497,8064545280
2014-04-23,1065.218,1072.153,1060.578,1064.929,6379811840
2014-04-24,1063.633,1065.745,1054.275,1057.307,6760946176
2014-04-25,1056.124,1057.149,1036.607,1036.716,7774922752
2014-04-28,1032.713,1032.713,1006.67,1007.271,8039793152
2014-04-29,1004.926,1019.839,1004.926,1019.838,5958500352
2014-04-30,1019.236,1027.947,1018.142,1027.575,5481415168
2014-05-05,1025.431,1037.033,1021.548,1037.033,5768693760
2014-05-06,1035.95,1049.649,1035.265,1044.2,6862928384
2014-05-07,1041.212,1041.212,1027.612,1027.989,6565128704
2014-05-08,1025.088,1040.207,1023.158,1026.196,6501686784
2014-05-09,1025.518,1026.308,1009.727,1017.687,6387874816
2014-05-12,1023.341,1040.562,1020.019,1040.536,8571341312
2014-05-13,1040.056,1044.68,1035.962,1039.385,7617347072
2014-05-14,1038.737,1043.266,1036.601,1040.807,6507637760
2014-05-15,1039.137,1040.118,1021.649,1022.514,6703247872
2014-05-16,1020.583,1022.655,1008.455,1019.364,5907756544
2014-05-19,1017.112,1017.119,1006.539,1014.188,5368294400
2014-05-20,1019.006,1028.184,1015.852,1018.502,5757505024
2014-05-21,1015.841,1028.0,1008.464,1028.0,5576693760
2014-05-22,1028.503,1040.517,1028.354,1028.684,7165384192
2014-05-23,1028.262,1040.46,1026.474,1040.46,6394201088
2014-05-26,1044.564,1052.795,1044.564,1052.795,7394481664
2014-05-27,1052.024,1054.172,1047.321,1048.81,6774258176
2014-05-28,1048.697,1063.319,1047.341,1063.221,8525296128
2014-05-29,1063.519,1065.793,1050.503,1050.578,8232319488
2014-05-30,1050.176,1057.008,1044.166,1053.751,7373429248
2014-06-03,1054.184,1059.159,1052.742,1052.884,6851099648
2014-06-04,1051.648,1051.648,1035.942,1044.429,6840848896
2014-06-05,1043.243,1058.299,1042.33,1058.299,6816558080
2014-06-06,1058.654,1060.808,1049.885,1055.559,7181472256
2014-06-09,1053.599,1058.706,1048.778,1049.307,6645222912
2014-06-10,1049.868,1063.885,1046.039,1063.884,7593689600
2014-06-11,1062.293,1069.722,1060.92,1068.927,7982760960
2014-06-12,1066.762,1070.206,1063.114,1066.556,8032524800
2014-06-13,1065.33,1080.392,1064.889,1079.361,9324493824
2014-06-16,1080.224,1087.366,1080.224,1086.534,9437011968
2014-06-17,1085.295,1085.295,1075.406,1075.805,8969806848
2014-06-18,1075.858,1077.315,1068.259,1068.721,8688474112
2014-06-19,1067.891,1070.209,1034.773,1040.421,9100792832
2014-06-20,1039.869,1050.37,1038.641,1050.114,6693548544
2014-06-23,1052.026,1064.408,1052.026,1061.259,7286218752
2014-06-24,1061.398,1068.501,1061.228,1068.501,7576989184
2014-06-25,1067.691,1067.691,1059.291,1064.234,7240086528
2014-06-26,1064.461,1081.314,1064.461,1080.332,9221701632
2014-06-27,1080.565,1091.677,1078.344,1086.976,10676686848
2014-06-30,1087.697,1096.784,1085.543,1096.784,10971029504
2014-07-01,1097.803,1101.723,1094.639,1101.723,10995918848
2014-07-02,1102.004,1106.938,1095.823,1106.938,11433667584
2014-07-03,1106.78,1116.782,1103.833,1113.909,12629235712
2014-07-04,1114.699,1116.058,1110.709,1113.551,11319333888
2014-07-07,1113.841,1116.709,1106.631,1111.825,10489861120
2014-07-08,1110.906,1120.376,1103.13,1120.376,10843805696
2014-07-09,1119.119,1121.979,1102.409,1102.427,12435087360
2014-07-10,1102.025,1107.474,1099.361,1100.863,10397134848
2014-07-11,1100.602,1110.906,1099.889,1107.815,10721009664
2014-07-14,1108.731,1121.058,1106.351,1121.045,11937076224
2014-07-15,1120.26,1120.975,1110.095,1116.754,13150184448
2014-07-16,1115.397,1118.45,1101.361,1105.224,11462259712
2014-07-17,1103.678,1104.183,1092.389,1099.053,9126162432
2014-07-18,1095.726,1107.287,1094.482,1101.255,8976614400
2014-07-21,1100.878,1103.05,1095.031,1100.085,8596875264
2014-07-22,1098.743,1114.775,1098.498,1114.757,10351298560
2014-07-23,1114.461,1116.16,1098.553,1102.731,11374190592
2014-07-24,1101.829,1106.792,1089.889,1101.092,12518188032
2014-07-25,1101.594,1111.535,1100.956,1111.524,10823759872
2014-07-28,1115.12,1134.28,1115.12,1133.833,15116067840
2014-07-29,1135.137,1149.194,1132.944,1145.738,15026703360
2014-07-30,1144.826,1151.822,1142.915,1150.561,14244609024
2014-07-31,1150.123,1160.016,1148.072,1160.013,13346798592
2014-08-01,1156.434,1164.249,1146.754,1148.29,15431215104
2014-08-04,1149.624,1164.322,1149.438,1164.322,13142227968
2014-08-05,1165.141,1172.762,1158.762,1172.762,14617274368
2014-08-06,1169.452,1179.29,1164.732,1177.332,14760178688
2014-08-07,1177.351,1183.088,1166.185,1166.496,14404766720
2014-08-08,1167.759,1176.745,1167.52,1174.41,11857887232
2014-08-11,1176.28,1191.358,1176.28,1191.358,13297068032
2014-08-12,1191.441,1194.943,1188.584,1194.943,13755470848
2014-08-13,1194.786,1198.103,1181.245,1194.811,14823285760
2014-08-14,1193.773,1200.738,1187.237,1187.953,14941630464
2014-08-15,1188.275,1202.226,1186.763,1201.175,14284481536
2014-08-18,1204.102,1218.745,1204.102,1218.731,16202433536
2014-08-19,1221.513,1225.456,1214.344,1223.087,17827317760
2014-08-20,1222.926,1228.202,1218.652,1222.116,16051082240
2014-08-21,1222.908,1223.827,1208.943,1223.827,15123521536
2014-08-22,1223.499,1233.939,1222.431,1232.504,14261601280
2014-08-25,1233.249,1233.249,1219.803,1223.067,13769387008
2014-08-26,1220.688,1223.62,1198.162,1202.464,14014030848
2014-08-27,1202.001,1211.992,1202.001,1209.204,11077434368
2014-08-28,1209.325,1211.792,1195.631,1198.708,11216904192
2014-08-29,1198.377,1212.256,1197.556,1212.256,9122010112
2014-09-01,1213.591,1232.564,1213.591,1232.56,11771875328
2014-09-02,1235.6,1249.061,1234.52,1249.061,15889687552
2014-09-03,1251.494,1260.358,1249.357,1258.743,17573304320
2014-09-04,1259.871,1268.561,1256.16,1268.561,17628229632
2014-09-05,1270.741,1273.715,1263.647,1273.681,17544732672
2014-09-09,1275.122,1279.524,1266.084,1279.516,17056290816
2014-09-10,1276.148,1286.27,1270.098,1285.181,16994907136
2014-09-11,1285.45,1299.974,1275.926,1283.027,19785252864
2014-09-12,1282.185,1294.789,1279.001,1294.789,16046978048
2014-09-15,1294.655,1305.079,1290.956,1304.201,18638252032
2014-09-16,1305.439,1306.161,1262.801,1263.041,23587506176
2014-09-17,1264.154,1271.337,1252.112,1271.337,16244836352
2014-09-18,1269.514,1279.427,1266.287,1279.427,14702178304
2014-09-19,1280.242,1292.019,1277.83,1291.228,13759328256
2014-09-22,1289.802,1289.802,1272.501,1275.519,14648270848
2014-09-23,1275.442,1291.418,1275.442,1291.418,13673545728
2014-09-24,1289.703,1309.141,1286.91,1309.141,17221859328
2014-09-25,1313.246,1321.196,1305.285,1309.044,18222336000
2014-09-26,1307.01,1312.994,1302.862,1312.603,14890604544
2014-09-29,1316.265,1325.234,1316.263,1324.942,16499077120
2014-09-30,1327.396,1334.494,1325.048,1333.503,14956548096
2014-10-08,1338.075,1351.824,1331.265,1351.824,16624708608
2014-10-09,1353.944,1357.859,1338.197,1355.706,20487747584
2014-10-10,1351.642,1357.386,1343.006,1350.599,19613503488
2014-10-13,1345.824,1349.467,1330.18,1349.467,17577824256
2014-10-14,1347.481,1357.848,1338.41,1345.642,17280542720
2014-10-15,1344.706,1351.125,1333.304,1351.125,16656569344
2014-10-16,1344.439,1356.213,1332.897,1332.897,17505435648
2014-10-17,1330.593,1336.508,1299.829,1323.521,16944619520
2014-10-20,1325.838,1340.978,1325.249,1340.978,12932440064
2014-10-21,1340.766,1344.817,1329.406,1330.766,13264412672
2014-10-22,1330.491,1335.719,1315.475,1316.027,12252186624
2014-10-23,1312.714,1317.109,1290.784,1296.053,13324992512
2014-10-24,1296.527,1304.774,1292.454,1296.643,9972230144
2014-10-27,1292.306,1302.392,1284.881,1302.392,10178597888
2014-10-28,1304.988,1333.526,1304.988,1333.526,13937838080
2014-10-29,1336.947,1352.844,1334.468,1349.975,18840350720
2014-10-30,1350.087,1356.133,1344.429,1349.573,17405644800
2014-10-31,1350.984,1355.665,1338.787,1350.498,17517881344
2014-11-03,1352.082,1361.41,1351.441,1361.379,17376010240
2014-11-04,1361.359,1362.824,1349.02,1353.814,17349107712
2014-11-05,1353.603,1357.024,1346.351,1353.119,15929010176
2014-11-06,1352.878,1364.553,1347.364,1364.534,14481816576
2014-11-07,1366.121,1372.995,1348.674,1354.358,17932840960
2014-11-10,1357.168,1365.639,1352.301,1365.639,15853188096
2014-11-11,1367.508,1368.098,1315.257,1325.731,20523726848
2014-11-12,1321.858,1345.412,1319.699,1345.412,12908043264
2014-11-13,1344.34,1344.34,1318.537,1325.782,16094101504
2014-11-14,1321.034,1324.549,1314.045,1322.62,12381509632
2014-11-17,1324.297,1341.916,1318.068,1335.73,12416888832
2014-11-18,1334.588,1340.173,1332.3,1338.091,11478764544
2014-11-19,1337.926,1351.19,1337.924,1347.359,12085571584
2014-11-20,1343.44,1346.632,1340.031,1344.57,10949229568
2014-11-21,1344.893,1359.827,1344.893,1359.827,13259400192
2014-11-24,1373.27,1382.047,1367.644,1377.791,20387620864
2014-11-25,1378.941,1397.41,1377.657,1397.41,19057371136
2014-11-26,1399.39,1407.012,1394.753,1405.655,19632259072
2014-11-27,1409.668,1416.177,1403.578,1416.177,21535901696
2014-11-28,1415.52,1420.321,1404.445,1420.319,23788902400
2014-12-01,1420.796,1420.796,1404.435,1412.562,22416318464
2014-12-02,1410.265,1435.29,1408.759,1433.496,20464971776
2014-12-03,1436.322,1452.955,1428.58,1452.923,28893861888
2014-12-04,1454.873,1482.155,1454.665,1481.964,27371141120
2014-12-05,1486.817,1486.844,1416.872,1454.634,31302445056
2014-12-08,1447.514,1472.707,1434.02,1466.649,27392710656
2014-12-09,1459.777,1474.567,1400.999,1403.389,34579591168
2014-12-10,1401.018,1452.774,1394.735,1452.528,23077715968
2014-12-11,1448.018,1470.005,1442.872,1465.587,23636078592
2014-12-12,1466.683,1481.306,1465.019,1479.82,20365449216
2014-12-15,1477.916,1502.033,1473.874,1500.564,21090093056
2014-12-16,1501.004,1504.48,1489.86,1503.584,21359767552
2014-12-17,1502.139,1502.139,1474.969,1492.941,22890358784
2014-12-18,1488.931,1497.037,1483.721,1484.259,18228715520
2014-12-19,1480.969,1480.969,1441.69,1465.588,21201061888
2014-12-22,1460.534,1460.534,1405.692,1412.301,24346818560
2014-12-23,1404.06,1420.645,1391.095,1392.619,16794272768
2014-12-24,1397.855,1405.035,1390.732,1404.4,15393959936
2014-12-25,1408.422,1424.618,1406.483,1424.618,14876583936
2014-12-26,1425.122,1439.477,1423.02,1439.477,17221128192
2014-12-29,1442.056,1442.056,1409.984,1418.489,20187488256
2014-12-30,1415.873,1418.194,1394.848,1398.567,16569458688
2014-12-31,1397.697,1415.191,1393.185,1415.191,15917799424
2015-01-05,1419.435,1440.574,1408.985,1436.864,21835636736
2015-01-06,1429.099,1463.036,1422.437,1461.316,21161017344
2015-01-07,1458.264,1462.41,1446.97,1457.447,16836333568
2015-01-08,1456.334,1463.464,1442.66,1451.145,16444678144
2015-01-09,1446.887,1467.911,1442.819,1442.837,16163013632
2015-01-12,1436.635,1441.665,1422.192,1432.56,13967474688
2015-01-13,1431.476,1454.259,1431.12,1452.366,12407477248
2015-01-14,1453.62,1456.612,1438.927,1445.858,12186676224
2015-01-15,1445.23,1459.692,1445.148,1459.692,12583158784
2015-01-16,1460.41,1479.752,1460.41,1478.467,14725565440
2015-01-19,1436.699,1474.725,1411.918,1428.37,19538006016
2015-01-20,1432.066,1476.841,1432.066,1476.841,18089007104
2015-01-21,1483.114,1512.68,1482.185,1512.292,21173667840
2015-01-22,1512.503,1530.615,1511.153,1530.275,19275427840
2015-01-23,1532.416,1533.69,1508.879,1514.297,18471657472
2015-01-26,1520.016,1548.753,1519.055,1548.016,18267070464
2015-01-27,1548.347,1554.618,1527.087,1549.931,20400203776
2015-01-28,1545.138,1554.355,1534.94,1538.856,16807463936
2015-01-29,1526.154,1536.282,1520.537,1529.383,15720123392
2015-01-30,1531.454,1537.976,1512.388,1512.388,15549739008
2015-02-02,1494.598,1514.496,1489.286,1502.891,13373903872
2015-02-03,1509.754,1533.833,1509.754,1533.217,14627625984
2015-02-04,1536.65,1543.584,1528.188,1529.04,15653647360
2015-02-05,1544.195,1551.592,1526.113,1526.113,17634615296
2015-02-06,1522.812,1526.04,1489.368,1495.262,15081439232
2015-02-09,1491.919,1500.867,1485.95,1489.393,12054317056
2015-02-10,1488.634,1512.491,1488.228,1512.49,10833819648
2015-02-11,1515.171,1534.7,1515.171,1533.322,12821671936
2015-02-12,1534.51,1546.444,1534.229,1544.804,13383619584
2015-02-13,1551.909,1575.371,1551.909,1569.561,16696781824
2015-02-16,1574.083,1600.047,1574.083,1600.046,16643604480
2015-02-17,1606.808,1612.519,1600.958,1610.727,14936050688
2015-02-25,1615.467,1615.467,1593.971,1598.304,15271303168
2015-02-26,1597.242,1614.731,1596.479,1614.71,16524576768
2015-02-27,1614.143,1630.675,1612.625,1630.051,18201556992
2015-03-02,1640.89,1663.651,1637.15,1663.651,24196079616
2015-03-03,1657.838,1668.547,1644.351,1644.994,25346463744
2015-03-04,1645.475,1673.244,1645.475,1673.244,21830307840
2015-03-05,1673.932,1677.893,1663.288,1677.766,22419591168
2015-03-06,1679.939,1682.723,1650.701,1651.771,20205864960
2015-03-09,1643.165,1672.071,1634.571,1672.071,18494840832
2015-03-10,1672.361,1697.506,1671.517,1691.981,19523072000
2015-03-11,1692.284,1696.574,1684.898,1689.154,19340097536
2015-03-12,1692.283,1694.073,1674.068,1684.835,19846127616
2015-03-13,1688.986,1708.079,1688.73,1708.079,17914822656
2015-03-16,1719.684,1760.193,1719.684,1760.19,25402662912
2015-03-17,1769.824,1785.356,1761.008,1781.775,31538180096
2015-03-18,1783.454,1818.376,1779.142,1818.376,32214585344
2015-03-19,1821.434,1827.858,1808.946,1827.858,31163834368
2015-03-20,1829.242,1853.55,1829.242,1852.943,29787406336
2015-03-23,1864.37,1903.645,1864.37,1903.644,32282079232
2015-03-24,1912.469,1923.923,1856.146,1922.847,39078535168
2015-03-25,1923.691,1955.113,1912.555,1943.688,33324044288
2015-03-26,1935.402,1948.184,1897.539,1914.226,30785759232
2015-03-27,1911.881,1938.146,1910.636,1935.594,23697584128
2015-03-30,1939.058,1951.624,1933.378,1948.06,29805119488
2015-03-31,1957.528,1979.227,1950.517,1958.403,31772860416
2015-04-01,1961.137,2009.146,1961.137,2005.666,28787562496
2015-04-02,2018.499,2043.026,2012.818,2043.026,32176713728
2015-04-03,2035.973,2081.587,2027.614,2080.395,32623357952
2015-04-07,2094.42,2124.093,2094.42,2124.093,34447695872
2015-04-08,2132.872,2133.72,2066.196,2109.034,36142919680
2015-04-09,2111.218,2111.218,2026.131,2096.972,34615058432
2015-04-10,2088.145,2153.007,2077.887,2149.112,29530791936
2015-04-13,2160.003,2192.488,2149.368,2187.733,33280811008
2015-04-14,2190.23,2204.436,2163.011,2181.887,32690909184
2015-04-15,2174.491,2174.491,2101.65,2101.65,31157415936
2015-04-16,2076.042,2148.877,2059.129,2126.153,25965008896
2015-04-17,2143.573,2153.151,2126.838,2136.27,33430124544
2015-04-20,2131.92,2144.991,2085.752,2093.706,37036941312
2015-04-21,2096.268,2174.927,2096.268,2174.925,30927261696
2015-04-22,2194.965,2235.565,2194.965,2234.461,36390428672
2015-04-23,2247.334,2269.956,2230.571,2256.975,37866377216
2015-04-24,2236.1,2263.694,2217.241,2256.362,35316596736
2015-04-27,2275.644,2292.74,2251.991,2271.275,34525265920
2015-04-28,2274.075,2275.344,2187.897,2208.561,33395286016
2015-04-29,2202.598,2258.293,2195.221,2254.975,27250601984
2015-04-30,2266.281,2294.018,2266.281,2267.773,27631869952
2015-05-04,2274.988,2287.725,2250.351,2281.655,26406178816
2015-05-05,2280.976,2282.692,2205.439,2217.886,30063779840
2015-05-06,2226.896,2271.471,2194.05,2206.709,26659721216
2015-05-07,2198.126,2210.768,2175.867,2181.299,22651328512
2015-05-08,2206.231,2272.169,2206.231,2272.169,25423546368
2015-05-11,2301.284,2373.94,2290.399,2373.916,31739418624
2015-05-12,2391.308,2426.439,2376.992,2425.902,33400096768
2015-05-13,2414.728,2469.384,2390.153,2445.873,34702221312
2015-05-14,2453.468,2471.352,2434.95,2454.198,33796022272
2015-05-15,2446.793,2464.374,2406.508,2442.756,31117135872
2015-05-18,2443.651,2507.035,2440.872,2501.461,29549312000
2015-05-19,2518.782,2570.533,2500.47,2567.287,31803985920
2015-05-20,2583.562,2661.88,2583.562,2619.324,37961330688
2015-05-21,2636.249,2713.419,2636.249,2713.419,35576647680
2015-05-22,2756.336,2772.488,2685.875,2740.917,43612905472
2015-05-25,2710.732,2788.965,2692.469,2785.071,42140536832
2015-05-26,2802.041,2884.764,2800.82,2884.661,44692148224
2015-05-27,2904.975,2930.312,2842.403,2918.024,44479520768
2015-05-28,2923.869,2967.526,2756.836,2756.926,52204961792
2015-05-29,2751.383,2841.261,2641.799,2793.254,41243725824
2015-06-01,2818.36,2926.962,2818.36,2926.962,36479877120
2015-06-02,2949.823,3029.979,2936.658,3029.974,39649845248
2015-06-03,3051.329,3065.047,2962.316,3041.412,40720175104
2015-06-04,3043.797,3050.627,2853.892,3023.697,40160006144
2015-06-05,3065.451,3091.422,2991.273,3051.955,44420239360
2015-06-08,3048.555,3048.555,2959.492,2999.34,42082390016
2015-06-09,2989.271,3025.349,2957.071,2994.853,34716844032
2015-06-10,2979.89,3083.09,2957.114,3055.58,35876134912
2015-06-11,3058.898,3100.935,3049.397,3100.935,35108790272
2015-06-12,3115.85,3156.961,3110.033,3140.662,38507196416
2015-06-15,3151.145,3155.097,3067.971,3073.07,40617836544
2015-06-16,3034.596,3034.596,2937.236,2962.655,35302039552
2015-06-17,2960.466,3030.223,2873.095,3021.4,31241916416
2015-06-18,3015.998,3029.948,2908.514,2913.6,28905971712
2015-06-19,2846.791,2873.673,2736.476,2742.184,28964642816
2015-06-23,2737.091,2774.64,2597.658,2774.636,29292773376
2015-06-24,2799.641,2831.088,2746.91,2822.734,33217343488
2015-06-25,2831.756,2832.426,2684.235,2716.709,33171568640
2015-06-26,2629.506,2632.334,2493.79,2502.955,29466585088
2015-06-29,2547.368,2549.294,2308.968,2351.403,35894693888
2015-06-30,2288.058,2466.439,2201.9,2464.226,39954010112
2015-07-01,2439.092,2523.084,2334.438,2346.132,34874208256
2015-07-02,2333.661,2347.398,2191.585,2215.814,32073508864
2015-07-03,2135.551,2243.573,2060.559,2098.478,31553617920
2015-07-06,2235.981,2235.981,1982.327,2041.852,39633797120
2015-07-07,1970.377,1982.044,1918.822,1932.832,22732402688
2015-07-08,1854.216,1888.187,1851.606,1884.454,30732859392
2015-07-09,1864.689,1955.655,1864.689,1955.352,20745453568
2015-07-10,1991.058,2037.54,1986.307,2035.26,15891522560
2015-07-13,2087.017,2126.44,2071.712,2120.246,23384911872
2015-07-14,2155.691,2200.486,2133.709,2149.516,28563515392
2015-07-15,2158.559,2158.559,2053.753,2058.843,34529542144
2015-07-16,2020.72,2128.901,1971.512,2086.517,32429416448
2015-07-17,2100.162,2204.086,2097.225,2190.418,30700763136
2015-07-20,2208.08,2262.478,2184.199,2230.292,35816517632
2015-07-21,2208.545,2282.486,2187.415,2265.099,31241572352
2015-07-22,2266.607,2296.397,2232.476,2287.98,33490892800
2015-07-23,2292.61,2358.512,2280.723,2352.649,36704350208
2015-07-24,2361.164,2395.966,2306.584,2322.706,40085594112
2015-07-27,2277.624,2340.933,2159.285,2160.092,36443901952
2015-07-28,2059.244,2186.349,2024.306,2111.698,37431103488
2015-07-29,2139.394,2198.821,2062.816,2198.813,29648875520
2015-07-30,2188.002,2229.981,2125.338,2128.155,29945853952
2015-07-31,2096.023,2154.945,2082.452,2110.622,23519152128
2015-08-03,2079.128,2097.374,2020.552,2053.116,24373706752
2015-08-04,2053.056,2150.952,2042.126,2150.952,26160070656
2015-08-05,2148.778,2179.597,2112.062,2128.416,27115079680
2015-08-06,2084.891,2139.987,2077.295,2113.648,20222916608
2015-08-07,2132.343,2177.386,2130.491,2177.154,25188804608
2015-08-10,2198.888,2286.898,2192.127,2274.842,32308072448
2015-08-11,2278.174,2315.131,2266.738,2284.272,35182989312
2015-08-12,2264.241,2296.917,2249.177,2249.18,28511379456
2015-08-13,2239.085,2298.793,2222.243,2298.793,28706246656
2015-08-14,2316.479,2335.966,2296.914,2310.399,32679518208
2015-08-17,2303.863,2329.386,2279.425,2327.485,32680921088
2015-08-18,2331.136,2340.094,2166.209,2174.419,38903492608
2015-08-19,2107.646,2233.885,2060.342,2222.049,33174853632
2015-08-20,2201.119,2234.216,2153.754,2155.492,28375572480
2015-08-21,2114.89,2139.395,2035.723,2039.396,26016079872
2015-08-24,1951.282,1959.06,1881.35,1882.462,19382935552
2015-08-25,1751.281,1801.785,1744.868,1749.072,21874675712
2015-08-26,1746.077,1806.145,1672.158,1695.758,32672716800
2015-08-27,1723.543,1752.212,1661.759,1752.212,27196186624
2015-08-28,1776.44,1848.96,1761.27,1846.826,31598858240
2015-08-31,1832.978,1832.978,1780.778,1790.31,26670256128
2015-09-01,1763.101,1763.101,1687.358,1707.777,24629145600
2015-09-02,1628.182,1739.565,1625.733,1673.951,25917372416
2015-09-07,1689.145,1736.239,1665.194,1677.332,22854055936
2015-09-08,1662.571,1744.678,1646.542,1741.537,20042743808
2015-09-09,1750.355,1809.019,1745.654,1798.841,31192592384
2015-09-10,1770.031,1802.225,1762.569,1770.375,22531418112
2015-09-11,1766.778,1793.938,1756.438,1781.351,19046508544
2015-09-14,1789.429,1794.407,1656.492,1662.888,24088270848
2015-09-15,1616.463,1649.586,1574.741,1580.256,19821443072
2015-09-16,1585.107,1689.724,1581.797,1683.359,23480100864
2015-09-17,1680.004,1729.221,1658.415,1658.415,27371560960
2015-09-18,1668.333,1689.031,1648.708,1679.095,18768099328
2015-09-21,1657.936,1739.051,1652.068,1738.642,22716786688
2015-09-22,1744.032,1770.243,1728.519,1750.907,26389788672
2015-09-23,1721.238,1756.451,1717.611,1736.444,23184402432
2015-09-24,1744.056,1764.636,1736.303,1757.536,22149160960
2015-09-25,1748.268,1759.546,1685.372,1697.115,22674012160
2015-09-28,1698.218,1738.917,1678.221,1737.919,16402103296
2015-09-29,1710.142,1732.529,1697.531,1711.715,17448089600
2015-09-30,1719.191,1727.653,1698.673,1716.78,14980384768
2015-10-08,1771.783,1797.853,1759.876,1785.392,23068794880
2015-10-09,1783.945,1819.174,1780.046,1811.628,24188557312
2015-10-12,1822.219,1903.46,1821.717,1887.282,34134267904
2015-10-13,1873.2,1911.87,1867.28,1907.121,29515622400
2015-10-14,1899.418,1916.423,1879.744,1884.155,29610278912
2015-10-15,1875.44,1941.284,1875.44,1941.284,30849026048
2015-10-16,1954.141,1968.381,1928.664,1966.962,35729727488
2015-10-19,1974.682,1986.227,1943.801,1969.639,35436314624
2015-10-20,1967.579,2008.48,1961.24,2008.48,32894941184
2015-10-21,2008.357,2018.983,1882.261,1889.133,42174595072
2015-10-22,1885.635,1961.6,1885.121,1959.19,32683130880
2015-10-23,1975.093,2024.41,1968.432,2016.737,37897883648
2015-10-26,2042.304,2048.839,2003.945,2030.479,39154749440
2015-10-27,2012.759,2054.939,1948.233,2043.777,36633202688
2015-10-28,2030.233,2057.183,1989.85,1998.38,34152933376
2015-10-29,2011.815,2035.235,1983.55,2014.396,28180961280
2015-10-30,2011.066,2042.682,1979.808,2014.86,29633595392
2015-11-02,1987.949,2047.538,1982.139,1987.973,27469090816
2015-11-03,1993.313,2008.357,1968.647,1987.47,22405132288
2015-11-04,1996.496,2089.29,1996.496,2089.289,33943820288
2015-11-05,2094.14,2123.868,2075.587,2093.467,42913718272
2015-11-06,2094.371,2154.961,2094.371,2152.43,37737058304
2015-11-09,2142.74,2203.66,2125.579,2191.603,42223243264
2015-11-10,2181.281,2222.887,2175.066,2209.605,40091332608
2015-11-11,2211.51,2254.671,2202.626,2253.212,38212485120
2015-11-12,2263.722,2279.852,2228.174,2259.486,40354512896
2015-11-13,2232.524,2245.26,2182.067,2205.565,36299345920
2015-11-16,2161.11,2250.977,2159.3,2250.977,29240823808
2015-11-17,2274.298,2289.137,2225.24,2231.182,40349696000
2015-11-18,2231.91,2246.364,2185.185,2189.883,30614951936
2015-11-19,2197.275,2257.21,2196.075,2257.21,29446742016
2015-11-20,2266.531,2296.151,2256.546,2285.826,36472672256
2015-11-23,2287.469,2310.755,2260.052,2268.618,36238548992
2015-11-24,2266.144,2300.088,2247.081,2300.088,28393068544
2015-11-25,2300.629,2346.366,2298.645,2343.619,32541589504
2015-11-26,2354.424,2358.343,2320.455,2325.688,34966163456
2015-11-27,2311.217,2324.064,2168.709,2184.113,37147516928
2015-11-30,2187.334,2212.954,2086.426,2203.606,32521529344
2015-12-01,2200.858,2226.691,2172.206,2198.283,27022223360
2015-12-02,2191.446,2197.935,2121.63,2189.314,26399991808
2015-12-03,2191.593,2243.943,2191.593,2243.943,24953294848
2015-12-04,2236.771,2260.424,2217.212,2233.26,26807033856
2015-12-07,2237.119,2263.434,2222.263,2261.407,24767039488
2015-12-08,2250.167,2252.254,2213.482,2221.266,26104307712
2015-12-09,2209.171,2230.78,2197.173,2214.21,23296440320
2015-12-10,2212.311,2236.51,2206.385,2211.862,22863894528
2015-12-11,2203.17,2215.396,2185.781,2195.856,20466589696
2015-12-14,2174.715,2239.678,2171.258,2239.678,21494220800
2015-12-15,2242.851,2273.137,2242.851,2264.722,22829381632
2015-12-16,2272.437,2295.098,2271.337,2280.117,23545131008
2015-12-17,2294.204,2342.182,2294.204,2342.182,32853768192
2015-12-18,2341.752,2350.701,2322.032,2335.603,30575269888
2015-12-21,2331.312,2361.515,2329.679,2357.989,29849067520
2015-12-22,2363.277,2379.627,2348.96,2379.627,28839655424
2015-12-23,2381.458,2386.309,2345.371,2351.064,31225325568
2015-12-24,2344.78,2352.812,2307.471,2346.371,23255007232
2015-12-25,2350.943,2366.062,2343.765,2359.728,21433126912
2015-12-28,2367.974,2377.2,2308.377,2308.377,27978235904
2015-12-29,2305.483,2330.355,2286.994,2330.355,21500993536
2015-12-30,2333.625,2352.866,2327.126,2351.353,23173189632
2015-12-31,2352.429,2356.899,2308.839,2308.907,22226173952
2016-01-04,2304.477,2304.491,2119.098,2119.156,20485527552
2016-01-05,2012.61,2121.392,2005.393,2079.772,29429084160
2016-01-06,2090.365,2133.956,2071.653,2133.956,25349724160
2016-01-07,2094.658,2094.658,1955.875,1958.089,7166195200
2016-01-08,2002.212,2021.697,1878.491,1978.721,28514936832
2016-01-11,1934.241,1958.915,1847.881,1848.102,26129924096
2016-01-12,1846.436,1879.198,1811.789,1855.391,21763733504
2016-01-13,1864.192,1880.621,1791.098,1791.182,20894052352
2016-01-14,1732.534,1862.078,1729.991,1859.37,22851268608
2016-01-15,1845.165,1863.357,1785.505,1796.131,22116016128
2016-01-18,1759.493,1851.506,1758.19,1830.329,19337160704
2016-01-19,1825.473,1898.525,1820.581,1895.749,23143458816
2016-01-20,1883.036,1909.46,1862.694,1876.307,22966163456
2016-01-21,1845.578,1895.061,1800.992,1800.992,21004996608
2016-01-22,1820.846,1837.709,1772.008,1827.337,17811779584
2016-01-25,1843.098,1863.377,1827.373,1845.783,16514122752
2016-01-26,1824.4,1826.616,1710.437,1714.421,21398837248
2016-01-27,1720.442,1725.254,1618.117,1700.153,22135271424
2016-01-28,1676.879,1696.712,1622.466,1629.065,16885275648
2016-01-29,1624.849,1703.663,1620.512,1689.43,18089527296
2016-02-01,1684.716,1699.007,1647.373,1671.908,15365348352
2016-02-02,1672.995,1734.519,1672.995,1729.089,16759823360
2016-02-03,1709.478,1744.58,1698.09,1737.2,15872987136
2016-02-04,1742.395,1779.787,1742.395,1771.067,17970829312
2016-02-05,1773.71,1780.133,1750.46,1750.703,14732867584
2016-02-15,1693.805,1759.905,1693.336,1750.016,13736153088
2016-02-16,1759.399,1826.148,1759.399,1821.708,20040124416
2016-02-17,1821.477,1850.358,1810.133,1847.648,23076491264
2016-02-18,1859.523,1867.978,1838.098,1841.416,23723577344
2016-02-19,1835.564,1861.723,1831.753,1850.513,19041093632
2016-02-22,1874.487,1888.181,1865.084,1888.181,23595081728
2016-02-23,1890.32,1894.535,1852.446,1877.185,22797381632
2016-02-24,1869.428,1887.114,1836.906,1876.474,22230816768
2016-02-25,1872.246,1872.246,1731.575,1738.668,27040667648
2016-02-26,1750.507,1759.802,1701.498,1736.538,20850040832
2016-02-29,1726.779,1726.779,1627.183,1643.275,20726773760
2016-03-01,1643.546,1693.783,1620.577,1681.474,21010900992
2016-03-02,1677.435,1763.394,1676.675,1760.583,26977349632
2016-03-03,1760.316,1793.426,1756.767,1758.132,28866693120
2016-03-04,1749.33,1762.232,1687.374,1706.966,26049656832
2016-03-07,1724.179,1759.781,1724.099,1741.645,19868598272
2016-03-08,1738.723,1750.535,1673.493,1750.535,23099406336
2016-03-09,1712.187,1740.963,1700.468,1713.444,18032084992
2016-03-10,1714.375,1728.643,1686.987,1688.972,15102490624
2016-03-11,1670.454,1697.725,1663.306,1685.239,12701335552
2016-03-14,1704.51,1762.681,1704.51,1745.286,20657698816
2016-03-15,1740.03,1748.869,1722.531,1729.079,17154845696
2016-03-16,1741.874,1748.007,1700.077,1711.465,15856956416
2016-03-17,1717.909,1777.297,1717.909,1772.43,23292391424
2016-03-18,1780.452,1843.268,1780.041,1837.21,31803848704
2016-03-21,1860.611,1886.372,1855.273,1886.372,33811466240
2016-03-22,1870.562,1896.206,1860.426,1880.784,27915646976
2016-03-23,1874.555,1902.532,1870.078,1902.532,24786673664
2016-03-24,1885.123,1911.581,1869.329,1876.106,27035588608
2016-03-25,1870.324,1890.651,1861.1,1885.123,20970113024
2016-03-28,1896.358,1914.815,1868.744,1874.655,23985137664
2016-03-29,1871.168,1874.603,1824.885,1840.509,20705007616
2016-03-30,1856.287,1906.765,1856.287,1906.765,23062550528
2016-03-31,1916.613,1931.426,1906.677,1912.209,25073924096
2016-04-01,1903.338,1909.418,1872.511,1901.515,21570842624
2016-04-05,1903.644,1953.464,1899.899,1951.105,26293583872
2016-04-06,1943.922,1963.071,1939.438,1961.707,26105440256
2016-04-07,1967.058,1970.867,1930.263,1930.263,26608648192
2016-04-08,1914.384,1920.75,1889.827,1914.322,22215569408
2016-04-11,1931.597,1961.692,1931.597,1952.478,24567623680
2016-04-12,1950.309,1954.424,1914.621,1935.603,21714298880
2016-04-13,1945.742,1984.958,1945.742,1962.432,31065098240
2016-04-14,1972.646,1982.451,1957.772,1982.451,24066385920
2016-04-15,1982.874,1985.541,1967.521,1978.584,21846876160
2016-04-18,1965.74,1965.74,1938.767,1952.409,20878340096
2016-04-19,1960.46,1966.536,1944.572,1958.2,18869719040
2016-04-20,1963.612,1966.626,1840.164,1871.512,30452791296
2016-04-21,1862.592,1885.167,1846.579,1848.529,21375285248
2016-04-22,1836.133,1867.555,1832.432,1867.555,17067252736
2016-04-25,1861.802,1865.605,1835.875,1859.9,15408529408
2016-04-26,1857.678,1881.986,1855.301,1881.986,15135098880
2016-04-27,1884.494,1896.076,1873.288,1876.513,16944296960
2016-04-28,1876.749,1880.431,1840.248,1874.308,16980742144
2016-04-29,1866.047,1883.544,1863.614,1873.993,14035894272
2016-05-03,1873.684,1929.029,1865.763,1929.029,20363872256
2016-05-04,1922.111,1943.302,1919.67,1928.632,20562688000
2016-05-05,1925.324,1943.449,1921.405,1942.544,18087114752
2016-05-06,1944.293,1950.109,1871.609,1871.609,25924972544
2016-05-09,1852.646,1852.646,1795.856,1804.345,20194742322
2016-05-10,1799.705,1812.778,1792.462,1802.272,13689120410
2016-05-11,1812.25,1817.291,1784.989,1791.055,15409561547
2016-05-12,1766.261,1790.358,1738.704,1790.027,15600950239
2016-05-13,1784.187,1806.392,1774.562,1784.329,14245592986
2016-05-16,1778.935,1815.027,1771.263,1815.027,14906378379
2016-05-17,1816.195,1832.431,1801.814,1814.68,17757207796
2016-05-18,1799.431,1799.431,1746.756,1766.081,17767144246
2016-05-19,1764.79,1798.462,1764.79,1775.885,15651912721
2016-05-20,1761.336,1794.954,1755.233,1794.954,14998232160
2016-05-23,1799.052,1821.801,1799.052,1820.992,16899598874
2016-05-24,1818.361,1818.361,1792.333,1804.604,15574307585
2016-05-25,1816.07,1825.331,1792.652,1800.229,15180699112
2016-05-26,1795.175,1808.926,1763.453,1808.926,16607029595
2016-05-27,1804.486,1820.24,1799.813,1807.038,15971998267
2016-05-30,1795.932,1813.938,1780.594,1798.775,13861555159
2016-05-31,1801.025,1872.36,1801.025,1872.36,25583704157
2016-06-01,1877.299,1898.513,1876.622,1886.506,26537846798
2016-06-02,1883.997,1904.742,1882.757,1904.742,23172561122
2016-06-03,1905.226,1927.455,1899.832,1914.812,25144467562
2016-06-06,1920.653,1924.546,1906.738,1920.124,20836386623
2016-06-07,1920.397,1926.351,1909.055,1924.88,19952084461
2016-06-08,1921.394,1930.451,1901.685,1918.622,20813352269
2016-06-13,1892.068,1905.108,1827.356,1827.356,23324978638
2016-06-14,1817.767,1836.676,1812.31,1832.629,16916028644
2016-06-15,1812.964,1897.906,1810.663,1889.87,22961752220
2016-06-16,1888.439,1900.034,1879.589,1885.438,23466182615
2016-06-17,1889.998,1914.328,1885.617,1900.736,22652028547
2016-06-20,1900.908,1913.303,1882.775,1909.121,19957849585
2016-06-21,1920.114,1932.32,1881.07,1889.711,23489849040
2016-06-22,1884.458,1921.382,1882.553,1921.382,19712676536
2016-06-23,1920.001,1926.266,1900.861,1915.207,21722797479
2016-06-24,1912.131,1927.444,1845.644,1900.599,27094643996
2016-06-27,1887.922,1946.696,1887.817,1946.696,23495879253
2016-06-28,1940.275,1972.11,1937.989,1970.376,26830877231
2016-06-29,1977.412,1982.258,1963.9,1973.342,24955990132
2016-06-30,1973.944,1979.019,1963.8,1974.24,22314700296
2016-07-01,1976.31,1985.901,1963.807,1970.724,20480060304
2016-07-04,1956.495,2004.995,1955.205,2001.689,25410783777
2016-07-05,2002.423,2009.237,1992.731,2006.38,26376421355
2016-07-06,2000.865,2015.815,1995.005,2015.171,24983074241
2016-07-07,2013.218,2022.649,1995.397,2015.147,28098198994
2016-07-08,2013.17,2023.625,2003.63,2012.286,22683646822
2016-07-11,2015.55,2027.82,1999.338,2000.977,26265813467
2016-07-12,1998.748,2025.017,1973.738,2025.017,28369240492
2016-07-13,2029.412,2047.317,2024.397,2041.663,28532079578
2016-07-14,2039.562,2045.443,2031.48,2044.933,23509821097
2016-07-15,2045.098,2047.765,2030.913,2038.734,22506726379
2016-07-18,2034.02,2040.1,2017.1,2027.878,21887929296
2016-07-19,2026.226,2034.454,2011.513,2034.454,20036364408
2016-07-20,2035.351,2045.813,2031.088,2035.847,20105649447
2016-07-21,2035.504,2052.694,2030.818,2038.182,21591793951
2016-07-22,2037.248,2040.793,2017.768,2019.569,20997887778
2016-07-25,2015.546,2030.392,2009.716,2019.814,19346639288
2016-07-26,2019.27,2044.961,2019.188,2044.961,18943100440
2016-07-27,2045.887,2047.186,1932.447,1953.989,31906188006
2016-07-28,1949.542,1964.694,1922.853,1950.996,21853728703
2016-07-29,1950.107,1955.047,1932.23,1941.556,16814701063
2016-08-01,1933.192,1933.192,1892.995,1912.648,17171175588
2016-08-02,1910.24,1926.693,1909.27,1926.693,12823628105
2016-08-03,1923.24,1936.808,1919.025,1934.816,15002187975
2016-08-04,1933.615,1950.577,1926.472,1948.912,16628811011
2016-08-05,1948.615,1954.754,1940.469,1941.607,15904249752
2016-08-08,1935.826,1962.264,1922.694,1962.264,16801442163
2016-08-09,1961.721,1982.661,1960.556,1982.661,18495521189
2016-08-10,1982.112,1988.792,1976.1,1976.164,18772019441
2016-08-11,1972.54,1976.897,1950.921,1950.921,18017848098
2016-08-12,1947.276,1973.666,1946.006,1973.666,16995675692
2016-08-15,1977.227,2028.881,1974.34,2023.238,28530687261
2016-08-16,2026.34,2042.373,2026.306,2036.801,26123993309
2016-08-17,2036.97,2049.649,2031.156,2043.267,23962465005
2016-08-18,2040.355,2051.306,2034.931,2042.225,25425844446
2016-08-19,2040.646,2050.995,2033.417,2044.697,21516509858
2016-08-22,2045.345,2050.028,2018.265,2018.658,21401305077
2016-08-23,2016.929,2031.314,2010.953,2024.054,18905080692
2016-08-24,2026.138,2040.039,2023.986,2030.282,18300500562
2016-08-25,2019.53,2022.088,1995.601,2019.019,20066309582
2016-08-26,2022.963,2039.125,2019.02,2023.092,18755225510
2016-08-29,2021.682,2032.668,2019.413,2027.145,16785018390
2016-08-30,2028.849,2039.081,2025.05,2028.357,16537253313
2016-08-31,2028.566,2034.211,2016.649,2032.874,17313478581
2016-09-01,2032.574,2035.287,2017.465,2017.465,17954323815
2016-09-02,2014.408,2024.455,1999.762,2009.295,16461826831
2016-09-05,2015.189,2029.026,2014.289,2018.102,16325249688
2016-09-06,2019.266,2048.19,2002.815,2048.19,21682393306
2016-09-07,2048.176,2057.781,2042.429,2044.553,23275617651
2016-09-08,2043.114,2051.571,2038.383,2050.08,18317709758
2016-09-09,2050.587,2054.598,2035.023,2035.023,19554011146
2016-09-12,1998.497,2007.004,1976.975,1977.057,21904324295
2016-09-13,1987.772,1993.66,1977.788,1989.334,16327843464
2016-09-14,1980.318,1991.535,1973.109,1980.255,15268291983
2016-09-19,1984.118,2001.367,1984.118,2001.291,14237508784
2016-09-20,2002.681,2003.281,1994.948,2000.061,14637459516
2016-09-21,1999.531,2010.448,1998.865,2005.596,14412435280
2016-09-22,2016.641,2024.746,2015.011,2018.163,17145711378
2016-09-23,2019.573,2020.844,2007.792,2008.121,16568159733
2016-09-26,2004.155,2004.16,1966.604,1966.604,17991773412
2016-09-27,1962.587,1981.262,1955.166,1981.262,14838285106
2016-09-28,1982.182,1983.511,1974.683,1978.301,12883832411
2016-09-29,1979.457,1993.872,1979.457,1985.921,13760178483
2016-09-30,1983.99,1998.273,1983.411,1995.607,12813919853
2016-10-10,2004.728,2033.383,1999.803,2033.383,18528139863
2016-10-11,2033.639,2043.686,2031.23,2043.686,19424787890
2016-10-12,2037.908,2047.119,2034.548,2047.119,18230670452
2016-10-13,2046.812,2054.559,2044.174,2049.311,18818577450
2016-10-14,2046.605,2047.746,2032.9,2046.741,17895542123
2016-10-17,2048.882,2051.642,2022.039,2027.557,19194473287
2016-10-18,2025.073,2056.592,2025.041,2056.592,19106515645
2016-10-19,2059.459,2063.161,2048.682,2053.787,20123704758
2016-10-20,2054.512,2063.017,2052.131,2060.39,19550061017
2016-10-21,2059.082,2060.597,2035.518,2052.562,20091734578
2016-10-24,2053.083,2073.424,2049.727,2070.21,21037271255
2016-10-25,2071.165,2077.803,2070.614,2077.749,20616261270
2016-10-26,2077.292,2077.308,2063.188,2069.363,21818611792
2016-10-27,2067.066,2068.467,2059.478,2068.086,17815581247
2016-10-28,2067.108,2074.877,2051.979,2052.016,19246306969
2016-10-31,2046.272,2052.647,2035.581,2050.276,16456220200
2016-11-01,2051.934,2073.113,2051.934,2073.113,17762727153
2016-11-02,2069.16,2075.044,2058.758,2060.053,20802661496
2016-11-03,2055.164,2085.922,2053.542,2071.587,23363251097
2016-11-04,2071.601,2081.123,2063.197,2067.154,20427692685
2016-11-07,2066.965,2072.586,2060.782,2066.809,20582495197
2016-11-08,2073.165,2082.885,2070.832,2080.435,20016803857
2016-11-09,2080.556,2082.843,2041.333,2068.466,24692473044
2016-11-10,2083.709,2098.367,2083.709,2096.89,24229517347
2016-11-11,2097.045,2108.032,2093.964,2108.032,28199965335
2016-11-14,2103.999,2120.35,2101.7,2114.3,28535157668
2016-11-15,2114.157,2124.396,2107.256,2124.396,24076664318
2016-11-16,2126.45,2131.953,2124.001,2124.846,25047599802
2016-11-17,2119.863,2121.251,2106.918,2116.858,21232231046
2016-11-18,2117.821,2123.444,2108.631,2111.276,19897120519
2016-11-21,2110.604,2122.737,2110.285,2118.944,20174881233
2016-11-22,2121.936,2137.883,2121.936,2137.883,22418841293
2016-11-23,2140.522,2143.781,2125.182,2129.513,24481475591
2016-11-24,2126.852,2133.854,2116.883,2121.49,22785006503
2016-11-25,2119.727,2129.845,2088.316,2129.845,22060930522
2016-11-28,2134.615,2136.92,2125.564,2126.823,21969130789
2016-11-29,2122.44,2131.79,2110.309,2110.361,22789191021
2016-11-30,2106.566,2116.278,2100.301,2106.91,19422694271
2016-12-01,2110.037,2119.692,2110.037,2119.692,18849190093
2016-12-02,2119.179,2120.224,2083.4,2084.488,20662826000
2016-12-05,2063.068,2084.24,2059.25,2068.165,18266935555
2016-12-06,2071.451,2078.512,2068.919,2071.442,15338645373
2016-12-07,2071.514,2090.329,2067.125,2090.329,16538902942
2016-12-08,2091.667,2091.956,2076.148,2077.372,16893122376
2016-12-09,2075.107,2079.564,2066.159,2070.007,16529925277
2016-12-12,2068.708,2069.455,1967.719,1969.325,24313985904
2016-12-13,1963.146,1982.202,1946.699,1975.878,17699095428
2016-12-14,1972.998,1980.045,1954.813,1959.859,17272807166
2016-12-15,1953.195,1985.602,1951.925,1972.905,16862382803
2016-12-16,1973.58,1993.257,1971.983,1991.635,16659929362
2016-12-19,1990.803,1990.803,1979.561,1984.101,15843201398
2016-12-20,1982.475,1984.313,1972.917,1981.323,15126661705
2016-12-21,1985.02,1996.359,1985.02,1996.03,15418358198
2016-12-22,1995.655,1996.581,1984.434,1993.366,14583103370
2016-12-23,1992.319,1993.397,1969.511,1971.065,14789104878
2016-12-26,1963.09,1978.373,1942.143,1978.373,14265919529
2016-12-27,1977.682,1985.875,1976.454,1979.731,13586051243
2016-12-28,1978.47,1982.912,1968.684,1972.346,13842144626
2016-12-29,1969.028,1979.41,1965.157,1966.237,12992263282
2016-12-30,1967.528,1973.849,1962.444,1969.111,13102330955
2017-01-03,1972.55,1985.954,1972.55,1985.954,14279956346
2017-01-04,1986.492,2008.786,1984.377,2008.786,17626163154
2017-01-05,2008.342,2011.262,2004.999,2005.577,17215477811
2017-01-06,2003.356,2003.591,1987.388,1988.13,16793520022
2017-01-09,1985.759,1995.12,1981.036,1994.153,15404848688
2017-01-10,1993.065,1999.687,1988.2,1989.29,15856976958
2017-01-11,1985.86,1992.082,1968.429,1968.429,15135279027
2017-01-12,1966.659,1973.058,1949.748,1951.314,14691349323
2017-01-13,1951.001,1953.928,1918.971,1921.002,14584425545
2017-01-16,1914.948,1915.021,1804.532,1851.41,19327831367
2017-01-17,1844.504,1873.021,1823.507,1873.021,14120461722
2017-01-18,1867.978,1875.64,1860.522,1864.59,11920532501
2017-01-19,1858.977,1868.596,1850.611,1857.458,11457201672
2017-01-20,1854.677,1889.239,1854.677,1885.775,12638853423
2017-01-23,1888.091,1907.039,1888.091,1902.144,13330395500
2017-01-24,1901.529,1902.14,1893.879,1896.45,12481034793
2017-01-25,1894.242,1907.067,1892.302,1904.036,11084386301
2017-01-26,1906.688,1917.317,1906.653,1917.317,10373500827
2017-02-03,1918.788,1920.094,1904.669,1909.789,9878505110
2017-02-06,1910.214,1927.572,1906.836,1927.572,12574917637
2017-02-07,1925.9,1931.192,1917.91,1927.174,14032234451
2017-02-08,1924.231,1941.793,1915.314,1941.793,15135013608
2017-02-09,1940.842,1956.378,1939.634,1954.624,17440207380
2017-02-10,1954.794,1956.771,1947.838,1950.319,18895697415
2017-02-13,1948.925,1965.31,1946.986,1964.745,18190347763
2017-02-14,1964.775,1966.824,1958.434,1964.323,16196754225
2017-02-15,1963.064,1968.62,1943.643,1947.04,18465883317
2017-02-16,1945.513,1958.671,1943.251,1958.115,16469173542
2017-02-17,1958.256,1964.561,1941.764,1945.106,18083032944
2017-02-20,1944.29,1962.53,1943.76,1962.53,17911537234
2017-02-21,1964.136,1981.144,1963.194,1981.144,18926354291
2017-02-22,1980.986,1990.336,1977.52,1990.336,19384171022
2017-02-23,1990.262,1992.783,1980.665,1991.984,19963323006
2017-02-24,1990.853,2000.9,1989.124,2000.38,17569670361
2017-02-27,2001.627,2003.671,1987.145,1988.773,17289896781
2017-02-28,1990.337,2001.322,1989.145,2001.322,15530988592
2017-03-01,2004.0,2016.295,2002.653,2008.869,18017321364
2017-03-02,2010.721,2013.517,1996.902,1997.718,17661628475
2017-03-03,1991.832,2003.809,1985.526,2001.907,16474982718
2017-03-06,2003.558,2025.535,2003.558,2025.535,17721643761
2017-03-07,2026.181,2031.63,2020.683,2031.63,17739488241
2017-03-08,2030.917,2030.917,2017.849,2024.282,16087518766
2017-03-09,2021.432,2021.437,2005.364,2009.55,16081769862
2017-03-10,2008.173,2018.344,2008.173,2013.639,14727486798
2017-03-13,2012.693,2029.889,2000.756,2029.889,16549324375
2017-03-14,2030.238,2034.505,2023.476,2027.109,16139825127
2017-03-15,2023.724,2029.285,2018.652,2026.76,15659144414
2017-03-16,2030.613,2046.307,2030.613,2046.307,18611848524
2017-03-17,2047.152,2054.023,2029.591,2029.729,20374886009
2017-03-20,2028.0,2036.052,2021.535,2036.052,16929474961
2017-03-21,2035.014,2043.943,2033.007,2043.943,15954444997
2017-03-22,2034.557,2042.366,2024.196,2037.885,18205890699
2017-03-23,2038.315,2046.585,2017.07,2038.597,18716045094
2017-03-24,2038.332,2048.895,2035.783,2046.742,18485871709
2017-03-27,2047.024,2048.831,2037.503,2039.406,17907553437
2017-03-28,2037.925,2041.84,2030.934,2034.219,15839898239
2017-03-29,2034.67,2036.802,2016.766,2019.386,18499619142
2017-03-30,2015.197,2015.197,1975.98,1979.582,20954496837
2017-03-31,1978.931,1988.904,1975.266,1986.473,15948366934
2017-04-05,1995.811,2023.198,1995.811,2023.198,20158147558
2017-04-06,2026.296,2032.286,2022.572,2029.205,19108034144
2017-04-07,2027.866,2034.789,2024.418,2028.333,20503381839
2017-04-10,2025.248,2025.253,2006.484,2008.502,23951479848
2017-04-11,2006.659,2022.499,1986.749,2022.378,26735721868
2017-04-12,2020.61,2021.737,2006.417,2007.003,25638143237
2017-04-13,2004.32,2020.659,2002.852,2014.666,20494349281
2017-04-14,2014.816,2014.854,1985.23,1986.65,21850335935
2017-04-17,1976.154,1976.154,1949.75,1958.552,19416731096
2017-04-18,1957.043,1968.3,1944.717,1946.421,18427371432
2017-04-19,1939.647,1940.867,1910.653,1932.463,19870992499
2017-04-20,1931.676,1942.058,1916.207,1928.776,17346731498
2017-04-21,1928.416,1936.279,1918.35,1920.225,14453633063
2017-04-24,1914.255,1914.255,1869.409,1873.373,16010727521
2017-04-25,1874.283,1892.944,1873.245,1882.858,15406436426
2017-04-26,1881.403,1895.231,1880.978,1889.787,16535835888
2017-04-27,1885.025,1902.556,1853.499,1900.034,20458798290
2017-04-28,1895.557,1906.915,1893.073,1906.915,16449884003
2017-05-02,1903.323,1907.793,1897.98,1906.877,15789604590
2017-05-03,1904.547,1911.128,1893.552,1901.75,16806505463
2017-05-04,1897.091,1912.618,1887.18,1896.357,17613825005
2017-05-05,1890.472,1893.048,1872.788,1872.788,16620986898
2017-05-08,1867.525,1870.205,1835.587,1835.587,16443730316
2017-05-09,1828.34,1847.64,1818.121,1847.64,13895318936
2017-05-10,1846.923,1859.38,1822.099,1822.557,15619341787
2017-05-11,1811.214,1819.145,1777.515,1819.145,17336079413
2017-05-12,1815.326,1823.765,1805.314,1820.196,14096277620
2017-05-15,1823.259,1832.466,1823.259,1827.021,13303624632
2017-05-16,1823.481,1865.265,1812.573,1865.265,18782114933
2017-05-17,1863.976,1878.735,1862.768,1867.681,19208334904
2017-05-18,1853.589,1870.619,1849.032,1855.993,16023601644
2017-05-19,1855.798,1861.633,1845.21,1853.714,14348659490
2017-05-22,1851.869,1858.578,1822.575,1828.22,15760049889
2017-05-23,1823.44,1827.767,1788.553,1789.468,16970921610
2017-05-24,1781.27,1798.869,1757.779,1798.869,14475748157
2017-05-25,1795.683,1815.838,1779.146,1811.903,17412595672
2017-05-26,1810.536,1818.31,1805.873,1810.111,15569718142
2017-05-31,1828.015,1834.736,1807.485,1808.302,15691139489
2017-06-01,1802.082,1803.892,1773.199,1773.606,15520454803
2017-06-02,1767.298,1791.44,1753.527,1788.603,14835206937
2017-06-05,1791.107,1805.005,1791.107,1800.932,13463424368
2017-06-06,1798.851,1810.802,1795.704,1810.802,12815312225
2017-06-07,1810.55,1850.533,1809.957,1850.533,19508197505
2017-06-08,1850.607,1858.261,1848.697,1852.857,18159647601
2017-06-09,1852.396,1857.67,1844.877,1857.165,16366995363
2017-06-12,1849.367,1853.774,1835.146,1836.762,15741297957
2017-06-13,1834.005,1861.437,1833.78,1859.881,15465498672
2017-06-14,1857.686,1860.878,1850.786,1852.785,16157250730
2017-06-15,1849.881,1871.799,1849.875,1869.712,17851921320
2017-06-16,1869.662,1872.138,1863.239,1866.052,15756016736
2017-06-19,1865.057,1876.85,1865.057,1876.85,14790948060
2017-06-20,1879.454,1886.147,1876.469,1879.064,17367293691
2017-06-21,1883.535,1887.193,1872.718,1887.193,16517634199
2017-06-22,1885.806,1891.411,1862.839,1862.839,18965224150
2017-06-23,1859.685,1871.337,1842.921,1871.337,17098062212
2017-06-26,1871.716,1896.795,1871.716,1896.795,17725932185
2017-06-27,1896.342,1901.871,1889.91,1898.535,16049702677
2017-06-28,1894.004,1894.049,1880.862,1883.371,15378620391
2017-06-29,1884.473,1896.199,1884.473,1892.269,14947064246
2017-06-30,1886.674,1898.834,1883.886,1897.687,14407184139
2017-07-03,1898.316,1905.204,1890.885,1905.204,15642348026
2017-07-04,1904.255,1904.26,1891.235,1896.527,16074263552
2017-07-05,1894.697,1913.138,1892.45,1913.138,16933208412
2017-07-06,1911.977,1917.262,1898.923,1914.586,20101291255
2017-07-07,1910.413,1918.132,1908.391,1918.132,19472354779
2017-07-10,1914.193,1916.776,1903.19,1905.368,21270024959
2017-07-11,1902.581,1909.021,1891.597,1891.597,18794244805
2017-07-12,1890.458,1894.98,1868.316,1889.447,18873100586
2017-07-13,1887.742,1892.575,1883.389,1888.698,17224364734
2017-07-14,1885.529,1885.613,1875.511,1881.011,16092096719
2017-07-17,1872.234,1872.326,1795.655,1800.54,24458036988
2017-07-18,1792.011,1811.326,1784.424,1811.326,17603234970
2017-07-19,1807.311,1839.057,1803.685,1839.057,21422204610
2017-07-20,1837.484,1853.865,1836.156,1847.974,20442159861
2017-07-21,1845.397,1852.283,1842.878,1845.814,17858616120
2017-07-24,1842.911,1855.126,1840.232,1854.665,19717377957
2017-07-25,1853.017,1857.43,1841.39,1848.592,17970647075
2017-07-26,1849.648,1851.98,1833.932,1843.123,19338094023
2017-07-27,1840.829,1868.283,1831.862,1865.958,25061339491
2017-07-28,1863.132,1871.838,1861.687,1868.372,20651122436
2017-07-31,1868.184,1881.153,1864.299,1879.096,23653180634
2017-08-01,1878.624,1882.679,1873.349,1882.468,23297056566
2017-08-02,1882.016,1885.452,1868.283,1869.317,24843684454
2017-08-03,1866.012,1879.868,1862.761,1869.212,22518741409
2017-08-04,1868.232,1872.005,1858.494,1858.494,23751821020
2017-08-07,1857.266,1872.289,1856.886,1872.289,19336732768
2017-08-08,1872.763,1881.69,1867.958,1879.165,22901334241
2017-08-09,1877.944,1885.59,1873.096,1885.553,21335459829
2017-08-10,1881.786,1888.845,1860.235,1872.597,21897991018
2017-08-11,1860.123,1867.123,1840.976,1842.598,22352598724
2017-08-14,1844.479,1879.766,1844.479,1879.766,20263280042
2017-08-15,1881.097,1887.283,1877.181,1887.283,19019491757
2017-08-16,1885.712,1901.645,1880.259,1898.386,21712611277
2017-08-17,1898.011,1909.726,1896.326,1909.385,22371445082
2017-08-18,1898.364,1906.049,1894.15,1902.254,19801686615
2017-08-21,1903.779,1916.419,1903.779,1916.419,18678456464
2017-08-22,1916.187,1916.27,1904.587,1908.32,19155987830
2017-08-23,1905.986,1909.233,1895.171,1901.995,17098040896
2017-08-24,1901.372,1903.305,1887.638,1890.484,16218445757
2017-08-25,1890.349,1911.548,1890.317,1910.13,17453030746
2017-08-28,1913.165,1943.164,1913.165,1936.761,23300568393
2017-08-29,1935.555,1939.515,1928.853,1932.056,20901471118
2017-08-30,1931.018,1940.799,1931.018,1938.9,20563184331
2017-08-31,1939.771,1944.939,1934.179,1944.939,19375915207
2017-09-01,1946.324,1956.353,1943.136,1956.353,23675357605
2017-09-04,1956.232,1968.849,1952.284,1968.122,25394557473
2017-09-05,1967.063,1973.379,1961.434,1972.138,22619344667
2017-09-06,1966.997,1979.534,1963.442,1979.534,23687013786
2017-09-07,1980.365,1987.743,1972.216,1972.739,25150493375
2017-09-08,1971.168,1981.522,1964.893,1975.869,21933380162
2017-09-11,1976.61,1991.732,1974.455,1991.732,22823691799
2017-09-12,1993.164,2001.576,1982.739,1986.208,29751975761
2017-09-13,1984.903,1994.976,1980.832,1994.976,21749236010
2017-09-14,1995.499,2002.423,1987.162,1993.531,23759467783
2017-09-15,1991.384,1995.635,1982.62,1987.985,22773786605
2017-09-18,1986.316,2002.741,1986.316,2002.741,20612210852
2017-09-19,2003.493,2006.728,1989.667,1995.601,21306387846
2017-09-20,1994.14,2012.234,1992.695,2012.234,22059384008
2017-09-21,2011.981,2015.42,1995.422,1995.422,22158862509
2017-09-22,1989.975,1992.99,1979.761,1988.589,19421195755
2017-09-25,1985.918,1987.175,1961.566,1963.895,18369967780
2017-09-26,1961.426,1966.672,1953.315,1964.031,16778238200
2017-09-27,1963.612,1982.159,1963.612,1979.28,17043197499
2017-09-28,1977.559,1984.656,1974.654,1974.783,18285129576
2017-09-29,1976.463,1989.053,1976.463,1988.492,18106837669
2017-10-09,2013.567,2019.337,2007.045,2014.429,21667833562
2017-10-10,2013.814,2030.178,2012.637,2030.178,21443177031
2017-10-11,2030.219,2034.523,2024.805,2026.469,22988629637
2017-10-12,2025.157,2028.924,2010.387,2023.356,19875246070
2017-10-13,2023.701,2037.043,2022.632,2036.806,19503949879
2017-10-16,2035.702,2036.166,2005.126,2005.946,23628953996
2017-10-17,2002.149,2014.161,1996.645,2008.06,15744190904
2017-10-18,2007.889,2014.507,1996.196,2000.11,17879722908
2017-10-19,1998.208,2001.366,1981.39,1983.718,18260370645
2017-10-20,1979.36,1999.678,1977.922,1999.678,14439978449
2017-10-23,1999.288,2012.052,1997.817,2012.052,15450082233
2017-10-24,2009.548,2011.299,1996.768,2009.652,15628193726
2017-10-25,2008.306,2025.317,2007.325,2025.317,16002201876
2017-10-26,2023.618,2035.27,2020.74,2030.351,18388611032
2017-10-27,2029.089,2032.76,2020.681,2023.5,17697928307
2017-10-30,2021.526,2023.573,1971.629,1988.481,22335210940
2017-10-31,1985.235,2002.284,1984.529,2002.284,15598709238
2017-11-01,2002.511,2012.145,2000.111,2003.443,16298510096
2017-11-02,2000.917,2000.917,1986.025,1989.981,18119025315
2017-11-03,1988.866,1994.513,1966.648,1975.923,17976026680
2017-11-06,1976.306,1999.302,1970.199,1999.302,17868356956
2017-11-07,1998.746,2012.719,1996.761,2012.719,19361657328
2017-11-08,2011.079,2029.61,2009.537,2013.707,21003886898
2017-11-09,2012.746,2028.692,2011.227,2028.692,18604236876
2017-11-10,2026.642,2041.656,2024.442,2039.165,20429521935
2017-11-13,2040.21,2046.668,2034.958,2045.177,21292250153
2017-11-14,2044.321,2045.273,2018.613,2025.783,21804104422
2017-11-15,2019.85,2023.749,1995.185,2005.613,17937022109
2017-11-16,2002.449,2014.771,1999.074,2010.132,18003527709
2017-11-17,2006.883,2008.75,1954.051,1954.299,23667039989
2017-11-20,1944.252,1971.934,1913.027,1971.934,18378498009
2017-11-21,1968.731,1989.311,1966.05,1987.451,20120393632
2017-11-22,1986.944,1996.989,1965.825,1982.282,19678636135
2017-11-23,1976.23,1976.23,1923.26,1924.448,19637101986
2017-11-24,1917.123,1931.755,1910.271,1922.72,15969712989
2017-11-27,1918.192,1918.192,1890.427,1892.823,16455902431
2017-11-28,1890.19,1918.319,1890.19,1918.319,14602930931
2017-11-29,1918.84,1920.945,1894.525,1919.059,17322270638
2017-11-30,1912.667,1918.944,1896.538,1901.855,15077831580
2017-12-01,1900.248,1921.912,1899.751,1916.802,14844912410
2017-12-04,1914.335,1919.007,1901.363,1902.911,15733382183
2017-12-05,1898.433,1906.364,1857.571,1866.982,17758775832
2017-12-06,1863.424,1879.651,1845.373,1879.651,15882471480
2017-12-07,1875.524,1881.436,1866.782,1868.424,13543080986
2017-12-08,1865.765,1895.088,1865.518,1891.509,14622843523
2017-12-11,1894.548,1919.691,1894.548,1919.691,15854655906
2017-12-12,1919.239,1920.839,1900.977,1901.089,15099640385
2017-12-13,1898.095,1915.774,1897.464,1915.774,13378934382
2017-12-14,1914.703,1918.635,1905.875,1915.005,14597559796
2017-12-15,1912.469,1914.387,1895.691,1901.203,15721222460
2017-12-18,1899.186,1903.474,1882.309,1889.132,13386038557
2017-12-19,1889.188,1905.624,1889.135,1905.624,13029159732
2017-12-20,1905.208,1905.586,1888.683,1891.523,14007589589
2017-12-21,1889.095,1909.572,1876.915,1905.048,15089180088
2017-12-22,1903.575,1909.06,1899.103,1901.561,12911965975
2017-12-25,1900.396,1904.234,1878.683,1883.891,14797106870
2017-12-26,1882.113,1892.206,1871.673,1892.018,13995679666
2017-12-27,1890.585,1893.866,1878.02,1878.803,15471870004
2017-12-28,1876.817,1893.923,1874.927,1887.34,15981871794
2017-12-29,1888.051,1899.344,1887.408,1899.344,13977231914
2018-01-02,1903.493,1919.198,1903.402,1919.198,16373777410
2018-01-03,1919.044,1937.197,1916.942,1933.999,19840475080
2018-01-04,1932.185,1941.188,1930.049,1940.956,18037649158
2018-01-05,1939.803,1946.029,1936.677,1941.795,18795013314
2018-01-08,1941.305,1945.975,1931.798,1945.975,20360407183
2018-01-09,1944.567,1952.177,1942.434,1952.177,18408183671
2018-01-10,1951.248,1951.472,1931.501,1945.663,19634270926
2018-01-11,1941.6,1955.473,1935.245,1953.122,18989790243
2018-01-12,1951.336,1956.615,1943.901,1948.932,18602147019
2018-01-15,1945.278,1946.778,1909.52,1913.771,22443373414
2018-01-16,1909.979,1928.133,1909.911,1927.557,19286341170
2018-01-17,1924.407,1925.446,1899.379,1921.744,21351592103
2018-01-18,1918.649,1928.74,1917.944,1924.196,15561011597
2018-01-19,1923.182,1935.094,1918.486,1921.536,18342928830
2018-01-22,1917.914,1943.905,1912.368,1943.905,18107481801
2018-01-23,1943.364,1952.207,1943.003,1950.99,17418876916
2018-01-24,1949.12,1961.665,1937.491,1960.932,21073522371
2018-01-25,1957.146,1966.145,1952.849,1953.297,21376223980
2018-01-26,1947.589,1956.139,1946.095,1950.214,17561173864
2018-01-29,1948.353,1949.638,1915.302,1919.801,19966607801
2018-01-30,1914.706,1921.386,1906.234,1909.571,15797324346
2018-01-31,1898.442,1898.655,1872.124,1877.818,19479497333
2018-02-01,1873.963,1878.916,1818.773,1821.061,22481867702
2018-02-02,1807.296,1824.048,1780.358,1821.529,18462656955
2018-02-05,1795.994,1812.911,1791.297,1806.301,14870522310
2018-02-06,1771.075,1779.889,1726.038,1726.092,19687741009
2018-02-07,1753.449,1761.535,1693.348,1714.393,18536490865
2018-02-08,1709.505,1738.82,1709.197,1734.569,15442980220
2018-02-09,1692.51,1701.989,1658.459,1679.262,19357135437
2018-02-12,1688.032,1728.335,1688.032,1723.728,14499615498
2018-02-13,1733.055,1748.641,1729.133,1730.83,14216733354
2018-02-14,1732.243,1739.146,1723.192,1739.146,10008243895
2018-02-22,1754.307,1772.569,1751.837,1771.967,13617047865
2018-02-23,1772.466,1778.347,1761.813,1775.169,14053085513
2018-02-26,1784.311,1816.883,1779.829,1815.017,20018349093
2018-02-27,1815.276,1819.449,1805.341,1808.916,19593277952
2018-02-28,1794.552,1818.04,1785.435,1811.782,18663895392
2018-03-01,1800.887,1834.011,1797.296,1834.011,19007030412
2018-03-02,1821.688,1836.061,1818.86,1822.215,18464681693
2018-03-05,1825.586,1830.836,1818.382,1830.836,15954953882
2018-03-06,1834.771,1852.224,1832.59,1852.224,20652549776
2018-03-07,1849.327,1854.745,1836.368,1837.869,17914833720
2018-03-08,1836.533,1856.473,1836.533,1856.473,16520317441
2018-03-09,1858.783,1886.437,1858.212,1885.384,23455546834
2018-03-12,1895.342,1908.838,1895.234,1908.838,26177324623
2018-03-13,1906.185,1910.671,1894.859,1895.308,22784842568
2018-03-14,1888.764,1895.88,1877.945,1878.515,19606773764
2018-03-15,1870.477,1881.135,1854.222,1874.411,18757355483
2018-03-16,1874.543,1881.301,1863.026,1863.026,16959835572
2018-03-19,1861.82,1876.165,1854.949,1868.053,16581944756
2018-03-20,1854.268,1872.693,1849.836,1872.333,17736007765
2018-03-21,1875.401,1888.556,1857.689,1858.611,20247247432
2018-03-22,1858.862,1867.491,1842.92,1849.603,17577816366
2018-03-23,1792.382,1812.775,1740.915,1766.611,28241282277
2018-03-26,1742.443,1790.355,1726.007,1790.355,19579888833
2018-03-27,1807.881,1834.331,1807.881,1829.694,22288276221
2018-03-28,1808.104,1831.701,1804.599,1812.356,20480130667
2018-03-29,1818.497,1832.442,1807.315,1830.094,19257464047
2018-03-30,1833.653,1854.094,1833.374,1853.722,20910316308
2018-04-02,1858.432,1869.549,1853.63,1856.664,23874294054
2018-04-03,1833.173,1844.363,1827.487,1842.23,20820404399
2018-04-04,1847.158,1854.897,1830.722,1831.704,19316374303
2018-04-09,1825.502,1839.829,1810.5,1831.825,18579468564
2018-04-10,1833.14,1841.22,1819.762,1841.22,19974159486
2018-04-11,1845.084,1857.104,1844.451,1850.966,19100436182
2018-04-12,1848.549,1854.973,1837.755,1840.272,17168688961
2018-04-13,1848.61,1854.28,1831.747,1834.38,16183731249
2018-04-16,1829.545,1836.949,1811.032,1824.772,18815946264
2018-04-17,1827.318,1831.871,1783.714,1784.556,20228640081
2018-04-18,1795.717,1806.714,1759.557,1803.837,21583494466
2018-04-19,1803.78,1824.656,1801.554,1814.636,20398857815
2018-04-20,1807.75,1814.632,1776.334,1778.339,19680569238
2018-04-23,1777.922,1786.74,1746.811,1764.197,17957980720
2018-04-24,1763.772,1804.406,1763.772,1804.406,19097000607
2018-04-25,1796.558,1810.983,1794.258,1809.26,18334834694
2018-04-26,1804.394,1805.252,1770.318,1770.401,18633243940
2018-04-27,1778.678,1784.549,1761.699,1776.127,16477651198
2018-05-02,1780.186,1790.547,1764.54,1774.899,16056709576
2018-05-03,1771.823,1792.888,1753.722,1792.888,17774332100
2018-05-04,1789.114,1798.699,1786.17,1789.068,15058242245
2018-05-07,1792.323,1822.183,1792.323,1822.183,17417718037
2018-05-08,1823.311,1836.619,1823.311,1836.225,18277093873
2018-05-09,1834.015,1837.37,1826.057,1834.56,16949864403
2018-05-10,1836.671,1844.038,1830.37,1844.038,18092530083
2018-05-11,1845.963,1846.568,1825.115,1825.135,18017141243
2018-05-14,1825.103,1832.804,1817.897,1823.25,16957027353
2018-05-15,1825.266,1839.878,1817.513,1839.878,15793263456
2018-05-16,1833.961,1845.165,1830.364,1832.265,16552188338
2018-05-17,1831.403,1833.475,1818.983,1822.698,15068288554
2018-05-18,1820.412,1829.559,1809.776,1828.786,15456805283
2018-05-21,1838.734,1850.749,1838.734,1848.063,19100573793
2018-05-22,1847.539,1855.159,1841.724,1855.159,17954385079
2018-05-23,1851.359,1852.378,1834.717,1834.717,18649658134
2018-05-24,1833.871,1837.864,1824.746,1827.055,15844931769
2018-05-25,1825.432,1828.488,1808.137,1810.032,17276087265
2018-05-28,1808.105,1818.596,1794.794,1806.082,16966408860
2018-05-29,1802.424,1814.4,1786.547,1786.71,16843614363
2018-05-30,1761.932,1764.704,1734.284,1736.337,19760689417
2018-05-31,1748.794,1767.55,1738.466,1767.55,17468765566
2018-06-01,1760.292,1767.587,1736.696,1746.331,16271888042
2018-06-04,1749.619,1753.792,1738.263,1747.956,14577224900
2018-06-05,1748.663,1777.726,1748.663,1777.726,15278965861
2018-06-06,1776.433,1782.765,1773.038,1779.145,14545673089
2018-06-07,1783.909,1785.963,1766.994,1767.963,14757135507
2018-06-08,1764.012,1764.119,1739.423,1751.4,15172724424
2018-06-11,1747.373,1752.64,1735.911,1741.175,13122534400
2018-06-12,1741.862,1759.502,1726.441,1759.159,14256822360
2018-06-13,1753.66,1754.643,1731.366,1731.428,14285163218
2018-06-14,1725.028,1741.347,1716.774,1721.89,13072091677
2018-06-15,1720.912,1725.74,1685.432,1691.648,15996443342
2018-06-19,1664.049,1666.246,1579.469,1594.045,21421267114
2018-06-20,1584.199,1619.544,1578.154,1612.601,16997456166
2018-06-21,1610.219,1622.799,1577.749,1578.332,17333757319
2018-06-22,1567.051,1598.356,1556.057,1597.391,15250954150
2018-06-25,1608.251,1612.508,1586.449,1587.306,15002142306
2018-06-26,1566.856,1598.523,1561.504,1596.172,16333250344
2018-06-27,1596.256,1602.429,1570.148,1575.574,15824066283
2018-06-28,1570.152,1585.396,1555.967,1556.824,15280020891
2018-06-29,1559.466,1607.63,1557.315,1607.621,18043708596
2018-07-02,1606.219,1611.596,1570.139,1582.263,18083964661
2018-07-03,1582.339,1595.239,1549.492,1594.241,19324968588
2018-07-04,1587.526,1589.199,1557.012,1563.004,17089145516
2018-07-05,1560.787,1569.555,1527.719,1528.672,16334622673
2018-07-06,1529.813,1556.203,1504.956,1535.983,18606299786
2018-07-09,1540.573,1574.541,1540.573,1574.541,16168908881
2018-07-10,1576.847,1585.778,1570.557,1585.778,16330055716
2018-07-11,1558.214,1565.537,1534.395,1554.618,17876651531
2018-07-12,1554.094,1600.996,1554.094,1597.166,21125155062
2018-07-13,1597.837,1608.088,1595.34,1604.452,18643241523
2018-07-16,1601.485,1607.601,1594.905,1602.839,16670696933
2018-07-17,1599.994,1600.079,1581.459,1600.079,15923233285
2018-07-18,1600.936,1607.988,1588.117,1588.117,17525658164
2018-07-19,1588.46,1595.568,1569.882,1575.583,16162034419
2018-07-20,1573.527,1596.757,1562.14,1593.302,16993047953
2018-07-23,1583.276,1601.693,1578.493,1601.693,19980911999
2018-07-24,1601.421,1627.999,1600.057,1625.839,24467263919
2018-07-25,1626.378,1634.432,1621.47,1624.716,21314695869
2018-07-26,1624.57,1627.341,1606.369,1609.729,22913868601
2018-07-27,1607.796,1610.19,1595.796,1599.083,18893476327
2018-07-30,1597.127,1600.088,1569.448,1576.793,17835708716
2018-07-31,1574.045,1581.744,1568.785,1576.408,14799109838
2018-08-01,1579.413,1584.925,1549.281,1549.281,17326452990
2018-08-02,1542.883,1542.883,1481.329,1512.045,21111116678
2018-08-03,1508.8,1514.701,1486.058,1486.058,15284338472
2018-08-06,1481.827,1490.394,1446.867,1455.088,15915233411
2018-08-07,1458.197,1495.053,1446.76,1495.053,17192407950
2018-08-08,1491.851,1493.968,1466.319,1466.697,17169350043
2018-08-09,1462.024,1512.412,1458.933,1505.637,19985718531
2018-08-10,1505.086,1518.485,1503.124,1515.964,15964503989
2018-08-13,1498.573,1521.985,1492.343,1520.711,16095376324
2018-08-14,1518.475,1521.676,1508.793,1513.899,15212969221
2018-08-15,1513.646,1513.773,1480.361,1481.824,16343237867
2018-08-16,1463.985,1486.892,1451.51,1467.116,15710542137
2018-08-17,1477.878,1483.094,1439.757,1442.382,15274692848
2018-08-20,1441.31,1451.072,1421.029,1451.072,14983973318
2018-08-21,1451.45,1473.26,1446.951,1471.279,14851388029
2018-08-22,1468.312,1468.543,1452.784,1454.52,13342621965
2018-08-23,1453.491,1469.929,1449.436,1463.695,14012508552
2018-08-24,1460.641,1470.199,1454.776,1460.331,14051986137
2018-08-27,1462.852,1496.712,1462.852,1496.712,17843615152
2018-08-28,1497.051,1500.957,1491.416,1497.698,16257603151
2018-08-29,1495.373,1496.105,1485.009,1489.287,15435206584
2018-08-30,1487.242,1492.361,1465.876,1467.182,15737647523
2018-08-31,1461.229,1464.279,1446.656,1451.385,13890948154
2018-09-03,1447.858,1449.373,1429.108,1448.928,14530901903
2018-09-04,1448.329,1468.584,1445.232,1465.787,16140719609
2018-09-05,1461.37,1464.917,1442.254,1442.254,16631390301
2018-09-06,1436.777,1450.268,1426.674,1431.862,14444945233
2018-09-07,1434.261,1453.702,1424.233,1433.364,16034705201
2018-09-10,1431.457,1431.871,1406.292,1406.921,15541417664
2018-09-11,1405.997,1416.741,1399.008,1409.339,13595458337
2018-09-12,1408.446,1415.852,1400.61,1403.602,12807609055
2018-09-13,1415.688,1421.393,1393.022,1413.567,15602194968
2018-09-14,1414.86,1416.003,1401.558,1402.51,16001022448
2018-09-17,1394.712,1394.712,1377.415,1380.976,14193734791
2018-09-18,1376.338,1404.149,1375.881,1404.149,16054217045
2018-09-19,1400.614,1433.034,1398.393,1423.22,20052978485
2018-09-20,1421.362,1429.765,1417.682,1420.019,17780699163
2018-09-21,1423.131,1445.772,1416.733,1445.113,19759412637
2018-09-25,1434.688,1443.429,1430.108,1437.314,14997012916
2018-09-26,1439.746,1456.472,1435.766,1447.848,18289717507
2018-09-27,1446.183,1448.388,1429.381,1429.607,19135563005
2018-09-28,1431.357,1441.539,1427.948,1441.539,15551537260
2018-10-08,1414.299,1416.273,1385.151,1386.277,16459031663
2018-10-09,1388.884,1398.074,1378.772,1385.09,13462189922
2018-10-10,1387.186,1392.414,1371.458,1383.048,13930039406
2018-10-11,1340.343,1346.411,1286.061,1293.904,23496764253
2018-10-12,1285.568,1302.355,1253.779,1296.357,21008427015
2018-10-15,1299.711,1309.711,1278.871,1281.079,15750789063
2018-10-16,1280.816,1288.906,1249.927,1256.372,15766505229
2018-10-17,1271.117,1277.056,1239.704,1266.553,17130014868
2018-10-18,1257.9,1257.9,1230.968,1232.006,16245334269
2018-10-19,1215.33,1264.382,1212.229,1263.813,18479432816
2018-10-22,1275.528,1336.27,1275.528,1325.73,25788292713
2018-10-23,1325.482,1329.768,1292.163,1300.291,22126719534
2018-10-24,1293.511,1313.761,1286.848,1297.22,18317008294
2018-10-25,1259.751,1294.716,1253.88,1292.802,19170339624
2018-10-26,1301.192,1309.246,1285.832,1290.621,18435698738
2018-10-29,1282.924,1282.924,1258.923,1264.575,15511407231
2018-10-30,1258.95,1286.304,1244.422,1276.449,18885767199
2018-10-31,1278.515,1301.739,1277.272,1294.222,19447832923
2018-11-01,1305.333,1326.034,1304.756,1306.31,23578544330
2018-11-02,1331.952,1351.094,1326.401,1351.094,26829963714
2018-11-05,1347.494,1359.911,1332.453,1351.004,25978687590
2018-11-06,1346.04,1346.316,1328.74,1346.19,21042286346
2018-11-07,1344.812,1358.754,1339.192,1340.371,22664051130
2018-11-08,1349.197,1351.658,1332.629,1333.977,20920216943
2018-11-09,1326.731,1336.781,1322.986,1328.19,19379553070
2018-11-12,1326.248,1361.743,1324.632,1361.743,24965288193
2018-11-13,1345.736,1391.729,1343.16,1383.916,35381538489
2018-11-14,1381.433,1393.028,1375.34,1378.36,31497160943
2018-11-15,1376.848,1398.396,1376.382,1398.396,28194430896
2018-11-16,1399.521,1418.243,1393.203,1410.181,31772757548
2018-11-19,1408.698,1417.427,1400.488,1417.427,29537496096
2018-11-20,1404.621,1408.46,1377.901,1378.921,28522120236
2018-11-21,1362.917,1387.833,1361.134,1386.428,24108834115
2018-11-22,1390.045,1394.705,1380.096,1385.838,22481082756
2018-11-23,1383.893,1384.94,1331.526,1335.153,26333290790
2018-11-26,1332.717,1342.481,1325.396,1330.928,17877056075
2018-11-27,1337.761,1343.238,1327.981,1336.676,18052848827
2018-11-28,1336.305,1355.379,1322.754,1355.379,21748484174
2018-11-29,1361.447,1364.942,1325.431,1325.431,21785913760
2018-11-30,1322.155,1339.097,1311.104,1337.742,18701604896
2018-12-03,1372.635,1386.587,1363.933,1381.547,26580451365
2018-12-04,1378.367,1387.49,1375.099,1387.49,22374763581
2018-12-05,1363.324,1388.392,1359.929,1380.776,22438304068
2018-12-06,1371.167,1374.041,1349.671,1350.753,20841590847
2018-12-07,1351.859,1356.422,1346.082,1350.696,16689683050
2018-12-10,1339.494,1344.047,1328.516,1332.527,16680587481
2018-12-11,1335.277,1343.896,1334.087,1343.896,15956733949
2018-12-12,1348.771,1351.979,1342.218,1346.031,16150863304
2018-12-13,1348.541,1367.769,1341.132,1360.922,19649994573
2018-12-14,1357.425,1358.11,1326.749,1327.416,19837417093
2018-12-17,1321.666,1324.951,1307.983,1323.315,15889108152
2018-12-18,1315.079,1325.72,1302.393,1312.552,15510098272
2018-12-19,1313.972,1315.665,1292.258,1294.485,14533289305
2018-12-20,1291.513,1299.51,1285.954,1297.102,15272123778
2018-12-21,1292.356,1293.949,1274.623,1284.665,15982013807
2018-12-24,1281.317,1295.831,1278.05,1295.719,14303469137
2018-12-25,1282.107,1288.997,1256.712,1285.187,19548996454
2018-12-26,1283.907,1291.329,1278.068,1279.788,15952491635
2018-12-27,1297.673,1300.289,1264.23,1264.23,17591146012
2018-12-28,1265.99,1275.602,1257.799,1267.869,15583807381
2019-01-02,1270.505,1271.963,1253.983,1256.389,14682647746
2019-01-03,1254.127,1267.365,1245.503,1246.365,17315116164
2019-01-04,1234.654,1279.489,1231.833,1279.489,23161690452
2019-01-07,1287.075,1302.92,1283.36,1301.407,24868884114
2019-01-08,1298.941,1302.817,1295.109,1299.89,22939399525
2019-01-09,1303.645,1323.472,1300.534,1306.945,26676795268
2019-01-10,1306.093,1313.958,1300.73,1303.476,22741362919
2019-01-11,1304.826,1313.357,1300.472,1313.357,21710579490
2019-01-14,1313.488,1315.305,1300.818,1303.75,21593477368
2019-01-15,1301.781,1323.267,1298.708,1323.161,22311039747
2019-01-16,1322.569,1328.993,1319.092,1321.524,21607643356
2019-01-17,1320.907,1321.94,1307.848,1309.145,21023804233
2019-01-18,1310.69,1322.201,1306.387,1322.136,22063081706
2019-01-21,1323.713,1335.377,1322.437,1330.165,20489669351
2019-01-22,1329.028,1329.028,1310.461,1314.584,18846436524
2019-01-23,1310.819,1317.514,1309.277,1316.281,16848837332
2019-01-24,1317.537,1327.114,1309.535,1322.301,20196841098
2019-01-25,1322.896,1331.706,1318.65,1319.972,21191940485
2019-01-28,1326.886,1334.381,1312.346,1314.992,20242333083
2019-01-29,1311.119,1311.119,1280.027,1300.339,20890970293
2019-01-30,1293.506,1302.786,1283.709,1283.709,16334215297
2019-01-31,1282.95,1293.616,1267.26,1274.744,20636525158
2019-02-01,1281.162,1309.991,1281.162,1309.991,18099026538
2019-02-11,1312.807,1347.976,1312.807,1347.937,21162926255
2019-02-12,1347.813,1367.083,1345.883,1364.146,25879923235
2019-02-13,1366.268,1392.574,1364.276,1389.683,31813797716
2019-02-14,1390.488,1404.863,1385.241,1398.842,31020020911
2019-02-15,1396.072,1401.519,1387.812,1389.467,30705861410
2019-02-18,1399.123,1440.951,1399.123,1440.951,39670109684
2019-02-19,1447.237,1456.148,1427.402,1443.598,43730624283
2019-02-20,1444.176,1449.751,1431.592,1448.238,36567624785
2019-02-21,1447.303,1472.149,1438.977,1444.347,43136235842
2019-02-22,1440.565,1477.248,1437.179,1477.248,41685050350
2019-02-25,1499.875,1557.271,1498.0,1557.271,64391666434
2019-02-26,1561.143,1581.568,1541.436,1549.705,68952715804
2019-02-27,1546.002,1563.617,1523.002,1540.918,55038713685
2019-02-28,1539.61,1556.937,1535.436,1546.331,42168942188
2019-03-01,1556.685,1564.84,1540.064,1564.84,39995929264
2019-03-04,1580.621,1627.915,1578.879,1599.482,60633532558
2019-03-05,1595.683,1635.98,1589.483,1635.98,56348747443
2019-03-06,1643.434,1660.913,1624.53,1660.411,69238812488
2019-03-07,1658.236,1684.326,1639.662,1668.533,68551247826
2019-03-08,1630.093,1673.404,1605.279,1605.279,70948978499
2019-03-11,1615.668,1667.818,1609.912,1667.818,55851138770
2019-03-12,1681.022,1710.39,1668.681,1695.807,66359242987
2019-03-13,1696.145,1696.145,1646.125,1656.543,61596453805
2019-03-14,1643.351,1658.009,1601.938,1618.262,48217191773
2019-03-15,1628.015,1655.795,1623.156,1641.372,42244179242
2019-03-18,1646.942,1685.792,1632.754,1685.792,43981528291
2019-03-19,1686.454,1698.113,1676.84,1688.758,43173948270
2019-03-20,1686.267,1689.581,1655.284,1684.571,45121988983
2019-03-21,1685.763,1708.988,1680.523,1697.492,51593610116
2019-03-22,1696.912,1702.49,1668.245,1700.944,46787248318
2019-03-25,1671.624,1700.401,1666.391,1676.426,46080669855
2019-03-26,1683.749,1689.13,1635.854,1639.944,44886052429
2019-03-27,1650.506,1655.018,1623.685,1654.69,37691923508
2019-03-28,1649.481,1668.385,1638.503,1639.723,36530224969
2019-03-29,1640.005,1695.138,1635.798,1695.138,43550493423
2019-04-01,1707.048,1756.107,1707.048,1755.665,53963477876
2019-04-02,1763.714,1771.629,1750.793,1757.604,55705758729
2019-04-03,1748.613,1773.068,1742.407,1772.092,49111659195
2019-04-04,1777.233,1786.194,1762.639,1780.016,51412838652
2019-04-08,1793.912,1799.096,1747.329,1770.2,54494209904
2019-04-09,1769.337,1783.648,1759.384,1783.01,44013341127
2019-04-10,1774.021,1794.771,1761.934,1779.281,47463839463
2019-04-11,1777.815,1781.858,1738.937,1740.368,44425211443
2019-04-12,1737.527,1747.042,1724.823,1738.525,37090620846
2019-04-15,1762.298,1772.156,1723.375,1723.909,40354406849
2019-04-16,1713.896,1760.023,1701.518,1760.023,41181245954
2019-04-17,1760.314,1782.475,1758.106,1772.707,45350076501
2019-04-18,1771.895,1776.632,1759.454,1762.298,42288057354
2019-04-19,1760.005,1778.815,1747.237,1778.815,40945500008
2019-04-22,1780.183,1780.547,1746.697,1751.908,43713558600
2019-04-23,1748.873,1751.808,1724.911,1728.859,40374120420
2019-04-24,1733.05,1747.877,1713.074,1747.877,37074442210
2019-04-25,1740.262,1745.333,1687.653,1688.25,43010768633
2019-04-26,1678.172,1691.38,1665.294,1665.797,33976293211
2019-04-29,1665.499,1668.7,1622.648,1625.618,35661613279
2019-04-30,1617.726,1645.897,1617.726,1636.591,26379292727
2019-05-06,1576.77,1579.639,1506.318,1515.796,35521341107
2019-05-07,1524.791,1549.644,1513.526,1540.309,29671359885
2019-05-08,1508.959,1555.821,1502.483,1530.308,28959725590
2019-05-09,1516.322,1532.34,1508.351,1510.72,24492794843
2019-05-10,1528.068,1568.621,1499.559,1568.621,34673534734
2019-05-13,1550.812,1563.971,1543.65,1551.749,26845426980
2019-05-14,1533.306,1557.3,1532.527,1542.068,25863092278
2019-05-15,1555.396,1580.824,1554.653,1577.917,28889591726
2019-05-16,1576.688,1587.239,1571.869,1584.815,31023247583
2019-05-17,1585.78,1586.654,1526.743,1533.22,34917116527
2019-05-20,1529.93,1532.275,1496.86,1521.724,27499247360
2019-05-21,1521.376,1552.873,1516.679,1548.681,28750269776
2019-05-22,1546.585,1555.79,1530.955,1540.85,28196520592
2019-05-23,1534.701,1534.701,1499.513,1503.374,27896183169
2019-05-24,1497.798,1513.181,1491.657,1496.029,22871409730
2019-05-27,1498.296,1536.629,1490.712,1533.519,27087553770
2019-05-28,1534.417,1552.045,1529.525,1541.649,27664336362
2019-05-29,1533.92,1552.655,1531.245,1541.66,24802646306
2019-05-30,1537.05,1537.054,1514.445,1532.026,26423201755
2019-05-31,1532.245,1546.458,1525.859,1531.857,24879473876
2019-06-03,1535.889,1543.352,1510.287,1515.885,27345116566
2019-06-04,1514.37,1515.351,1485.328,1494.154,23885209942
2019-06-05,1507.037,1511.278,1491.71,1494.773,22444249647
2019-06-06,1493.389,1493.389,1458.471,1463.703,23061456517
2019-06-10,1468.397,1489.298,1462.229,1483.234,20531521113
2019-06-11,1485.112,1538.813,1485.08,1538.23,31653107047
2019-06-12,1534.891,1542.382,1525.246,1528.397,29573867358
2019-06-13,1527.153,1536.486,1517.403,1532.788,26863147319
2019-06-14,1534.243,1539.061,1503.798,1505.057,27365805375
2019-06-17,1504.241,1513.624,1496.824,1502.122,20521291267
2019-06-18,1502.907,1510.965,1492.585,1504.567,19369611761
2019-06-19,1542.461,1548.719,1526.071,1526.766,27530778432
2019-06-20,1525.504,1563.323,1520.046,1556.596,31721077441
2019-06-21,1567.071,1582.275,1566.934,1577.439,35167372535
2019-06-24,1578.896,1581.792,1568.631,1576.086,28608441679
2019-06-25,1574.168,1574.168,1541.908,1560.457,27997000838
2019-06-26,1551.643,1568.463,1546.859,1560.509,22382783482
2019-06-27,1565.168,1583.583,1565.168,1577.557,25867986492
2019-06-28,1576.579,1576.579,1553.747,1562.424,24300250053
2019-07-01,1594.853,1616.553,1587.914,1616.553,33774713926
2019-07-02,1615.383,1621.781,1610.277,1619.124,30653137151
2019-07-03,1614.547,1614.578,1593.371,1600.015,26047259219
2019-07-04,1602.182,1606.418,1583.667,1591.239,23280218347
2019-07-05,1592.427,1604.851,1587.013,1601.199,19870307764
2019-07-08,1597.705,1597.734,1546.176,1554.799,26027995883
2019-07-09,1553.6,1561.475,1543.925,1558.112,18809082713
2019-07-10,1562.452,1563.789,1545.077,1550.869,18729433430
2019-07-11,1558.844,1569.701,1542.64,1548.932,19034567507
2019-07-12,1550.206,1560.297,1542.354,1556.771,18618626389
2019-07-15,1551.307,1578.698,1531.983,1572.344,24164921676
2019-07-16,1570.08,1575.557,1566.87,1571.812,21131214391
2019-07-17,1570.15,1581.967,1565.147,1574.353,23506770659
2019-07-18,1567.145,1567.145,1548.615,1548.643,22242690671
2019-07-19,1554.413,1572.689,1554.413,1560.274,20047433987
2019-07-22,1562.532,1563.408,1527.521,1532.43,21854539606
2019-07-23,1532.673,1545.875,1532.673,1545.875,16811877701
2019-07-24,1550.161,1570.355,1550.161,1562.972,21397804139
2019-07-25,1562.832,1573.383,1560.05,1572.798,21285369104
2019-07-26,1568.079,1575.533,1565.041,1573.454,18565447395
2019-07-29,1573.913,1578.343,1567.915,1574.945,18659681435
2019-07-30,1575.878,1592.953,1575.876,1582.066,20690014101
2019-07-31,1578.546,1578.546,1569.545,1571.299,18530124053
2019-08-01,1563.53,1572.159,1555.602,1563.063,18913252524
2019-08-02,1528.966,1541.818,1523.366,1539.863,22855442508
2019-08-05,1534.272,1546.231,1517.266,1517.266,20385203315
2019-08-06,1488.908,1496.453,1458.057,1490.303,27430559335
2019-08-07,1499.451,1502.376,1483.946,1483.946,18908393171
2019-08-08,1491.425,1501.774,1490.339,1498.952,17679434392
2019-08-09,1505.813,1507.677,1477.363,1479.856,19512148846
2019-08-12,1482.891,1508.994,1479.707,1508.994,18386735677
2019-08-13,1497.831,1503.854,1492.97,1498.634,17058730719
2019-08-14,1518.087,1523.226,1507.351,1509.002,20750172514
2019-08-15,1477.547,1517.068,1473.089,1517.068,21280748435
2019-08-16,1516.656,1536.979,1515.078,1525.479,22069741539
2019-08-19,1542.322,1571.969,1539.77,1571.969,30361783905
2019-08-20,1574.983,1584.027,1569.838,1574.116,29373636143
2019-08-21,1570.718,1578.512,1567.395,1572.621,24920692116
2019-08-22,1576.599,1579.149,1567.054,1578.912,25724616993
2019-08-23,1579.694,1585.635,1571.413,1578.697,26206284344
2019-08-26,1547.835,1570.939,1545.904,1566.572,25743306847
2019-08-27,1576.443,1604.833,1576.443,1595.819,31195762227
2019-08-28,1596.532,1598.923,1587.025,1593.822,28582744408
2019-08-29,1596.06,1598.966,1587.062,1591.084,27253726588
2019-08-30,1599.265,1603.137,1570.716,1579.251,31254262060
2019-09-02,1581.499,1616.687,1581.009,1614.922,30136249292
2019-09-03,1617.787,1625.557,1611.836,1625.557,31011599457
2019-09-04,1622.385,1636.404,1619.325,1636.404,33054324176
2019-09-05,1644.74,1670.143,1644.688,1651.629,43074565443
2019-09-06,1657.905,1660.008,1644.332,1657.499,33145738578
2019-09-09,1671.442,1689.208,1663.769,1689.208,38716517724
2019-09-10,1690.335,1690.512,1676.284,1687.314,38188552689
2019-09-11,1690.747,1692.985,1669.542,1671.537,34903565042
2019-09-12,1675.822,1684.052,1667.319,1681.23,28858312041
2019-09-16,1687.125,1691.394,1678.236,1685.093,31711917312
2019-09-17,1681.061,1681.061,1645.206,1651.354,32738846557
2019-09-18,1654.555,1660.906,1647.319,1655.607,25590322597
2019-09-19,1659.919,1672.629,1650.963,1672.629,26511713387
2019-09-20,1675.627,1680.247,1668.924,1675.346,28106035420
2019-09-23,1670.1,1670.1,1647.71,1660.061,27117100210
2019-09-24,1660.457,1678.949,1657.681,1665.559,28406067977
2019-09-25,1658.005,1658.005,1638.525,1638.771,28385293847
2019-09-26,1642.458,1644.23,1597.718,1597.718,28735364362
2019-09-27,1597.499,1616.808,1597.499,1612.258,21487850444
2019-09-30,1611.993,1618.146,1595.205,1595.205,18404291919
2019-10-08,1598.668,1612.174,1596.483,1598.642,18861055815
2019-10-09,1594.072,1609.104,1584.208,1609.104,18862586825
2019-10-10,1608.825,1632.31,1605.335,1631.84,22206997351
2019-10-11,1634.858,1643.51,1622.832,1636.965,24353343748
2019-10-14,1650.871,1666.316,1647.975,1660.334,28536008446
2019-10-15,1654.872,1654.872,1639.339,1641.948,26634945288
2019-10-16,1641.925,1648.686,1634.694,1635.65,23314815771
2019-10-17,1637.131,1640.488,1631.05,1635.92,20659623091
2019-10-18,1638.154,1645.078,1613.484,1616.719,23804271041
2019-10-21,1616.089,1616.124,1602.855,1614.872,20991394312
2019-10-22,1617.649,1631.215,1616.03,1631.215,20755239120
2019-10-23,1631.036,1631.94,1614.85,1618.4,21597582148
2019-10-24,1617.376,1622.12,1605.49,1616.333,20722232435
2019-10-25,1616.821,1633.792,1608.943,1632.402,22496181991
2019-10-28,1640.592,1658.241,1640.116,1658.241,29901316760
2019-10-29,1659.466,1659.466,1642.682,1642.682,32160866214
2019-10-30,1635.808,1637.885,1624.568,1628.616,27156471536
2019-10-31,1630.585,1633.651,1615.005,1616.19,24266337676
2019-11-01,1612.309,1638.253,1609.339,1637.003,22589737468
2019-11-04,1640.628,1652.668,1640.628,1646.7,23904148512
2019-11-05,1648.7,1661.091,1640.939,1655.605,23862943245
2019-11-06,1656.223,1656.262,1635.599,1641.228,23253071396
2019-11-07,1639.707,1654.297,1637.694,1651.773,21664172552
2019-11-08,1661.104,1666.14,1647.911,1648.679,23412425421
2019-11-11,1638.098,1638.098,1608.97,1611.444,23154711182
2019-11-12,1611.106,1615.73,1594.761,1614.188,20597518612
2019-11-13,1613.683,1617.636,1605.962,1614.295,18398823504
2019-11-14,1614.073,1627.787,1612.513,1624.126,20546147273
2019-11-15,1622.818,1626.839,1605.702,1605.702,21350582783
2019-11-18,1603.325,1618.54,1601.677,1617.189,19194868106
2019-11-19,1618.096,1646.801,1616.928,1646.801,22600132031
2019-11-20,1646.059,1650.075,1632.964,1635.158,23111273253
2019-11-21,1628.716,1637.789,1624.546,1631.238,20226537512
2019-11-22,1634.087,1646.49,1598.993,1607.515,25040762291
2019-11-25,1606.742,1609.097,1586.883,1600.453,22597315614
2019-11-26,1604.343,1609.618,1596.385,1605.641,21730770259
2019-11-27,1601.403,1609.266,1593.793,1602.004,20254427028
2019-11-28,1601.699,1607.578,1593.97,1597.848,18276670453
2019-11-29,1597.109,1599.392,1578.746,1593.104,18456686136
2019-12-02,1595.874,1603.048,1592.629,1596.599,18545145357
2019-12-03,1591.66,1605.329,1584.228,1605.329,19311439189
2019-12-04,1599.234,1611.217,1597.496,1608.517,20208639232
2019-12-05,1612.754,1629.549,1611.56,1626.966,22952501959
2019-12-06,1628.058,1640.327,1625.671,1640.327,22838035736
2019-12-09,1644.156,1645.759,1636.554,1640.51,25486272290
2019-12-10,1636.66,1646.818,1632.248,1646.818,25902285804
2019-12-11,1645.663,1648.378,1635.207,1639.497,26947543752
2019-12-12,1639.882,1644.549,1635.009,1636.334,25565456129
2019-12-13,1648.379,1661.936,1645.948,1660.554,29400938401
2019-12-16,1665.86,1686.413,1662.492,1686.413,35227189912
2019-12-17,1687.094,1715.024,1685.793,1708.783,42480727078
2019-12-18,1707.764,1718.635,1704.713,1709.442,37978310705
2019-12-19,1710.035,1716.437,1705.057,1713.033,34758610163
2019-12-20,1714.427,1719.705,1700.294,1700.294,34529000113
2019-12-23,1695.008,1699.465,1666.858,1667.711,30843913604
2019-12-24,1670.595,1690.735,1669.407,1690.735,26415434146
2019-12-25,1689.127,1700.957,1687.676,1697.208,29073447318
2019-12-26,1697.756,1709.45,1696.033,1709.45,29292905175
2019-12-27,1712.201,1720.804,1696.865,1697.914,35167642095
2019-12-30,1691.653,1713.507,1676.229,1713.507,32284492558
2019-12-31,1712.522,1722.945,1711.075,1722.945,28242771754
2020-01-02,1734.631,1758.336,1730.159,1756.163,39279517396
2020-01-03,1759.773,1764.585,1750.181,1760.853,37360393826
2020-01-06,1751.251,1782.324,1747.346,1768.684,43899825118
2020-01-07,1771.949,1791.853,1771.927,1791.853,41449962703
2020-01-08,1783.598,1793.72,1765.153,1769.584,46250690962
2020-01-09,1784.472,1800.638,1784.472,1800.638,39659111472
2020-01-10,1805.412,1806.367,1790.392,1797.884,35568971362
2020-01-13,1798.909,1822.352,1791.174,1822.352,34527366282
2020-01-14,1828.069,1829.505,1817.241,1818.125,37729812166
2020-01-15,1816.334,1819.093,1800.639,1814.214,33123327249
2020-01-16,1815.496,1819.055,1807.79,1811.569,31796837343
2020-01-17,1815.662,1821.019,1803.158,1806.28,30482010260
2020-01-20,1809.338,1829.953,1802.072,1829.953,33062551293
2020-01-21,1825.3,1825.3,1806.078,1806.535,33854080424
2020-01-22,1797.969,1825.144,1773.735,1819.61,35209008130
2020-01-23,1801.696,1813.703,1740.139,1756.815,40289425936
2020-02-03,1598.797,1626.498,1598.797,1609.002,19544992148
2020-02-04,1552.958,1641.062,1552.958,1638.022,51156008017
2020-02-05,1648.521,1697.5,1648.237,1678.639,45467182509
2020-02-06,1680.227,1733.36,1668.497,1727.238,48110943403
2020-02-07,1726.038,1738.321,1706.074,1736.171,48961955730
2020-02-10,1733.333,1757.377,1729.731,1757.264,47089083717
2020-02-11,1759.261,1769.214,1746.114,1758.015,41781519097
2020-02-12,1751.781,1785.598,1750.34,1785.33,42014176190
2020-02-13,1785.009,1791.855,1764.949,1771.61,45529039905
2020-02-14,1769.418,1795.004,1764.781,1779.43,41709336930
2020-02-17,1789.91,1835.961,1789.91,1835.961,48111496462
2020-02-18,1837.326,1856.562,1826.098,1856.562,52809083639
2020-02-19,1855.414,1870.817,1845.85,1846.405,53776285211
2020-02-20,1851.34,1887.129,1844.003,1886.14,55171061966
2020-02-21,1884.74,1921.028,1882.771,1907.35,60039173439
2020-02-24,1905.56,1939.335,1897.174,1933.358,62054634683
2020-02-25,1893.013,1945.759,1860.296,1943.168,73050583178
2020-02-26,1916.588,1934.106,1883.867,1890.604,68651309803
2020-02-27,1899.602,1917.832,1871.696,1895.133,55169482361
2020-02-28,1831.823,1860.713,1799.656,1801.747,61089043637
2020-03-02,1821.942,1879.389,1817.54,1869.649,53240554806
2020-03-03,1902.813,1926.465,1872.208,1888.92,60166615274
2020-03-04,1877.115,1895.739,1860.262,1895.739,51334824582
2020-03-05,1919.969,1932.986,1903.311,1929.436,59305420404
2020-03-06,1904.973,1927.713,1902.637,1915.166,53885674076
2020-03-09,1883.353,1891.548,1842.226,1842.662,58473479978
2020-03-10,1821.581,1887.389,1805.293,1887.34,58135515476
2020-03-11,1892.877,1897.652,1859.252,1859.396,52958021967
2020-03-12,1831.77,1839.776,1802.121,1818.557,46570794670
2020-03-13,1724.359,1817.022,1724.359,1798.985,52900453782
2020-03-16,1809.17,1809.904,1706.389,1712.017,52048261524
2020-03-17,1724.581,1742.096,1648.996,1704.736,44916428758
2020-03-18,1720.527,1750.606,1678.248,1678.248,45258080567
2020-03-19,1676.851,1692.156,1634.114,1682.93,43223774821
2020-03-20,1702.949,1707.066,1675.442,1704.462,38004697447
2020-03-23,1655.769,1673.494,1626.833,1631.877,38811461512
2020-03-24,1664.051,1669.871,1617.988,1666.222,39835928443
2020-03-25,1703.909,1716.237,1694.934,1714.856,41683938177
2020-03-26,1702.344,1720.287,1694.371,1701.151,37299227467
2020-03-27,1722.395,1724.478,1692.323,1693.347,34500987545
2020-03-30,1667.874,1670.406,1640.143,1657.547,35663136928
2020-03-31,1672.897,1679.669,1660.763,1665.926,31534832328
2020-04-01,1664.716,1687.717,1657.073,1660.078,33307952567
2020-04-02,1652.728,1697.555,1650.301,1697.555,32820076188
2020-04-03,1694.621,1705.205,1682.305,1689.572,32003127097
2020-04-07,1720.182,1744.629,1718.323,1743.373,40185831806
2020-04-08,1735.428,1746.645,1732.158,1740.648,39687723477
2020-04-09,1749.801,1759.158,1744.093,1755.371,37741883171
2020-04-10,1753.583,1756.399,1715.763,1721.218,39477343661
2020-04-13,1708.505,1717.709,1697.843,1707.459,29803433754
2020-04-14,1718.491,1745.418,1715.137,1745.418,32983875791
2020-04-15,1745.051,1753.116,1734.293,1736.134,37919930676
2020-04-16,1726.171,1747.31,1723.472,1744.391,34870380920
2020-04-17,1757.186,1765.818,1747.186,1750.28,40149237971
2020-04-20,1753.302,1767.863,1748.831,1767.863,34015623714
2020-04-21,1760.914,1760.914,1734.735,1753.417,35933329193
2020-04-22,1739.836,1771.798,1736.901,1771.798,34484857059
2020-04-23,1777.243,1778.637,1762.207,1763.025,38280972869
2020-04-24,1762.27,1763.118,1731.405,1736.929,37291139586
2020-04-27,1740.22,1751.977,1726.867,1738.045,32036978713
2020-04-28,1739.943,1741.724,1681.494,1732.561,38469152976
2020-04-29,1726.13,1745.357,1723.287,1730.742,29023198868
2020-04-30,1739.806,1767.899,1739.806,1763.362,34810253127
2020-05-06,1747.146,1790.279,1745.952,1790.279,35016317908
2020-05-07,1792.703,1798.393,1783.705,1788.214,34587889048
2020-05-08,1796.825,1816.309,1794.495,1809.169,35434789069
2020-05-11,1816.986,1822.432,1794.139,1804.739,34932753998
2020-05-12,1804.958,1810.837,1787.128,1810.735,30928583190
2020-05-13,1805.295,1825.241,1801.373,1822.852,29883684044
2020-05-14,1815.376,1819.787,1804.965,1805.696,32504079061
2020-05-15,1814.407,1819.671,1801.343,1808.563,31714461969
2020-05-18,1810.207,1816.357,1792.499,1800.84,36207888258
2020-05-19,1815.299,1823.572,1810.475,1823.572,31011385021
2020-05-20,1824.184,1824.184,1800.179,1805.857,34539737800
2020-05-21,1812.472,1813.905,1784.88,1788.636,32124994307
2020-05-22,1786.658,1786.658,1744.203,1752.417,29971897348
2020-05-25,1750.827,1756.578,1741.582,1750.824,24158753245
2020-05-26,1759.367,1789.523,1758.486,1789.523,27086420713
2020-05-27,1791.729,1791.729,1769.909,1774.218,29342989795
2020-05-28,1774.609,1780.659,1745.343,1769.7,29705786836
2020-05-29,1764.52,1789.031,1760.485,1786.505,29492296256
2020-06-01,1799.706,1844.823,1799.706,1842.945,39028221549
2020-06-02,1849.649,1851.662,1838.261,1846.657,41951030331
2020-06-03,1852.108,1861.355,1846.171,1847.377,41899491387
2020-06-04,1852.213,1855.323,1842.433,1852.536,35881210901
2020-06-05,1854.725,1858.183,1843.374,1856.606,34249496634
2020-06-08,1867.96,1874.614,1854.065,1856.885,35720905420
2020-06-09,1860.006,1870.456,1852.502,1869.329,32997984013
2020-06-10,1869.972,1875.358,1861.499,1874.944,31935033954
2020-06-11,1875.87,1890.631,1855.68,1865.3,35685471327
2020-06-12,1828.258,1878.955,1825.381,1870.701,35465928370
2020-06-15,1870.342,1889.642,1865.343,1865.343,38922693148
2020-06-16,1882.164,1898.346,1879.76,1898.346,35896934264
2020-06-17,1901.901,1903.767,1888.755,1903.767,38276043231
2020-06-18,1902.214,1910.634,1895.77,1908.33,37911198940
2020-06-19,1909.606,1935.363,1908.692,1931.103,35928501838
2020-06-22,1934.535,1944.301,1930.075,1936.647,37541858460
2020-06-23,1937.645,1948.146,1928.013,1947.448,34738120228
2020-06-24,1950.224,1956.137,1940.532,1947.725,31873282282
2020-06-29,1942.756,1947.214,1931.021,1939.124,32520425385
2020-06-30,1950.185,1978.532,1950.185,1975.52,32630919779
2020-07-01,1980.954,1993.66,1966.066,1991.11,39396763794
2020-07-02,1989.424,2017.361,1983.225,2016.049,47696805257
2020-07-03,2020.033,2041.891,2011.182,2041.891,51287202197
2020-07-06,2054.872,2121.858,2054.872,2121.588,69166255381
2020-07-07,2142.326,2189.938,2125.674,2157.942,75451498924
2020-07-08,2157.936,2200.735,2141.589,2198.618,66951860527
2020-07-09,2198.445,2261.856,2196.364,2257.95,75903006068
2020-07-10,2247.454,2273.922,2236.247,2251.004,69669379772
2020-07-13,2258.807,2329.398,2258.807,2329.398,70838566102
2020-07-14,2327.338,2333.362,2262.255,2309.565,73550494077
2020-07-15,2313.04,2320.608,2248.784,2261.798,67093292258
2020-07-16,2260.81,2276.229,2140.23,2144.245,62063814461
2020-07-17,2144.034,2189.917,2127.454,2158.938,47508479082
2020-07-20,2185.726,2216.704,2151.087,2216.704,49354724980
2020-07-21,2222.19,2236.223,2209.061,2232.699,47222727296
2020-07-22,2228.508,2274.497,2220.022,2251.427,49966223474
2020-07-23,2230.515,2256.461,2190.887,2250.923,52657174358
2020-07-24,2236.89,2245.548,2129.429,2138.357,56478634459
2020-07-27,2148.68,2159.996,2122.188,2144.372,39712054262
2020-07-28,2163.701,2179.853,2154.164,2173.844,38908572627
2020-07-29,2168.897,2236.951,2162.712,2236.951,43729604639
2020-07-30,2243.36,2249.364,2221.445,2227.326,46967408102
2020-07-31,2225.187,2267.728,2215.667,2256.869,48559923962
2020-08-03,2277.492,2315.441,2270.381,2315.441,56850339890
2020-08-04,2318.514,2324.563,2289.073,2300.503,56731944720
2020-08-05,2299.902,2324.581,2279.786,2318.925,50246255102
2020-08-06,2319.85,2320.545,2271.404,2304.52,53398715906
2020-08-07,2297.222,2302.046,2234.766,2272.66,50997682640
2020-08-10,2262.657,2292.758,2248.261,2277.421,45214180570
2020-08-11,2278.953,2296.943,2241.207,2243.453,46722253651
2020-08-12,2237.511,2242.735,2168.239,2215.115,45004057281
2020-08-13,2224.855,2230.321,2208.989,2216.467,40373280808
2020-08-14,2214.025,2244.96,2205.513,2244.171,38847090483
2020-08-17,2250.852,2288.488,2245.076,2287.336,48876172050
2020-08-18,2289.164,2304.766,2283.697,2298.449,47454067364
2020-08-19,2294.185,2294.185,2252.64,2253.678,47963973983
2020-08-20,2237.583,2251.417,2217.437,2225.725,38886852196
2020-08-21,2242.08,2259.939,2232.776,2249.951,38352406489
2020-08-24,2261.687,2285.113,2235.777,2278.245,41096357678
2020-08-25,2281.33,2297.327,2272.674,2280.748,45693575430
2020-08-26,2282.426,2287.024,2229.479,2237.894,46552843077
2020-08-27,2241.534,2263.717,2225.675,2261.163,41499507993
2020-08-28,2256.394,2308.092,2251.468,2305.622,44122494126
2020-08-31,2316.024,2329.119,2294.534,2295.49,45192530906
2020-09-01,2290.876,2310.854,2279.721,2310.854,39923774224
2020-09-02,2315.835,2330.998,2295.252,2321.396,51729350587
2020-09-03,2317.977,2327.145,2293.114,2301.81,48294014044
2020-09-04,2257.177,2294.075,2254.141,2290.493,43711487716
2020-09-07,2288.685,2303.875,2229.719,2239.682,54163607802
2020-09-08,2242.5,2252.742,2215.046,2248.202,53406354089
2020-09-09,2218.395,2220.682,2169.015,2175.771,63718221829
2020-09-10,2193.314,2198.227,2124.013,2129.245,52989022001
2020-09-11,2119.792,2166.236,2119.792,2164.217,38394043207
2020-09-14,2177.386,2199.34,2169.898,2189.097,41889762034
2020-09-15,2191.355,2206.103,2181.668,2205.359,39016618986
2020-09-16,2201.906,2202.903,2173.359,2185.222,35324537128
2020-09-17,2179.165,2203.439,2164.308,2186.987,35395341326
2020-09-18,2187.238,2221.347,2180.662,2219.912,39237245188
2020-09-21,2224.881,2227.272,2204.698,2208.298,36664292350
2020-09-22,2190.439,2214.775,2177.127,2184.148,35053822109
2020-09-23,2188.352,2207.88,2179.999,2202.177,31823556101
2020-09-24,2186.633,2189.959,2148.078,2148.078,34406622390
2020-09-25,2157.765,2162.661,2134.72,2143.051,27281705065
2020-09-28,2149.706,2152.373,2125.729,2126.881,25146629069
2020-09-29,2139.039,2159.292,2130.452,2148.455,25244603522
2020-09-30,2155.426,2168.976,2137.422,2149.54,25167081632
2020-10-09,2189.15,2219.597,2187.251,2215.961,31769030336
2020-10-12,2233.145,2289.357,2233.145,2289.357,43400041288
2020-10-13,2285.173,2307.661,2275.089,2304.191,38115933735
2020-10-14,2301.24,2302.796,2284.831,2290.4,38322486622
2020-10-15,2290.618,2293.657,2273.744,2274.391,35563910908
2020-10-16,2271.782,2281.117,2247.738,2265.433,32416593250
2020-10-19,2280.575,2283.772,2244.305,2249.527,32947481837
2020-10-20,2247.157,2279.383,2239.029,2279.383,31641507511
2020-10-21,2280.823,2280.823,2244.431,2254.234,31773395838
2020-10-22,2245.052,2250.74,2221.749,2243.239,30160958132
2020-10-23,2244.256,2258.005,2196.799,2200.56,30244121696
2020-10-26,2190.317,2219.851,2168.066,2212.067,27599697393
2020-10-27,2205.821,2226.646,2203.589,2223.923,28786255660
2020-10-28,2223.273,2246.29,2206.138,2239.108,32376477727
2020-10-29,2209.071,2259.837,2205.525,2249.574,33388623154
2020-10-30,2251.759,2253.614,2193.828,2198.067,37553372701
2020-11-02,2202.142,2228.558,2197.014,2223.387,33921343679
2020-11-03,2231.758,2255.95,2223.245,2255.083,34046304419
2020-11-04,2256.309,2265.571,2241.95,2262.135,31304792161
2020-11-05,2282.461,2300.254,2273.161,2299.873,36566633754
2020-11-06,2305.109,2305.109,2262.92,2282.093,36601152543
2020-11-09,2294.589,2340.892,2294.589,2333.455,43693949290
2020-11-10,2331.759,2331.759,2296.839,2308.849,39435978674
2020-11-11,2298.65,2306.403,2263.156,2263.957,35060653876
2020-11-12,2272.844,2281.393,2261.907,2273.742,30252239944
2020-11-13,2268.18,2275.945,2249.394,2268.666,29635904483
2020-11-16,2277.529,2289.822,2258.943,2289.822,33617076694
2020-11-17,2288.611,2288.611,2252.831,2269.327,36114382431
2020-11-18,2265.424,2279.216,2252.103,2261.588,34749190489
2020-11-19,2257.541,2280.359,2246.064,2275.847,34692466429
2020-11-20,2276.381,2291.815,2273.639,2289.51,32938187564
2020-11-23,2292.346,2311.975,2280.055,2301.962,40103836200
2020-11-24,2300.714,2303.279,2286.705,2294.15,35527272750
2020-11-25,2297.372,2298.477,2254.297,2254.297,36857740314
2020-11-26,2251.789,2259.514,2224.409,2245.471,31760503074
2020-11-27,2247.963,2253.12,2231.231,2253.12,30965615119
2020-11-30,2256.458,2270.18,2242.374,2249.658,37001045193
2020-12-01,2246.021,2288.147,2245.015,2286.55,36660267826
2020-12-02,2288.614,2294.206,2276.052,2290.205,38731212242
2020-12-03,2288.302,2296.454,2276.598,2290.333,37366593151
2020-12-04,2284.674,2305.483,2281.754,2301.829,31852397643
2020-12-07,2301.655,2308.356,2293.957,2294.909,31690413877
2020-12-08,2297.906,2303.314,2290.844,2293.978,29238604080
2020-12-09,2296.882,2298.887,2250.28,2250.81,33612370731
2020-12-10,2242.615,2266.822,2236.016,2253.432,29010730242
2020-12-11,2257.568,2258.407,2203.913,2223.94,34576594649
2020-12-14,2225.917,2248.207,2215.365,2247.69,28984840256
2020-12-15,2245.935,2258.945,2238.93,2256.428,28398371806
2020-12-16,2259.125,2259.905,2243.791,2248.505,29690645708
2020-12-17,2246.18,2270.679,2232.752,2269.479,33010124461
2020-12-18,2270.904,2275.742,2255.253,2262.571,31286729859
2020-12-21,2263.099,2304.982,2258.296,2304.982,34392615276
2020-12-22,2296.833,2310.099,2262.637,2264.483,38539343149
2020-12-23,2267.376,2290.295,2262.436,2281.241,36846949303
2020-12-24,2278.051,2281.663,2248.966,2255.545,35696184259
2020-12-25,2248.576,2275.401,2244.046,2273.994,33825412481
2020-12-28,2274.166,2282.55,2260.281,2273.006,37325254653
2020-12-29,2272.242,2278.61,2253.695,2258.374,37160031942
2020-12-30,2257.23,2292.384,2256.847,2288.557,35191999131
2020-12-31,2293.077,2329.928,2293.077,2329.371,37221726383
2021-01-04,2335.156,2391.236,2330.297,2386.542,43549775923
2021-01-05,2377.369,2423.029,2370.469,2422.341,45893476339
2021-01-06,2429.174,2438.668,2393.529,2421.507,43324071836
2021-01-07,2418.744,2430.621,2394.931,2426.657,46928407202
2021-01-08,2429.909,2436.387,2398.235,2419.498,42006272822
2021-01-11,2421.81,2425.493,2361.656,2375.862,43945664406
2021-01-12,2366.062,2419.964,2365.395,2419.964,38686160155
2021-01-13,2422.4,2427.229,2377.506,2393.738,43269729763
2021-01-14,2380.29,2391.125,2345.701,2360.397,39617247690
2021-01-15,2354.438,2374.945,2330.173,2366.859,36449833013
2021-01-18,2359.647,2407.059,2355.023,2401.781,36406940425
2021-01-19,2402.873,2408.787,2371.803,2378.654,39512572920
2021-01-20,2379.931,2412.556,2372.336,2412.556,34028754497
2021-01-21,2414.84,2461.914,2414.84,2449.374,41062780215
2021-01-22,2447.221,2458.227,2425.978,2456.236,39616143973
2021-01-25,2452.177,2486.581,2442.121,2462.85,40351691141
2021-01-26,2452.998,2455.362,2411.036,2414.16,35029602005
2021-01-27,2409.074,2424.856,2379.208,2420.916,33837216736
2021-01-28,2386.077,2401.331,2348.97,2352.752,35413517809
2021-01-29,2369.981,2379.03,2303.609,2335.045,36867023869
2021-02-01,2334.374,2363.385,2328.436,2362.393,33706664513
2021-02-02,2365.836,2402.257,2353.723,2401.646,32995125306
2021-02-03,2401.125,2410.513,2378.654,2380.785,34816674829
2021-02-04,2366.484,2386.669,2323.783,2353.266,35354602533
2021-02-05,2360.251,2373.305,2331.506,2332.527,31986707193
2021-02-08,2338.692,2368.327,2319.147,2360.783,28319424705
2021-02-09,2368.876,2419.228,2365.862,2418.242,29417149291
2021-02-10,2427.662,2466.473,2419.644,2460.543,28269118947
2021-02-18,2507.003,2511.976,2438.798,2450.395,36845136917
2021-02-19,2437.124,2470.047,2410.838,2468.661,38997684711
2021-02-22,2471.159,2476.69,2416.666,2416.666,49945871506
2021-02-23,2389.825,2420.474,2385.854,2396.012,40102575727
2021-02-24,2398.524,2403.858,2322.46,2347.284,39050601698
2021-02-25,2367.105,2370.792,2330.573,2335.404,35968005832
2021-02-26,2286.188,2320.639,2278.128,2293.69,34499217457
2021-03-01,2315.036,2349.908,2312.128,2349.174,34504727306
2021-03-02,2362.46,2363.13,2313.67,2332.761,35685607949
2021-03-03,2323.327,2363.107,2317.371,2363.107,35507176884
2021-03-04,2342.865,2343.43,2286.522,2294.668,39417703183
2021-03-05,2260.265,2314.603,2256.48,2298.596,38047405203
2021-03-08,2313.606,2326.522,2223.837,2224.08,40328831913
2021-03-09,2215.952,2218.79,2130.088,2160.905,42349392121
2021-03-10,2193.579,2197.061,2157.729,2165.349,32386028887
2021-03-11,2169.696,2217.79,2159.576,2216.481,34542953652
2021-03-12,2225.355,2225.707,2194.274,2220.255,36557444717
2021-03-15,2206.532,2207.471,2153.012,2172.938,35077747131
2021-03-16,2179.942,2196.509,2162.578,2196.509,35521312351
2021-03-17,2191.204,2221.444,2174.378,2218.26,34644222311
2021-03-18,2222.425,2245.167,2220.257,2237.499,34512912329
2021-03-19,2204.845,2223.6,2183.13,2194.906,35172034314
2021-03-22,2196.232,2222.722,2192.236,2222.722,36300341412
2021-03-23,2222.58,2225.184,2183.03,2197.713,37800755405
2021-03-24,2183.663,2202.259,2162.674,2166.754,35687139135
2021-03-25,2154.426,2178.174,2141.866,2166.4,33665105239
2021-03-26,2174.189,2220.459,2174.189,2214.814,33944005077
2021-03-29,2219.787,2234.966,2206.472,2218.79,34605608925
2021-03-30,2214.744,2235.302,2206.256,2229.27,34442790108
2021-03-31,2226.625,2226.625,2201.696,2217.62,30759789359
2021-04-01,2220.829,2244.347,2217.409,2242.186,30316862744
2021-04-02,2250.028,2270.05,2244.545,2262.077,31560344538
2021-04-06,2269.312,2271.776,2257.193,2266.199,30643979349
2021-04-07,2268.021,2268.179,2238.116,2258.11,35321637366
2021-04-08,2249.047,2266.794,2239.717,2257.953,37111079248
2021-04-09,2252.318,2254.547,2230.037,2236.584,32989122226
2021-04-12,2235.485,2241.725,2183.182,2188.892,35844581813
2021-04-13,2186.117,2209.177,2181.002,2187.567,33143501218
2021-04-14,2188.564,2220.365,2188.564,2218.479,32941897773
2021-04-15,2212.482,2212.482,2188.078,2206.552,33450097653
2021-04-16,2209.53,2224.837,2197.485,2220.22,35058090570
2021-04-19,2219.23,2274.361,2213.187,2274.361,38640286420
2021-04-20,2267.428,2291.668,2263.46,2272.68,37791233676
2021-04-21,2258.752,2281.142,2253.211,2277.212,33494449433
2021-04-22,2285.917,2292.426,2271.999,2288.185,32386329554
2021-04-23,2287.972,2304.962,2285.135,2298.549,33982697384
2021-04-26,2305.926,2322.965,2279.228,2281.304,37463682189
2021-04-27,2278.607,2281.926,2258.36,2281.926,33246946506
2021-04-28,2276.566,2300.936,2270.31,2300.936,31629992962
2021-04-29,2300.929,2314.976,2290.066,2305.646,32112547701
2021-04-30,2301.029,2309.921,2284.606,2298.929,33469837352
2021-05-06,2290.062,2298.514,2257.169,2276.583,34072167689
2021-05-07,2280.788,2283.644,2239.678,2239.678,37463126796
2021-05-10,2241.639,2254.765,2230.414,2243.932,37114162943
2021-05-11,2229.683,2256.427,2212.216,2251.962,38483632142
2021-05-12,2243.768,2273.207,2238.864,2271.808,35086506053
2021-05-13,2249.242,2271.815,2247.024,2253.3,37517802661
2021-05-14,2260.416,2294.647,2249.096,2293.871,39351207361
2021-05-17,2295.07,2332.151,2295.07,2320.331,36841467049
2021-05-18,2319.796,2325.474,2306.844,2324.271,31802047937
2021-05-19,2317.339,2335.056,2310.903,2327.461,33326585335
2021-05-20,2320.837,2337.973,2317.022,2330.361,36347766038
2021-05-21,2336.2,2342.532,2313.323,2319.786,33380113917
2021-05-24,2321.535,2337.256,2306.777,2337.256,34686463857
2021-05-25,2340.443,2383.264,2336.767,2381.934,37385983278
2021-05-26,2382.488,2387.497,2375.236,2380.559,38748657785
2021-05-27,2379.876,2404.23,2371.287,2399.274,38110819751
2021-05-28,2400.59,2412.155,2382.748,2393.485,40605948843
2021-05-31,2396.323,2419.757,2391.23,2419.757,38628013643
2021-06-01,2416.443,2429.876,2397.059,2429.573,40829957513
2021-06-02,2430.658,2431.765,2392.384,2400.896,41242307729
2021-06-03,2399.503,2419.46,2386.445,2392.635,38146044766
2021-06-04,2383.802,2423.248,2380.226,2407.648,36538574830
2021-06-07,2410.394,2414.091,2398.539,2413.905,36852944138
2021-06-08,2414.569,2427.893,2379.771,2393.134,38476939388
2021-06-09,2391.038,2404.321,2382.887,2396.542,37427539605
2021-06-10,2396.575,2427.51,2393.927,2422.584,41700209072
2021-06-11,2425.597,2426.058,2402.08,2407.931,45263632487
2021-06-15,2408.176,2410.736,2374.65,2387.909,40793961039
2021-06-16,2385.472,2385.918,2330.85,2332.414,37800270704
2021-06-17,2331.41,2360.537,2331.41,2359.395,36340329255
2021-06-18,2362.758,2384.583,2357.04,2378.606,40139019778
2021-06-21,2373.798,2403.126,2364.251,2396.198,40888560995
2021-06-22,2401.361,2408.827,2388.298,2408.414,42448013150
2021-06-23,2410.453,2432.298,2401.147,2427.38,41438939467
2021-06-24,2430.71,2430.808,2408.938,2415.36,39991991223
2021-06-25,2417.325,2446.952,2416.466,2442.082,40020223009
2021-06-28,2447.661,2465.963,2445.256,2463.661,38309625485
2021-06-29,2467.997,2467.997,2440.156,2441.259,37866879862
2021-06-30,2443.651,2467.381,2441.167,2466.243,35612825341
2021-07-01,2471.794,2472.612,2438.172,2442.256,38950787400
2021-07-02,2428.19,2428.19,2393.458,2396.776,35555461939
2021-07-05,2397.403,2416.971,2394.226,2414.4,36693985287
2021-07-06,2418.487,2424.702,2377.562,2406.591,40044728674
2021-07-07,2394.44,2449.861,2387.429,2446.994,38482102443
2021-07-08,2452.771,2457.9,2432.013,2435.208,43989160668
2021-07-09,2424.832,2443.185,2395.362,2436.844,42290362441
2021-07-12,2454.182,2493.124,2442.366,2485.147,48444245975
2021-07-13,2483.161,2493.47,2473.957,2491.973,47543723147
2021-07-14,2483.858,2495.928,2464.967,2470.072,48260924344
2021-07-15,2461.078,2478.846,2435.816,2478.719,46052843445
2021-07-16,2475.196,2481.112,2453.4,2454.063,44335781612
2021-07-19,2450.938,2458.916,2434.512,2452.323,42820484902
2021-07-20,2432.691,2457.164,2430.906,2456.751,38181599129
2021-07-21,2466.755,2499.185,2466.755,2492.538,45252720120
2021-07-22,2498.632,2503.944,2485.521,2503.854,49105356406
2021-07-23,2501.056,2501.056,2460.804,2468.139,52805614185
2021-07-26,2460.793,2460.793,2369.31,2411.806,51181860500
2021-07-27,2412.506,2429.258,2331.43,2331.43,52856072583
2021-07-28,2310.471,2335.883,2254.366,2313.203,47901527997
2021-07-29,2356.833,2389.077,2347.541,2384.17,43905898520
2021-07-30,2380.875,2391.145,2356.927,2385.624,47754339650
2021-08-02,2383.894,2436.92,2376.885,2436.92,50748213836
2021-08-03,2429.427,2446.921,2416.805,2423.97,50800549678
2021-08-04,2419.892,2465.617,2416.546,2465.617,44662323099
2021-08-05,2452.754,2464.218,2436.32,2447.04,47133210628
2021-08-06,2451.535,2453.449,2425.358,2443.058,44273226177
2021-08-09,2430.633,2466.925,2422.806,2462.836,44759125257
2021-08-10,2458.9,2483.793,2456.177,2483.793,47397170860
2021-08-11,2482.261,2493.462,2470.652,2487.004,49152912628
2021-08-12,2480.035,2490.558,2465.108,2478.342,50346503825
2021-08-13,2468.568,2494.915,2455.979,2468.74,49021620167
2021-08-16,2462.985,2470.284,2449.172,2454.359,47200208289
2021-08-17,2452.528,2459.669,2386.479,2392.494,50925304694
2021-08-18,2394.045,2416.714,2384.668,2412.494,44685754046
2021-08-19,2409.861,2430.621,2390.754,2417.231,45352564533
2021-08-20,2400.495,2411.199,2362.217,2388.959,44068555718
2021-08-23,2398.777,2449.999,2398.777,2445.041,48127214053
2021-08-24,2447.907,2470.318,2438.625,2463.846,50831646992
2021-08-25,2463.114,2475.085,2449.738,2475.085,47486148032
2021-08-26,2474.139,2474.139,2435.911,2437.149,51824933439
2021-08-27,2429.561,2448.588,2422.51,2439.687,51140421952
2021-08-30,2444.448,2462.864,2429.073,2441.108,55168125397
2021-08-31,2438.577,2438.577,2403.688,2429.863,53002820661
2021-09-01,2431.721,2431.721,2377.913,2417.889,60181317363
2021-09-02,2412.573,2427.923,2411.43,2427.77,52224978060
2021-09-03,2428.66,2439.96,2400.251,2414.296,59786332762
2021-09-06,2415.382,2465.367,2409.478,2463.362,53157271026
2021-09-07,2462.811,2492.598,2454.096,2490.641,53223518760
2021-09-08,2491.266,2503.788,2481.683,2492.595,61092360904
2021-09-09,2490.021,2496.566,2472.391,2494.275,57129567536
2021-09-10,2490.614,2508.878,2479.585,2502.015,57388120320
2021-09-13,2503.79,2510.088,2485.751,2500.832,54952022428
2021-09-14,2499.208,2523.236,2482.53,2488.883,57755259001
2021-09-15,2483.406,2494.063,2468.875,2486.127,51525808907
2021-09-16,2485.034,2491.338,2437.556,2437.556,57164442778
2021-09-17,2431.929,2450.187,2411.021,2446.053,50900041398
2021-09-22,2411.831,2443.371,2407.949,2440.054,43591068662
2021-09-23,2456.015,2459.432,2447.322,2451.359,51530745414
2021-09-24,2446.604,2462.69,2432.246,2434.232,48847728984
2021-09-27,2443.134,2451.782,2387.858,2406.556,51231511813
2021-09-28,2399.015,2413.02,2390.291,2402.197,38138051862
2021-09-29,2382.862,2385.897,2343.743,2347.157,41258802410
2021-09-30,2357.254,2398.713,2357.254,2395.054,35261379315
2021-10-08,2422.146,2426.896,2401.898,2413.92,40147890017
2021-10-11,2418.548,2418.548,2397.713,2403.455,37382765442
2021-10-12,2397.765,2397.765,2341.779,2363.812,39385089507
2021-10-13,2364.019,2395.741,2355.426,2394.385,33965891989
2021-10-14,2391.615,2404.112,2386.313,2399.259,34120029410
2021-10-15,2390.759,2407.352,2380.835,2400.517,38365500847
2021-10-18,2396.115,2402.083,2376.252,2402.044,36156419930
2021-10-19,2400.793,2423.546,2400.793,2422.642,35829868528
2021-10-20,2419.927,2434.448,2413.732,2420.044,37811757609
2021-10-21,2420.92,2426.388,2402.876,2416.18,37231127946
2021-10-22,2418.848,2430.123,2411.805,2412.674,38226250394
2021-10-25,2411.693,2433.306,2408.006,2433.22,36280331313
2021-10-26,2441.135,2445.05,2420.419,2424.387,38683049733
2021-10-27,2417.186,2417.186,2389.323,2397.508,39832512773
2021-10-28,2389.818,2397.235,2354.69,2362.235,39184698237
2021-10-29,2363.855,2400.448,2356.321,2400.029,38001438315
2021-11-01,2391.821,2424.798,2385.707,2411.782,40969401099
2021-11-02,2412.611,2425.056,2371.887,2392.27,44383416678
2021-11-03,2390.003,2402.15,2377.899,2393.604,36078656530
2021-11-04,2402.845,2425.161,2401.927,2425.161,38493183033
2021-11-05,2421.875,2432.531,2406.337,2406.418,44573408901
2021-11-08,2403.884,2419.314,2399.261,2417.974,40102296495
2021-11-09,2422.726,2436.243,2418.127,2436.243,38886038455
2021-11-10,2428.892,2430.951,2395.681,2430.083,42661209839
2021-11-11,2427.202,2459.162,2424.279,2457.781,45388079203
2021-11-12,2458.07,2469.287,2455.097,2467.156,44841196412
2021-11-15,2470.367,2472.143,2452.929,2462.389,46560201568
2021-11-16,2459.796,2471.54,2447.149,2449.951,45817933855
2021-11-17,2453.611,2477.015,2452.557,2477.015,43793166675
2021-11-18,2473.849,2475.299,2456.226,2460.862,47926393234
2021-11-19,2457.867,2491.375,2455.263,2490.27,46199385428
2021-11-22,2494.308,2525.581,2494.308,2525.581,47718399896
2021-11-23,2522.233,2528.793,2515.331,2520.373,48071164498
2021-11-24,2519.257,2527.963,2514.558,2520.478,47778359002
2021-11-25,2520.503,2521.611,2509.704,2512.224,44698049733
2021-11-26,2507.652,2515.628,2501.232,2507.153,44128963042
2021-11-29,2479.484,2518.685,2478.134,2516.939,43539097698
2021-11-30,2525.734,2529.017,2504.288,2519.266,47301283194
2021-12-01,2517.994,2524.142,2510.139,2524.142,46044118055
2021-12-02,2520.469,2525.872,2507.118,2508.446,47863787945
2021-12-03,2509.424,2527.493,2506.816,2526.379,43396698280
2021-12-06,2523.303,2528.299,2493.622,2495.5,46777699831
2021-12-07,2509.094,2511.961,2460.121,2477.494,45014216981
2021-12-08,2484.301,2521.29,2481.91,2521.29,40810274509
2021-12-09,2521.258,2549.202,2519.881,2543.16,47054755444
2021-12-10,2528.765,2552.059,2525.854,2546.651,45386002614
2021-12-13,2555.239,2571.267,2551.508,2561.91,47516232485
2021-12-14,2555.869,2564.424,2550.944,2558.247,46156842561
2021-12-15,2554.782,2565.218,2540.281,2543.492,47501850159
2021-12-16,2546.152,2559.307,2537.484,2559.307,47449150775
2021-12-17,2554.506,2554.506,2523.15,2523.15,50418320381
2021-12-20,2515.268,2528.799,2476.27,2478.415,50463990934
2021-12-21,2477.016,2505.092,2477.016,2504.329,48036278348
2021-12-22,2510.962,2524.385,2508.079,2520.296,53163265256
2021-12-23,2522.564,2528.327,2515.549,2524.742,49240067621
2021-12-24,2526.685,2527.503,2488.98,2491.96,50736522163
2021-12-27,2489.921,2507.699,2482.646,2494.203,43610666877
2021-12-28,2497.447,2515.197,2492.828,2514.815,43215711767
2021-12-29,2512.769,2512.769,2492.804,2494.407,42428006774
2021-12-30,2494.171,2525.302,2494.171,2517.162,45543080629
2021-12-31,2524.38,2531.761,2520.488,2530.137,46867522613
2022-01-04,2541.458,2542.993,2510.955,2527.696,57054686517
2022-01-05,2522.044,2523.475,2471.285,2483.691,58383278363
2022-01-06,2468.47,2486.741,2455.284,2481.326,51351600672
2022-01-07,2482.653,2489.141,2451.322,2452.817,56184984793
2022-01-10,2446.011,2469.342,2429.74,2467.322,46312510470
2022-01-11,2466.958,2475.254,2436.878,2441.231,47547403184
2022-01-12,2453.854,2475.822,2450.544,2475.822,46611136480
2022-01-13,2478.278,2478.278,2434.917,2434.917,49513909388
2022-01-14,2422.614,2449.238,2418.192,2435.399,50638226785
2022-01-17,2438.279,2474.21,2437.929,2473.014,50532197979
2022-01-18,2473.889,2476.954,2458.867,2464.831,54887020701
2022-01-19,2458.869,2465.434,2426.915,2442.123,48339852745
2022-01-20,2439.729,2449.552,2418.104,2419.686,51711538452
2022-01-21,2410.625,2415.172,2383.249,2387.646,43878415247
2022-01-24,2372.864,2402.223,2369.596,2392.244,37184418416
2022-01-25,2381.239,2392.669,2313.063,2313.063,44610545744
2022-01-26,2321.029,2338.544,2297.262,2329.167,35128831501
2022-01-27,2327.109,2327.326,2262.118,2262.405,37319445338
2022-01-28,2277.72,2293.833,2236.337,2262.367,35889292717
2022-02-07,2297.297,2301.562,2278.746,2285.986,37163439353
2022-02-08,2282.979,2282.979,2234.216,2280.505,39413310313
2022-02-09,2279.916,2318.365,2275.116,2317.228,43044232299
2022-02-10,2317.632,2317.632,2286.815,2302.47,40894157155
2022-02-11,2291.071,2298.969,2260.059,2262.964,44176180143
2022-02-14,2249.4,2275.858,2241.593,2253.131,39144947071
2022-02-15,2256.868,2283.677,2251.301,2283.631,37139160803
2022-02-16,2293.08,2304.28,2285.675,2296.993,37530877510
2022-02-17,2293.448,2314.828,2287.897,2302.163,42928561256
2022-02-18,2287.265,2311.823,2284.123,2311.791,38837049683
2022-02-21,2313.507,2325.967,2309.735,2325.797,44801214227
2022-02-22,2312.116,2312.116,2284.227,2297.299,45691784106
2022-02-23,2300.37,2337.874,2300.37,2337.579,45406101316
2022-02-24,2322.943,2338.626,2253.961,2282.442,62904562120
2022-02-25,2301.917,2329.901,2301.917,2310.066,43465089061
2022-02-28,2310.222,2318.094,2285.054,2318.094,39794025992
2022-03-01,2322.968,2329.018,2310.305,2326.254,39926109157
2022-03-02,2314.69,2314.69,2298.62,2313.18,40042991203
2022-03-03,2321.5,2323.115,2290.737,2294.079,45112570165
2022-03-04,2278.134,2295.2,2256.96,2264.641,44826677556
2022-03-07,2252.695,2252.695,2194.432,2203.414,43033849937
2022-03-08,2205.26,2211.894,2129.747,2139.667,48566082015
2022-03-09,2143.787,2154.621,2028.435,2116.148,52118799520
2022-03-10,2165.422,2179.491,2156.049,2160.942,45735173294
2022-03-11,2128.964,2176.466,2106.33,2173.137,44642913905
2022-03-14,2154.098,2163.976,2109.462,2109.462,41095792224
2022-03-15,2091.085,2107.973,2013.368,2013.368,49113319923
2022-03-16,2049.605,2091.488,1976.065,2086.244,51065317741
2022-03-17,2118.023,2167.821,2115.777,2133.008,53055256130
2022-03-18,2121.953,2150.58,2116.618,2144.902,45201628249
2022-03-21,2152.241,2170.287,2136.912,2160.538,47249131825
2022-03-22,2155.89,2166.647,2140.086,2151.683,46450150819
2022-03-23,2157.793,2170.057,2147.802,2163.2,45067751249
2022-03-24,2150.701,2158.296,2127.387,2144.343,44069282709
2022-03-25,2146.103,2152.021,2113.733,2113.733,43718468033
2022-03-28,2098.795,2114.635,2075.71,2096.503,42333298775
2022-03-29,2101.237,2109.786,2077.146,2084.474,42513225308
2022-03-30,2094.047,2137.614,2090.076,2137.614,45096789846
2022-03-31,2129.968,2133.44,2113.793,2117.959,49890606601
2022-04-01,2104.38,2133.987,2097.117,2127.819,47057621321
2022-04-06,2126.196,2132.746,2113.612,2127.956,48442921704
2022-04-07,2117.278,2129.525,2087.532,2087.532,47857870369
2022-04-08,2089.63,2092.962,2054.781,2080.769,46248466716
2022-04-11,2068.145,2068.145,2003.094,2011.445,46326184026
2022-04-12,2009.414,2047.88,1995.57,2047.88,44976561078
2022-04-13,2034.577,2042.129,2012.176,2012.176,43871300236
2022-04-14,2024.339,2045.892,2015.858,2034.48,40677125141
2022-04-15,2020.748,2029.76,2001.33,2013.874,43833582887
2022-04-18,1999.295,2026.548,1980.195,2022.52,36460568257
2022-04-19,2021.397,2036.305,2009.39,2020.278,35716648071
2022-04-20,2018.465,2020.738,1978.959,1985.646,39913347696
2022-04-21,1975.221,1988.768,1917.006,1923.809,42925153465
2022-04-22,1911.228,1932.594,1890.043,1914.111,37220385101
2022-04-25,1879.85,1880.905,1790.025,1790.025,45761244266
2022-04-26,1791.762,1814.455,1747.526,1752.275,43356638745
2022-04-27,1729.846,1821.389,1724.923,1821.389,47620843572
2022-04-28,1811.295,1830.57,1786.95,1808.468,40897548280
2022-04-29,1822.906,1881.601,1815.346,1878.879,46493426956
2022-05-05,1866.488,1907.526,1863.424,1891.662,40997960755
2022-05-06,1845.945,1875.794,1840.362,1859.393,37539543290
2022-05-09,1852.354,1876.774,1852.124,1865.923,33910914331
2022-05-10,1839.421,1896.288,1833.592,1894.391,41132821118
2022-05-11,1897.326,1959.273,1897.135,1918.516,50695104842
2022-05-12,1906.184,1931.842,1903.149,1921.655,40442581261
2022-05-13,1932.203,1936.129,1911.142,1931.45,38483806186
2022-05-16,1945.896,1953.732,1919.979,1926.014,40840947085
2022-05-17,1925.592,1940.052,1911.007,1940.052,38715678795
2022-05-18,1942.23,1957.562,1933.179,1941.536,39388357583
2022-05-19,1912.983,1952.705,1909.57,1952.705,41431409943
2022-05-20,1962.849,1983.671,1958.413,1983.671,44630324861
2022-05-23,1988.044,1995.297,1975.264,1994.761,42020065867
2022-05-24,1993.441,1993.441,1922.476,1922.476,48868089193
2022-05-25,1921.516,1944.88,1918.475,1944.88,37475291164
2022-05-26,1947.572,1964.961,1917.584,1955.129,40014181063
2022-05-27,1967.383,1979.835,1941.246,1955.034,39762866738
2022-05-30,1964.69,1975.925,1951.246,1975.893,37434758088
2022-05-31,1976.698,2008.965,1962.414,2006.951,42056905107
2022-06-01,2002.807,2019.924,1997.636,2012.646,40792443871
2022-06-02,2005.59,2027.774,2000.897,2026.505,40615805083
2022-06-06,2027.317,2073.937,2023.379,2073.555,46170205673
2022-06-07,2074.123,2081.897,2056.279,2072.58,45457489339
2022-06-08,2073.882,2087.214,2045.637,2083.423,47612121155
2022-06-09,2078.391,2078.391,2037.085,2045.695,43107683045
2022-06-10,2033.164,2086.768,2031.62,2085.309,44054676942
2022-06-13,2069.187,2093.012,2064.368,2085.102,46324999114
2022-06-14,2062.996,2089.135,2026.647,2089.115,48759995770
2022-06-15,2093.894,2133.72,2089.833,2098.994,56095401365
2022-06-16,2099.625,2124.741,2097.324,2106.749,48807823186
2022-06-17,2091.26,2134.336,2089.349,2131.217,46436078604
2022-06-20,2141.391,2171.004,2138.995,2158.336,47533397760
2022-06-21,2157.68,2166.882,2126.317,2147.293,49027608143
2022-06-22,2149.537,2151.174,2119.03,2119.821,43877689387
2022-06-23,2123.553,2164.006,2109.667,2164.006,47190889971
2022-06-24,2170.386,2193.683,2165.769,2192.664,50125404931
2022-06-27,2202.626,2226.33,2202.626,2216.982,51424261874
2022-06-28,2216.488,2246.118,2204.213,2243.916,53502955118
2022-06-29,2237.539,2245.466,2193.112,2194.508,57881936338
2022-06-30,2196.359,2236.591,2196.359,2224.151,50289473109
2022-07-01,2224.791,2231.771,2210.66,2219.41,45578351524
2022-07-04,2214.329,2245.307,2202.866,2245.307,45843652792
2022-07-05,2249.56,2257.429,2204.823,2232.979,49396947233
2022-07-06,2226.335,2234.427,2188.346,2207.196,45114192672
2022-07-07,2208.598,2232.52,2195.218,2227.663,45354693499
2022-07-08,2236.544,2243.318,2217.612,2219.904,46401181600
2022-07-11,2211.362,2211.362,2170.515,2187.34,45124333678
2022-07-12,2187.418,2192.581,2152.519,2155.562,44428374727
2022-07-13,2156.28,2183.222,2145.423,2175.59,44510551662
2022-07-14,2170.932,2206.522,2165.842,2192.696,46948063935
2022-07-15,2185.152,2202.052,2159.994,2159.994,50583902606
2022-07-18,2165.684,2193.588,2153.115,2191.957,47323260939
2022-07-19,2192.856,2202.925,2178.462,2194.916,48570264026
2022-07-20,2202.369,2214.287,2197.56,2210.458,46061458994
2022-07-21,2205.596,2213.587,2193.811,2193.811,48641736566
2022-07-22,2199.21,2209.447,2167.46,2185.412,46484015027
2022-07-25,2185.133,2188.99,2159.239,2165.356,43357293882
2022-07-26,2167.056,2190.451,2154.899,2187.228,42335303601
2022-07-27,2182.947,2197.224,2177.473,2194.542,44386410468
2022-07-28,2205.187,2219.927,2199.134,2203.241,50486992673
2022-07-29,2204.97,2208.069,2177.594,2181.245,48546257779
2022-08-01,2178.25,2202.486,2165.83,2202.486,45476623599
2022-08-02,2177.242,2177.242,2118.248,2138.167,59642229838
2022-08-03,2141.228,2169.642,2110.391,2117.186,52584901775
2022-08-04,2128.881,2139.285,2107.018,2135.327,42825587683
2022-08-05,2141.25,2167.312,2136.097,2166.013,45484980906
2022-08-08,2160.816,2183.221,2157.002,2183.221,42421487404
2022-08-09,2179.965,2188.487,2172.863,2188.487,42518371057
2022-08-10,2183.828,2192.403,2170.321,2180.83,42792537485
2022-08-11,2191.006,2217.122,2185.029,2216.977,48890660216
2022-08-12,2214.598,2221.831,2206.753,2207.064,49039043793
2022-08-15,2203.181,2221.41,2201.747,2217.438,45729852778
2022-08-16,2219.628,2235.529,2216.779,2227.036,49021223935
2022-08-17,2229.628,2244.798,2217.134,2242.445,51186851356
2022-08-18,2237.291,2239.392,2229.581,2236.527,50257942458
2022-08-19,2236.045,2240.236,2207.985,2207.985,51874243881
2022-08-22,2201.483,2228.391,2196.557,2228.316,46380368057
2022-08-23,2223.895,2231.75,2218.316,2227.383,46067112903
2022-08-24,2230.939,2231.867,2157.675,2160.376,54203175856
2022-08-25,2167.462,2171.016,2128.573,2155.14,46836774953
2022-08-26,2160.017,2175.153,2142.554,2146.193,42320060709
2022-08-29,2119.302,2149.727,2114.666,2147.737,39538239238
2022-08-30,2147.884,2150.333,2126.683,2137.715,40945317310
2022-08-31,2128.157,2132.953,2087.482,2096.065,45983590281
2022-09-01,2093.004,2109.908,2076.926,2080.601,39319740470
2022-09-02,2086.039,2095.051,2075.014,2089.735,37128161442
2022-09-05,2085.312,2094.919,2074.772,2088.087,36534524969
2022-09-06,2092.432,2113.274,2081.209,2113.274,40259415897
2022-09-07,2104.922,2129.778,2101.288,2123.196,41741387793
2022-09-08,2124.258,2125.207,2102.945,2104.393,39504799083
2022-09-09,2109.0,2119.482,2099.843,2118.108,37561762853
2022-09-13,2126.379,2130.936,2117.14,2125.046,36503876921
2022-09-14,2094.01,2109.908,2086.368,2100.899,35532791627
2022-09-15,2109.144,2110.776,2032.098,2051.791,44303005956
2022-09-16,2046.483,2047.426,2005.598,2005.598,39266043328
2022-09-19,2002.283,2013.221,1980.445,1990.358,32959495883
2022-09-20,2001.856,2023.318,1999.46,2011.657,32049173843
2022-09-21,2004.969,2012.837,1980.612,2004.314,33390792934
2022-09-22,1989.702,2014.604,1987.589,1991.849,32162717257
2022-09-23,1991.062,1996.409,1947.953,1963.686,34092508482
2022-09-26,1949.527,1981.857,1946.11,1948.998,32720826132
2022-09-27,1955.077,1989.398,1949.604,1989.398,32091690707
2022-09-28,1983.903,1983.903,1938.258,1938.258,32397235191
2022-09-29,1958.404,1960.79,1927.286,1937.199,31450467150
2022-09-30,1937.36,1942.836,1911.975,1911.996,28322313182
2022-10-10,1914.472,1917.415,1865.578,1870.503,29815077335
2022-10-11,1874.67,1887.981,1860.175,1882.0,27728749849
2022-10-12,1880.422,1929.534,1852.418,1929.534,34713543952
2022-10-13,1917.855,1952.167,1912.895,1934.276,35245916921
2022-10-14,1949.076,1992.949,1947.617,1984.334,39034146984
2022-10-17,1974.367,1999.173,1971.465,1997.812,38248813267
2022-10-18,2006.871,2019.405,1994.172,2005.082,38814493339
2022-10-19,1999.22,2005.021,1981.837,1981.837,36558353892
2022-10-20,1969.315,1999.72,1950.031,1971.67,37534670116
2022-10-21,1970.713,1979.815,1958.221,1966.926,34383015050
2022-10-24,1966.939,1989.783,1921.705,1932.341,40722461196
2022-10-25,1922.496,1941.157,1896.129,1923.512,39193125953
2022-10-26,1926.213,1974.029,1926.213,1957.917,43841294300
2022-10-27,1960.121,1968.061,1945.367,1945.38,42656907962
2022-10-28,1930.838,1935.954,1873.151,1879.203,44010669005
2022-10-31,1864.169,1904.838,1864.169,1886.413,39502025610
2022-11-01,1890.905,1942.357,1887.828,1942.357,42496541008
2022-11-02,1938.19,1980.13,1935.427,1968.204,46641616638
2022-11-03,1950.445,1971.545,1948.155,1967.384,40092465859
2022-11-04,1968.261,2025.261,1968.261,2020.164,46611715800
2022-11-07,2019.441,2035.506,2010.872,2027.855,45513644380
2022-11-08,2026.695,2027.376,2005.149,2019.808,39951153048
2022-11-09,2020.411,2031.101,2010.144,2011.507,39369381117
2022-11-10,1997.947,2004.27,1983.151,1991.821,42639469990
2022-11-11,2040.759,2046.215,2016.544,2017.955,59827424735
2022-11-14,2020.916,2034.522,2005.015,2012.808,51824774205
2022-11-15,2010.405,2054.093,2005.566,2054.093,50367125916
2022-11-16,2051.956,2061.444,2034.18,2037.998,46618738063
2022-11-17,2032.024,2039.207,2015.903,2039.207,43882270847
2022-11-18,2040.802,2053.509,2027.801,2029.32,49222165782
2022-11-21,2015.095,2028.508,2003.131,2028.508,42052447893
2022-11-22,2025.047,2030.842,1994.631,2002.393,43375629709
2022-11-23,1998.166,2003.547,1967.784,1995.513,40579967384
2022-11-24,2001.136,2007.68,1991.546,1998.145,37626282600
2022-11-25,1993.302,1994.793,1982.081,1984.181,36896049502
2022-11-28,1953.708,1974.155,1947.021,1974.071,37538158328
2022-11-29,1982.49,2018.778,1982.49,2016.221,46971468464
2022-11-30,2014.246,2025.293,2008.344,2018.688,47740024879
2022-12-01,2044.639,2054.934,2042.876,2044.102,49470577158
2022-12-02,2039.785,2055.964,2037.075,2044.602,42885201734
2022-12-05,2056.68,2064.305,2049.803,2062.629,48937488323
2022-12-06,2055.253,2078.522,2053.116,2067.927,45579641014
2022-12-07,2062.302,2083.06,2060.265,2071.04,44550081255
2022-12-08,2067.717,2072.296,2058.414,2064.379,44001980129
2022-12-09,2064.717,2077.733,2056.066,2075.844,46434589244
2022-12-12,2069.236,2070.031,2059.671,2061.873,43032904135
2022-12-13,2061.342,2061.691,2048.635,2050.374,40909216984
2022-12-14,2051.644,2057.984,2044.267,2048.608,40611174112
2022-12-15,2045.652,2057.237,2042.208,2054.913,39268917262
2022-12-16,2043.67,2049.105,2031.639,2039.519,40400994659
2022-12-19,2038.054,2044.406,1996.078,2003.2,40070534965
2022-12-20,1998.069,1998.069,1972.133,1979.083,32821820964
2022-12-21,1980.896,1985.18,1962.632,1969.79,31518279498
2022-12-22,1980.333,1985.01,1950.085,1955.576,34740856690
2022-12-23,1944.726,1962.366,1939.331,1950.016,31596722736
2022-12-26,1951.047,1977.421,1951.047,1975.934,31866416759
2022-12-27,1980.979,1994.145,1974.371,1993.324,34769681610
2022-12-28,1985.663,1985.663,1970.416,1974.328,34622647768
2022-12-29,1967.276,1983.031,1964.895,1968.405,32309466459
2022-12-30,1976.31,1980.586,1973.178,1975.614,32254053338
2023-01-03,1974.656,2006.189,1966.713,2004.123,39789964322
2023-01-04,2002.234,2011.969,1994.395,2005.352,41214408411
2023-01-05,2010.818,2039.17,2008.203,2037.141,41085381639
2023-01-06,2036.682,2053.294,2035.234,2040.525,40714402732
2023-01-09,2047.7,2059.621,2047.136,2054.474,36031347200
2023-01-10,2055.428,2062.64,2046.471,2060.438,34200840627
2023-01-11,2059.915,2068.265,2044.596,2046.764,34915980416
2023-01-12,2050.73,2059.858,2042.375,2048.774,34007263376
2023-01-13,2055.266,2067.155,2051.534,2067.155,33143448620
2023-01-16,2069.244,2108.799,2069.244,2094.989,39275666396
2023-01-17,2096.735,2101.309,2085.628,2094.259,33137576950
2023-01-18,2097.176,2104.237,2094.728,2097.952,31438250579
2023-01-19,2095.147,2112.096,2090.372,2112.096,32662191320
2023-01-20,2116.538,2126.733,2116.538,2125.811,34345669129
2023-01-30,2162.831,2166.227,2148.488,2150.375,48592554879
2023-01-31,2145.129,2152.765,2137.563,2142.554,44544997731
2023-02-01,2147.0,2173.588,2141.818,2173.588,49865671327
2023-02-02,2177.784,2183.184,2165.958,2172.491,49073537831
2023-02-03,2166.025,2167.138,2137.226,2163.284,44799247435
2023-02-06,2150.26,2154.721,2134.073,2145.186,42421989159
2023-02-07,2148.845,2154.305,2141.139,2152.891,44082203393
2023-02-08,2154.314,2155.668,2139.793,2141.311,42827227893
2023-02-09,2136.223,2174.2,2133.76,2174.2,44255161842
2023-02-10,2171.606,2177.424,2153.675,2164.715,45816354627
2023-02-13,2163.563,2190.537,2162.372,2190.537,46650020487
2023-02-14,2195.866,2195.866,2179.293,2188.812,44809979757
2023-02-15,2189.694,2192.858,2180.929,2187.515,46423708462
2023-02-16,2187.096,2200.224,2135.674,2150.23,60310966806
2023-02-17,2148.936,2157.833,2124.788,2125.188,45250226800
2023-02-20,2126.054,2161.663,2117.013,2161.663,43848704697
2023-02-21,2161.679,2171.629,2150.767,2165.77,43015639827
2023-02-22,2153.908,2167.628,2151.034,2159.822,36959389647
2023-02-23,2159.714,2167.481,2144.777,2154.73,38270185474
2023-02-24,2155.254,2155.485,2131.193,2140.65,32640550192
2023-02-27,2132.65,2140.869,2121.075,2124.876,33779567322
2023-02-28,2132.043,2142.915,2119.666,2142.084,34666245659
2023-03-01,2142.155,2163.817,2136.46,2163.817,41527377498
2023-03-02,2161.709,2166.808,2150.406,2152.638,43098305339
2023-03-03,2154.063,2158.74,2137.433,2152.126,38688633111
2023-03-06,2152.753,2154.588,2136.452,2152.152,38584328876
2023-03-07,2149.549,2151.347,2108.718,2108.718,40896713247
2023-03-08,2102.369,2115.888,2099.244,2114.912,31456755395
2023-03-09,2116.713,2120.337,2101.976,2113.331,32839119354
2023-03-10,2101.521,2104.781,2086.692,2087.167,36121706587
2023-03-13,2081.009,2096.941,2075.647,2096.417,36338344592
2023-03-14,2093.111,2093.111,2052.835,2075.928,39755973534
2023-03-15,2086.681,2096.627,2079.999,2081.259,35058963027
2023-03-16,2069.099,2073.795,2047.099,2049.483,35760653174
2023-03-17,2064.077,2076.507,2054.451,2060.184,40588290028
2023-03-20,2063.03,2067.874,2050.412,2053.649,43832066409
2023-03-21,2056.526,2085.982,2055.222,2085.982,38709306082
2023-03-22,2090.667,2100.772,2089.465,2098.437,44598282516
2023-03-23,2091.987,2111.446,2089.384,2111.446,43789564710
2023-03-24,2112.752,2118.552,2107.138,2116.773,47851508750
2023-03-27,2115.88,2119.727,2101.539,2119.177,49423391252
2023-03-28,2118.257,2120.283,2101.955,2104.366,44569858663
2023-03-29,2107.052,2112.311,2096.202,2103.371,41362827260
2023-03-30,2102.973,2111.342,2086.581,2108.288,39213346131
2023-03-31,2110.428,2125.98,2108.711,2124.756,39957495071
2023-04-03,2127.101,2149.587,2127.101,2149.025,49768451758
2023-04-04,2147.159,2147.159,2128.393,2139.368,50815766955
2023-04-06,2127.823,2139.808,2125.599,2138.584,45447063629
2023-04-07,2138.939,2159.168,2137.01,2158.415,42764390844
2023-04-10,2160.9,2161.074,2131.458,2136.43,47824674309
2023-04-11,2135.647,2143.667,2127.087,2139.482,42299901539
2023-04-12,2139.421,2148.087,2134.705,2147.163,45212899453
2023-04-13,2140.862,2144.984,2125.345,2127.694,47019567565
2023-04-14,2130.854,2139.08,2121.104,2137.06,43977380412
2023-04-17,2133.583,2143.137,2132.893,2141.402,42341304207
2023-04-18,2138.272,2142.306,2130.877,2138.791,39786667004
2023-04-19,2135.966,2138.239,2123.477,2126.508,41492310488
2023-04-20,2123.687,2123.687,2108.081,2117.945,43395332681
2023-04-21,2118.01,2121.682,2066.103,2066.103,47931197873
2023-04-24,2064.425,2066.366,2040.072,2049.19,42715528699
2023-04-25,2046.364,2048.389,1991.594,2014.575,46377350473
2023-04-26,2007.026,2035.613,2006.266,2025.076,43856541338
2023-04-27,2017.483,2037.637,2014.844,2027.471,41568532176
2023-04-28,2026.712,2056.296,2026.712,2056.039,45347249795
2023-05-04,2051.18,2056.63,2045.442,2054.399,48189682724
2023-05-05,2051.571,2051.833,2027.029,2037.862,44189203701
2023-05-08,2040.995,2047.526,2035.301,2046.919,43926151847
2023-05-09,2043.212,2048.694,2022.549,2023.058,47950740824
2023-05-10,2018.575,2034.848,2012.418,2029.274,39384808239
2023-05-11,2031.774,2040.533,2030.14,2032.769,38454948059
2023-05-12,2029.478,2037.75,2009.824,2010.038,36718698679
2023-05-15,2011.107,2033.797,2000.132,2033.797,38414633661
2023-05-16,2033.991,2033.991,2013.982,2019.378,35321529250
2023-05-17,2014.832,2027.592,2014.11,2025.951,32593515785
2023-05-18,2027.543,2034.612,2019.014,2028.675,37116664332
2023-05-19,2025.724,2039.708,2019.109,2031.099,35512099598
2023-05-22,2029.012,2042.245,2023.164,2038.96,34519748458
2023-05-23,2038.348,2040.159,2018.722,2018.722,33933034837
2023-05-24,2012.333,2026.374,2005.362,2009.482,34516650851
2023-05-25,2007.116,2014.922,1986.453,2006.128,37697817032
2023-05-26,2005.188,2015.7,1991.908,2012.487,35709353675
2023-05-29,2017.355,2020.756,1997.357,2002.147,39472700050
2023-05-30,1997.868,2011.988,1982.197,2011.988,39734108619
2023-05-31,2008.808,2010.693,1993.565,2003.182,38807976631
2023-06-01,1998.115,2025.682,1994.374,2012.232,41904130927
2023-06-02,2018.016,2038.57,2018.016,2035.618,40644684503
2023-06-05,2034.886,2035.353,2026.281,2033.701,37580179445
2023-06-06,2030.894,2030.894,1994.508,1998.619,41493852039
2023-06-07,1999.418,2005.199,1989.598,1995.277,34852050059
2023-06-08,1994.493,2002.362,1980.107,1992.326,36961157246
2023-06-09,1993.971,2006.446,1988.613,2006.446,40849231536
2023-06-12,2002.665,2027.337,1998.981,2021.177,40374548860
2023-06-13,2018.694,2034.896,2018.297,2033.792,39754721097
2023-06-14,2036.906,2045.867,2033.719,2038.796,42561197675
2023-06-15,2041.371,2063.678,2040.419,2062.947,43062375341
2023-06-16,2064.686,2085.093,2061.729,2083.355,42416210956
2023-06-19,2083.479,2085.274,2076.872,2081.491,42676253950
2023-06-20,2079.169,2087.258,2073.376,2080.443,42383026548
2023-06-21,2075.075,2077.779,2039.909,2039.909,41543419225
2023-06-26,2024.212,2031.547,1998.827,2002.931,42179410366
2023-06-27,2004.982,2030.668,2003.535,2029.982,36735954442
2023-06-28,2026.287,2026.287,1990.389,2021.031,39600252892
2023-06-29,2017.728,2035.368,2017.248,2027.325,37809618549
2023-06-30,2025.251,2055.291,2022.644,2049.235,40273561563
2023-07-03,2054.903,2066.493,2048.0,2060.131,43854470579
2023-07-04,2058.508,2068.82,2054.008,2068.82,39638476184
2023-07-05,2067.77,2067.77,2048.54,2051.521,38398904277
2023-07-06,2046.816,2059.222,2041.446,2044.031,37699701992
2023-07-07,2039.219,2041.529,2023.934,2030.397,38265007966
2023-07-10,2037.12,2045.493,2030.125,2036.825,34134767991
2023-07-11,2039.129,2052.929,2034.473,2052.929,34793939959
2023-07-12,2052.308,2053.935,2028.605,2030.77,41472812187
2023-07-13,2036.949,2060.165,2036.949,2059.0,39560004851
2023-07-14,2060.544,2063.45,2056.236,2058.097,40116195826
2023-07-17,2051.13,2051.13,2037.922,2047.696,36326089187
2023-07-18,2049.93,2050.747,2037.406,2042.369,36157179060
2023-07-19,2039.833,2047.318,2026.912,2037.083,32775292392
2023-07-20,2039.416,2045.41,2013.531,2015.645,38571745208
2023-07-21,2011.969,2026.309,2005.928,2011.829,37190223088
2023-07-24,2006.319,2018.399,1999.698,2004.301,35323057385
2023-07-25,2027.894,2048.153,2027.894,2048.153,43813438688
2023-07-26,2045.247,2045.247,2033.281,2037.475,41490035549
2023-07-27,2039.237,2046.53,2024.836,2027.736,41947850867
2023-07-28,2022.488,2055.524,2017.494,2052.623,46826084365
2023-07-31,2060.155,2081.338,2060.155,2069.506,53495854044
2023-08-01,2067.029,2070.469,2054.58,2061.755,48096138203
2023-08-02,2057.408,2064.242,2050.377,2056.059,42848863701
2023-08-03,2049.315,2061.78,2047.018,2061.637,41594123937
2023-08-04,2070.592,2081.56,2064.18,2071.589,48604373358
2023-08-07,2066.172,2066.927,2052.271,2057.823,41652663256
2023-08-08,2055.148,2058.879,2045.921,2051.027,37919025828
2023-08-09,2045.479,2049.333,2036.099,2038.775,35938401196
2023-08-10,2035.649,2043.076,2029.494,2041.41,32237315451
2023-08-11,2043.539,2043.539,2002.29,2002.29,37180933416
2023-08-14,1983.193,2000.072,1970.483,1999.646,34568209228
2023-08-15,2000.191,2002.838,1970.772,1986.434,33254016732
2023-08-16,1979.868,1986.87,1967.51,1967.637,33397765170
2023-08-17,1960.863,1986.039,1948.012,1984.295,34946410771
2023-08-18,1982.598,1987.148,1950.256,1950.256,36391916361
2023-08-21,1946.456,1959.362,1930.833,1930.833,32154114358
2023-08-22,1940.198,1946.635,1905.601,1939.883,38655581560
2023-08-23,1935.016,1935.016,1901.838,1901.852,33688478548
2023-08-24,1907.734,1927.222,1893.463,1911.235,36698947898
2023-08-25,1901.34,1906.916,1875.764,1882.664,38752250803
2023-08-28,1987.666,1987.666,1895.805,1900.498,52925222606
2023-08-29,1894.836,1956.412,1894.195,1951.63,50772244234
2023-08-30,1953.883,1972.143,1949.706,1958.876,47583031554
2023-08-31,1955.901,1957.37,1944.171,1947.481,40193056516
2023-09-01,1951.676,1961.898,1947.477,1953.58,35993370996
2023-09-04,1962.135,1981.626,1956.128,1981.626,41616602282
2023-09-05,1978.091,1980.976,1965.884,1970.084,38645892881
2023-09-06,1963.266,1973.713,1955.5,1971.591,37387250710
2023-09-07,1967.447,1967.447,1936.864,1936.864,38846285661
2023-09-08,1930.698,1942.31,1925.114,1935.544,34340684579
2023-09-11,1936.572,1961.127,1927.795,1952.911,39410867597
2023-09-12,1951.047,1958.942,1946.643,1951.274,34376652554
2023-09-13,1946.985,1949.578,1917.424,1929.446,35691326682
2023-09-14,1927.248,1927.713,1908.355,1917.02,33557711844
2023-09-15,1920.286,1926.733,1905.379,1911.117,33221331524
2023-09-18,1904.975,1929.518,1899.412,1921.482,33534246692
2023-09-19,1918.282,1918.282,1899.13,1904.654,31689827030
2023-09-20,1901.152,1904.858,1893.4,1893.4,29483664553
2023-09-21,1889.307,1897.286,1876.619,1877.638,29704772564
2023-09-22,1875.406,1914.254,1873.084,1913.534,36744305355
2023-09-25,1913.468,1914.475,1901.279,1904.568,34471513958
2023-09-26,1901.591,1907.342,1894.678,1894.678,31556206164
2023-09-27,1893.768,1915.317,1892.413,1901.975,34530583077
2023-09-28,1906.978,1913.216,1903.633,1910.281,35256157593
2023-10-09,1908.419,1913.5,1891.793,1908.644,38636754647
2023-10-10,1913.399,1917.118,1899.834,1901.329,39690971684
2023-10-11,1906.139,1917.915,1901.521,1906.849,40842537668
2023-10-12,1915.976,1921.149,1909.112,1920.572,40371165198
2023-10-13,1911.116,1911.365,1899.571,1905.41,40753513350
2023-10-16,1905.794,1906.124,1876.57,1884.322,42546544654
2023-10-17,1886.16,1886.806,1873.791,1884.202,37732827648
2023-10-18,1878.672,1878.672,1855.206,1856.122,39240657735
2023-10-19,1845.699,1855.085,1828.084,1828.091,39422585237
2023-10-20,1819.568,1831.989,1808.495,1810.467,36815152567
2023-10-23,1805.855,1805.855,1767.894,1776.713,38320756765
2023-10-24,1782.488,1804.225,1773.542,1800.898,40126378626
2023-10-25,1815.133,1827.445,1814.455,1817.18,44014524321
2023-10-26,1806.636,1826.395,1800.385,1825.394,43571534283
2023-10-27,1819.969,1864.821,1817.122,1858.608,47734287777
2023-10-30,1854.788,1888.191,1854.737,1884.542,49123327646
2023-10-31,1883.938,1885.643,1865.181,1874.511,45425317677
2023-11-01,1878.711,1879.907,1868.199,1872.15,40768406819
2023-11-02,1873.801,1880.583,1853.351,1853.38,40306557782
2023-11-03,1855.834,1880.528,1855.834,1875.001,40951344868
2023-11-06,1886.191,1915.23,1886.191,1914.971,51475483763
2023-11-07,1911.745,1922.885,1905.178,1918.217,48968290724
2023-11-08,1915.652,1928.038,1908.497,1920.845,51634227155
2023-11-09,1918.377,1927.918,1908.224,1911.893,46708994001
2023-11-10,1903.417,1906.96,1895.188,1903.796,39288374185
2023-11-13,1909.979,1914.664,1902.567,1914.405,42399804068
2023-11-14,1913.9,1925.671,1912.022,1921.724,44445218290
2023-11-15,1938.055,1940.23,1928.057,1934.747,47766677307
2023-11-16,1929.626,1931.997,1915.468,1915.468,42672726332
2023-11-17,1910.395,1923.964,1910.123,1923.964,41739648391
2023-11-20,1925.994,1938.259,1917.552,1936.492,46381412410
2023-11-21,1939.989,1947.692,1925.282,1929.004,53072003436
2023-11-22,1922.191,1927.845,1905.796,1905.796,48218537771
2023-11-23,1903.306,1922.483,1898.013,1921.425,44845244255
2023-11-24,1920.85,1920.85,1895.75,1900.595,44822423431
2023-11-27,1897.637,1899.29,1883.965,1893.394,41612676617
2023-11-28,1891.697,1904.888,1884.489,1904.805,38472664549
2023-11-29,1903.654,1904.572,1887.391,1889.854,38706291701
2023-11-30,1886.953,1890.85,1870.535,1883.214,38367995114
2023-12-01,1882.474,1892.807,1871.972,1887.982,41774804885
2023-12-04,1887.669,1892.219,1881.463,1881.643,41681321814
2023-12-05,1876.158,1876.158,1845.025,1845.025,40321708880
2023-12-06,1840.887,1867.501,1839.963,1855.156,40266961307
2023-12-07,1852.718,1858.103,1841.145,1850.202,39325178823
2023-12-08,1850.752,1858.482,1846.412,1847.783,43642689878
2023-12-11,1838.432,1867.261,1823.717,1865.364,42147293923
2023-12-12,1863.381,1869.835,1860.73,1868.099,37620663078
2023-12-13,1864.783,1864.783,1845.429,1845.429,36734097989
2023-12-14,1852.936,1862.128,1834.543,1835.268,36622561219
2023-12-15,1839.719,1846.616,1824.167,1828.203,35945750738
2023-12-18,1822.294,1826.075,1801.581,1805.437,35352830299
2023-12-19,1803.729,1813.33,1794.824,1807.542,31794896148
2023-12-20,1810.526,1812.476,1785.339,1785.339,32405114902
2023-12-21,1778.265,1805.885,1767.419,1801.495,36168520018
2023-12-22,1800.541,1809.632,1780.429,1785.637,39602429128
2023-12-25,1781.96,1790.249,1776.849,1788.005,31207962631
2023-12-26,1786.796,1786.796,1761.253,1766.623,31361598077
2023-12-27,1768.394,1778.99,1760.701,1776.515,32807413912
2023-12-28,1774.365,1823.76,1770.491,1817.383,41093410375
2023-12-29,1815.769,1838.72,1814.876,1837.855,39414751848
2024-01-02,1838.92,1838.92,1823.854,1823.854,38596954271
2024-01-03,1819.513,1824.599,1801.61,1812.707,36681390123
2024-01-04,1810.338,1810.338,1789.087,1797.5,33057226462
2024-01-05,1796.365,1805.735,1765.575,1773.425,36584000431
2024-01-08,1770.093,1772.049,1740.082,1740.082,33819316256
2024-01-09,1742.578,1759.969,1734.373,1746.031,34925480540
2024-01-10,1740.538,1752.399,1720.436,1732.743,34094162952
2024-01-11,1731.442,1767.306,1728.678,1760.77,37985442252
2024-01-12,1757.149,1770.632,1749.308,1749.419,37224375935
2024-01-15,1742.993,1757.334,1733.036,1743.58,32173681823
2024-01-16,1741.686,1747.852,1719.322,1743.024,36727810980
2024-01-17,1739.222,1739.222,1698.696,1698.696,33560351031
2024-01-18,1688.606,1703.938,1653.765,1702.454,44359667870
2024-01-19,1699.291,1708.864,1684.818,1686.576,33407864814
2024-01-22,1683.108,1683.108,1601.303,1611.264,41997942010
2024-01-23,1607.242,1633.768,1591.988,1626.597,37823542938
2024-01-24,1632.976,1648.493,1591.55,1646.864,40808601165
2024-01-25,1644.749,1690.178,1636.695,1689.984,43498171413
2024-01-26,1684.221,1698.595,1674.336,1678.039,41194846598
2024-01-29,1680.777,1685.87,1637.406,1637.406,39432566176
2024-01-30,1626.22,1634.25,1591.735,1593.124,33872631922
2024-01-31,1584.664,1595.235,1542.744,1544.901,43125459652
2024-02-01,1535.478,1564.582,1517.394,1537.754,39724642481
2024-02-02,1537.818,1552.686,1448.583,1491.704,46859511630
2024-02-05,1478.07,1478.69,1391.316,1433.104,53704465055
2024-02-06,1411.296,1520.002,1405.355,1506.788,59207592588
2024-02-07,1508.0,1548.878,1497.275,1528.909,61678023989
2024-02-08,1534.447,1582.796,1530.848,1577.334,62641426750
2024-02-19,1599.784,1607.172,1581.785,1604.17,55736510069
2024-02-20,1597.547,1614.956,1584.647,1612.464,44177586265
2024-02-21,1598.441,1660.443,1591.85,1629.014,54363489574
2024-02-22,1627.626,1650.099,1624.874,1650.099,45808948952
2024-02-23,1655.948,1670.54,1642.259,1669.852,52027504073
2024-02-26,1672.072,1696.279,1663.626,1677.152,55870130417
2024-02-27,1670.341,1716.578,1665.723,1716.578,53339610227
2024-02-28,1720.339,1740.955,1651.492,1651.492,76686411168
2024-02-29,1639.535,1706.984,1639.535,1706.984,56545599185
2024-03-01,1709.992,1728.212,1700.501,1725.394,53967112517
2024-03-04,1728.232,1733.591,1705.143,1728.515,53009940816
2024-03-05,1716.385,1725.899,1706.541,1718.306,51103531884
2024-03-06,1709.466,1736.446,1702.162,1722.052,46636105582
2024-03-07,1723.887,1735.627,1701.442,1701.442,51117810092
2024-03-08,1702.604,1722.799,1693.475,1719.715,43568736085
2024-03-11,1718.612,1756.184,1718.453,1756.184,49221442847
2024-03-12,1760.004,1771.662,1748.548,1770.569,56573750712
2024-03-13,1770.889,1781.175,1759.404,1768.564,52763140357
2024-03-14,1766.893,1779.014,1742.906,1758.095,50905804216
2024-03-15,1753.553,1774.678,1746.837,1774.678,47650683480
2024-03-18,1782.454,1803.447,1780.435,1803.447,56235512999
2024-03-19,1798.984,1811.249,1795.719,1795.719,53455197769
2024-03-20,1791.244,1807.152,1791.244,1806.614,51138902170
2024-03-21,1810.151,1814.294,1795.04,1804.31,55890739799
2024-03-22,1799.585,1802.425,1768.96,1782.295,56528197199
2024-03-25,1776.893,1787.959,1749.063,1749.152,52755832043
2024-03-26,1746.166,1758.964,1732.106,1752.294,48246175546
2024-03-27,1748.643,1748.796,1703.249,1703.249,46713889077
2024-03-28,1701.26,1748.813,1701.26,1732.607,47935618344
2024-03-29,1731.961,1747.606,1726.983,1747.606,44973506065
2024-04-01,1754.796,1789.247,1754.796,1789.247,51652537371
2024-04-02,1787.32,1787.32,1771.462,1779.693,53021053320
2024-04-03,1774.942,1776.474,1757.949,1767.964,49330954395
2024-04-08,1761.969,1762.18,1736.438,1736.495,47996796704
2024-04-09,1734.569,1750.796,1730.4,1750.796,41261307620
2024-04-10,1746.83,1746.83,1708.028,1720.276,44329488741
2024-04-11,1707.743,1737.59,1705.928,1721.595,41833678630
2024-04-12,1720.997,1730.139,1704.894,1707.713,41561290234
2024-04-15,1703.713,1719.736,1675.45,1702.675,54491736930
2024-04-16,1689.531,1692.984,1637.621,1638.437,53485412464
2024-04-17,1645.859,1700.749,1645.859,1700.749,50860042820
2024-04-18,1695.121,1716.372,1684.347,1698.921,48375148137
2024-04-19,1688.926,1700.631,1675.219,1686.565,43977363059
2024-04-22,1677.315,1694.122,1666.359,1678.261,41696598035
2024-04-23,1676.626,1684.109,1667.344,1675.045,39645906978
2024-04-24,1675.059,1694.821,1670.305,1694.821,41982115134
2024-04-25,1687.098,1709.089,1686.017,1698.337,42147288820
2024-04-26,1696.094,1730.033,1696.094,1728.494,54214171105
2024-04-29,1730.701,1772.315,1730.701,1768.442,58303815801
2024-04-30,1766.85,1769.659,1753.816,1756.08,52697389055
2024-05-06,1779.991,1793.189,1779.991,1792.408,52711364122
2024-05-07,1791.957,1798.313,1787.422,1796.771,49770195676
2024-05-08,1790.966,1790.966,1771.359,1772.822,46349654809
2024-05-09,1772.585,1799.856,1772.585,1796.605,45384490979
2024-05-10,1797.487,1800.559,1775.651,1783.772,47281377936
2024-05-13,1770.381,1777.276,1756.785,1766.794,44947077231
2024-05-14,1768.897,1780.289,1765.114,1772.999,42964808531
2024-05-15,1770.446,1773.857,1758.126,1759.58,41936225898
2024-05-16,1763.826,1776.016,1760.009,1764.713,46003333499
2024-05-17,1762.982,1785.59,1760.402,1785.59,48531203805
2024-05-20,1785.894,1797.726,1785.316,1793.983,52611108552
2024-05-21,1789.543,1790.071,1774.369,1780.501,44511548579
2024-05-22,1779.388,1787.015,1776.009,1784.692,43949777397
2024-05-23,1779.08,1779.08,1750.111,1754.058,46939843705
2024-05-24,1749.126,1761.54,1734.648,1734.796,41477801455
2024-05-27,1737.25,1748.16,1722.107,1747.833,41278560277
2024-05-28,1743.401,1746.801,1727.402,1728.926,40812739552
2024-05-29,1726.932,1742.031,1726.408,1734.142,40207974234
2024-05-30,1730.137,1738.416,1722.846,1726.122,39633005528
2024-05-31,1726.846,1739.804,1726.846,1729.652,39705545944
2024-06-03,1728.208,1733.236,1706.824,1719.115,44781001343
2024-06-04,1713.969,1729.317,1703.116,1726.922,41604094966
2024-06-05,1722.105,1729.724,1706.329,1706.329,39250075195
2024-06-06,1708.864,1714.803,1672.659,1677.678,49622024239
2024-06-07,1683.868,1693.482,1661.572,1679.314,39147903228
2024-06-11,1670.186,1686.856,1658.216,1684.148,35331045710
2024-06-12,1681.629,1697.345,1681.349,1693.905,35764513550
2024-06-13,1695.674,1696.682,1680.385,1683.458,37637815825
2024-06-14,1679.65,1692.195,1673.457,1689.631,39125311901
2024-06-17,1681.551,1694.429,1679.471,1690.429,35673941474
2024-06-18,1690.043,1702.471,1689.594,1702.471,38529707571
2024-06-19,1703.833,1704.167,1687.029,1687.644,36222183085
2024-06-20,1684.029,1688.837,1655.308,1655.855,38558222157
2024-06-21,1650.459,1663.199,1643.786,1654.319,32408565431
2024-06-24,1642.719,1642.896,1615.115,1616.487,37504983297
2024-06-25,1615.37,1624.666,1598.597,1609.03,34627226549
2024-06-26,1605.995,1642.783,1599.475,1641.471,37021958808
2024-06-27,1634.552,1635.779,1613.892,1614.034,34906759884
2024-06-28,1608.897,1637.937,1608.897,1618.072,36991165729
2024-07-01,1616.348,1632.544,1604.601,1630.491,34758199905
2024-07-02,1629.022,1633.85,1615.747,1620.737,36967793381
2024-07-03,1619.474,1620.858,1605.722,1608.057,34311117321
2024-07-04,1609.4,1614.324,1581.074,1582.595,35189402223
2024-07-05,1580.185,1595.443,1567.971,1590.883,31659874591
2024-07-08,1586.935,1586.935,1556.934,1560.968,33066109265
2024-07-09,1558.588,1591.597,1545.937,1588.073,39709760815
2024-07-10,1581.325,1596.169,1579.71,1582.581,35547625986
2024-07-11,1602.825,1620.144,1595.138,1619.821,42446059547
2024-07-12,1616.009,1623.394,1612.961,1617.476,36708770579
2024-07-15,1613.105,1613.105,1600.661,1604.008,33174716557
2024-07-16,1600.333,1613.019,1596.601,1611.803,32418099011
2024-07-17,1609.184,1610.328,1596.801,1599.287,33806544344
2024-07-18,1586.877,1605.491,1576.986,1604.585,34137726594
2024-07-19,1596.346,1616.124,1594.554,1610.07,31671569890
2024-07-22,1610.456,1613.754,1599.81,1608.494,31757526698
2024-07-23,1607.502,1607.584,1566.938,1566.952,35216664290
2024-07-24,1561.706,1571.684,1543.061,1546.288,34382104790
2024-07-25,1537.503,1557.97,1533.977,1547.407,30977628555
2024-07-26,1552.264,1571.83,1552.264,1569.591,32913678275
2024-07-29,1569.603,1569.603,1559.515,1562.189,32484641767
2024-07-30,1557.097,1563.215,1546.867,1559.513,34219157453
2024-07-31,1556.487,1610.782,1555.015,1610.782,49010042180
2024-08-01,1612.326,1619.096,1597.61,1602.189,42850008325
2024-08-02,1589.654,1607.544,1579.929,1581.798,41921627149
2024-08-05,1569.094,1597.025,1548.828,1548.828,45762539227
2024-08-06,1563.914,1572.927,1552.186,1567.033,40061456130
2024-08-07,1564.839,1575.113,1560.36,1566.103,35547603012
2024-08-08,1560.096,1576.201,1547.91,1564.261,38968860037
2024-08-09,1570.259,1577.818,1553.934,1553.934,37102703941
2024-08-12,1552.211,1556.074,1542.301,1546.572,33833603190
2024-08-13,1545.277,1554.354,1537.819,1554.354,30920159022
2024-08-14,1553.401,1553.434,1540.925,1540.925,31136059327
2024-08-15,1536.885,1563.957,1535.147,1553.554,40234645666
2024-08-16,1554.817,1559.523,1547.58,1548.933,39738232456
2024-08-19,1545.977,1561.73,1545.94,1547.451,37396241311
2024-08-20,1547.15,1548.001,1521.792,1525.681,38435236588
2024-08-21,1520.074,1531.446,1518.005,1521.414,34400568021
2024-08-22,1521.502,1524.247,1503.468,1505.085,36175883626
2024-08-23,1500.654,1511.425,1495.663,1506.22,34381374453
2024-08-26,1507.379,1515.209,1503.75,1512.495,34267835306
2024-08-27,1506.389,1506.389,1490.191,1493.43,33685015173
2024-08-28,1488.658,1500.25,1485.367,1493.587,32885869824
2024-08-29,1486.157,1515.817,1484.976,1510.418,37682840126
2024-08-30,1510.216,1563.101,1510.216,1544.227,52102637354
2024-09-02,1541.307,1543.334,1514.696,1514.696,43309610281
2024-09-03,1512.39,1536.133,1512.39,1530.729,37028373327
2024-09-04,1520.229,1535.024,1517.306,1521.643,36236838805
2024-09-05,1521.853,1536.616,1521.853,1529.62,34757508755
2024-09-06,1529.801,1531.349,1504.87,1505.18,36378777179
2024-09-09,1497.332,1506.713,1489.04,1496.229,33111943224
2024-09-10,1497.093,1506.539,1478.899,1500.243,34749537762
2024-09-11,1495.452,1506.681,1490.962,1499.527,31001736656
2024-09-12,1501.784,1513.468,1492.326,1492.326,33651741283
2024-09-13,1492.361,1495.274,1476.262,1476.262,34822022538
2024-09-18,1474.828,1478.962,1456.516,1473.729,33354474083
2024-09-19,1478.805,1507.862,1469.371,1497.002,41370148725
2024-09-20,1496.086,1497.145,1484.824,1494.662,38337072743
2024-09-23,1493.569,1508.185,1489.316,1496.824,36565600998
2024-09-24,1505.86,1555.976,1496.846,1555.976,58681255519
2024-09-25,1574.478,1609.86,1572.491,1575.276,71584781842
2024-09-26,1572.058,1638.364,1570.342,1638.364,70484299530
2024-09-27,1668.544,1756.392,1668.544,1737.565,94883654000
2024-09-30,1813.499,1934.629,1788.728,1927.476,132400053035
2024-10-08,2176.465,2176.465,1975.312,2098.77,158791179957
2024-10-09,2033.891,2050.017,1914.58,1917.315,127422156998
2024-10-10,1931.026,1972.489,1879.479,1910.271,96357328462
2024-10-11,1892.841,1893.876,1812.757,1834.942,76794500742
2024-10-14,1845.856,1892.885,1818.831,1890.236,76786473279
2024-10-15,1880.842,1912.052,1850.503,1850.503,80099233726
2024-10-16,1821.106,1866.246,1820.669,1842.155,70123816425
2024-10-17,1854.366,1871.429,1831.12,1831.885,75958300071
2024-10-18,1826.608,1948.245,1824.98,1906.863,95374309335
2024-10-21,1920.177,1962.36,1906.951,1936.966,96500262583
2024-10-22,1936.194,1965.241,1927.259,1953.644,92798535681
2024-10-23,1949.783,1982.791,1941.337,1956.561,92060793932
2024-10-24,1945.818,1951.23,1930.884,1938.814,74927242151
2024-10-25,1944.296,1990.274,1944.028,1974.655,86542105534
2024-10-28,1976.508,2002.581,1967.174,2002.581,95867413324
2024-10-29,2008.242,2011.121,1972.33,1972.928,103306751329
2024-10-30,1961.897,1983.881,1953.308,1973.62,93173321416
2024-10-31,1975.282,2006.113,1965.537,1991.761,110309471953
2024-11-01,1986.079,1995.705,1940.934,1945.84,118472029006
2024-11-04,1942.903,1984.217,1942.903,1984.217,82654902413
2024-11-05,1983.699,2050.415,1978.597,2047.767,107740888900
2024-11-06,2052.746,2079.845,2036.507,2049.779,121476775704
2024-11-07,2032.129,2100.712,2028.935,2100.712,122251344774
2024-11-08,2124.197,2131.925,2089.327,2094.689,125343281592
2024-11-11,2083.091,2133.624,2081.349,2133.575,112188089396
2024-11-12,2138.787,2155.99,2096.593,2116.325,113897492979
2024-11-13,2101.729,2120.832,2078.085,2119.774,91186378710
2024-11-14,2114.607,2116.244,2057.697,2060.234,83896742213
2024-11-15,2050.432,2070.251,2010.614,2010.614,84298445532
2024-11-18,2016.915,2025.664,1954.595,1966.785,87180347111
2024-11-19,1968.616,2009.865,1949.957,2009.865,77072145189
2024-11-20,2003.842,2043.588,2000.559,2037.66,81635677889
2024-11-21,2032.121,2047.374,2021.349,2039.006,81837576465
2024-11-22,2032.547,2042.133,1966.818,1966.909,92594828048
2024-11-25,1971.089,1980.572,1943.893,1974.891,77022626653
2024-11-26,1968.878,1986.358,1955.335,1956.139,71183213494
2024-11-27,1944.649,1996.706,1923.082,1996.706,79557129618
2024-11-28,1996.738,2006.395,1980.673,1983.79,85088787686
2024-11-29,1978.24,2034.717,1975.33,2016.943,89215787876
2024-12-02,2015.418,2055.167,2015.074,2052.435,93752318422
2024-12-03,2053.238,2059.066,2032.084,2049.473,93970902205
2024-12-04,2045.181,2050.714,2015.204,2024.413,93081650252
2024-12-05,2017.06,2043.611,2017.06,2039.309,84466366148
2024-12-06,2041.167,2074.773,2031.389,2064.649,102934032914
2024-12-09,2062.531,2071.287,2042.311,2057.324,95515594718
2024-12-10,2126.313,2128.857,2071.443,2075.167,117138802611
2024-12-11,2067.132,2092.213,2067.033,2090.917,101227283475
2024-12-12,2090.716,2113.706,2082.245,2112.896,104058705015
2024-12-13,2097.691,2099.345,2069.698,2070.424,107554718202
2024-12-16,2070.017,2073.893,2040.321,2049.098,92267696201
2024-12-17,2043.799,2049.805,2011.453,2013.783,85814053161
2024-12-18,2016.616,2038.165,2006.239,2025.533,74084662199
2024-12-19,2004.408,2037.844,2001.344,2032.849,76069334340
2024-12-20,2029.167,2057.363,2028.716,2041.891,73237537835
2024-12-23,2040.266,2043.261,1992.249,1995.096,79568783045
2024-12-24,1997.766,2018.119,1990.58,2018.119,66497704116
2024-12-25,2016.179,2016.76,1979.132,1994.08,66796306236
2024-12-26,1990.229,2016.801,1989.421,2010.961,59399742654
2024-12-27,2011.791,2037.023,2006.032,2014.96,67993458784
2024-12-30,2010.868,2019.438,1997.432,2008.485,60905276931
2024-12-31,2008.684,2011.491,1957.419,1957.419,64665300880
2025-01-02,1954.35,1960.262,1890.824,1907.042,68111670937
2025-01-03,1910.22,1915.91,1854.685,1856.463,68523525692
2025-01-06,1851.922,1870.192,1834.967,1849.453,58623548268
2025-01-07,1847.069,1879.05,1842.412,1879.017,58891906830
2025-01-08,1869.457,1885.743,1826.286,1873.388,68356138045
2025-01-09,1864.652,1888.97,1863.401,1878.935,60520292074
2025-01-10,1875.119,1887.165,1837.28,1837.28,61636098545
2025-01-13,1816.508,1850.209,1813.407,1838.46,50480043564
2025-01-14,1844.936,1916.536,1841.436,1915.846,69071645495
2025-01-15,1913.494,1915.651,1896.509,1901.139,62657312976
2025-01-16,1910.726,1937.851,1892.345,1909.448,67961881355
2025-01-17,1901.754,1928.735,1897.535,1916.186,57621440908
2025-01-20,1930.573,1946.969,1927.376,1934.795,58773577977
2025-01-21,1945.132,1946.526,1920.736,1939.701,59739678942
2025-01-22,1929.83,1929.841,1912.822,1920.427,53343230020
2025-01-23,1939.588,1958.95,1913.265,1913.265,64807888595
2025-01-24,1907.214,1938.192,1907.214,1936.345,58994433015
2025-01-27,1939.552,1945.474,1911.088,1911.088,53284741781
2025-02-05,1926.831,1928.353,1911.344,1919.585,58326774483
2025-02-06,1915.609,1964.55,1912.937,1964.55,71099013431
2025-02-07,1966.598,2013.468,1963.498,1996.243,88720613135
2025-02-10,2001.743,2018.05,1991.779,2017.813,81642797871
2025-02-11,2019.083,2019.083,1998.105,2007.986,77022717337
2025-02-12,2002.479,2033.969,2001.369,2033.969,76233590457
2025-02-13,2032.422,2040.122,2015.227,2018.237,83933051636
2025-02-14,2014.359,2036.348,2012.884,2033.421,78638009726
2025-02-17,2045.571,2053.232,2031.698,2048.635,86705929130
2025-02-18,2045.478,2049.426,2000.288,2007.338,84217120344
2025-02-19,2003.828,2045.573,2003.828,2045.546,75049663110
2025-02-20,2045.237,2061.361,2041.164,2056.724,78257765228
2025-02-21,2060.75,2090.294,2053.276,2088.815,90701864675
2025-02-24,2088.557,2102.319,2075.788,2091.462,88271232487
2025-02-25,2063.557,2093.783,2059.38,2074.313,81279046427
2025-02-26,2078.145,2097.142,2074.041,2097.142,84215382307
2025-02-27,2098.2,2105.277,2062.843,2091.657,89475120899
2025-02-28,2079.851,2081.319,2020.463,2025.254,82558011813
2025-03-03,2030.724,2060.972,2019.217,2031.971,72506898239
2025-03-04,2014.996,2046.397,2013.703,2045.8,63501128030
2025-03-05,2046.085,2054.409,2031.116,2054.153,66828336104
2025-03-06,2064.885,2095.941,2062.966,2091.266,82055102681
2025-03-07,2082.997,2097.072,2069.804,2080.272,82036812447
2025-03-10,2083.459,2090.233,2065.237,2080.572,67492626325
2025-03-11,2055.058,2087.719,2053.66,2087.719,67024477222
2025-03-12,2095.439,2107.549,2086.718,2090.38,75683423892
2025-03-13,2087.021,2092.777,2051.61,2066.952,73031655596
2025-03-14,2066.64,2109.855,2063.834,2109.365,75821380703
2025-03-17,2115.219,2119.239,2106.714,2112.296,70157392693
2025-03-18,2118.859,2126.612,2111.334,2122.664,67026091831
2025-03-19,2118.34,2124.317,2104.719,2114.13,65830605489
2025-03-20,2111.447,2119.297,2099.491,2101.539,66033277818
2025-03-21,2093.361,2100.626,2057.845,2063.512,73797742505
2025-03-24,2063.136,2065.782,2018.004,2049.809,73186830760
2025-03-25,2048.653,2054.944,2030.69,2038.167,60284329360
2025-03-26,2033.97,2055.057,2033.97,2046.12,56246349670
2025-03-27,2039.809,2060.98,2024.616,2044.613,57357559191
2025-03-28,2041.824,2048.291,2024.614,2026.178,55060153716
2025-03-31,2013.88,2019.178,1984.025,2005.111,56671275642
2025-04-01,2009.369,2025.345,2007.921,2012.206,50596571318
2025-04-02,2010.231,2026.467,2008.589,2014.59,45905545136
2025-04-03,1991.341,2013.408,1982.183,1992.386,52253863357
2025-04-07,1872.095,1888.964,1754.764,1777.374,72979895617
2025-04-08,1773.242,1812.379,1761.872,1791.833,81890145272
2025-04-09,1762.28,1833.981,1712.804,1823.608,87247716467
2025-04-10,1860.038,1893.82,1857.051,1868.39,79793878408
2025-04-11,1854.16,1898.09,1853.85,1881.78,63799002683
2025-04-14,1905.403,1916.052,1897.722,1903.495,63003532921
2025-04-15,1904.313,1906.868,1887.479,1899.888,54456953657
2025-04-16,1892.011,1892.625,1853.823,1878.915,55550874792
2025-04-17,1867.775,1893.294,1866.761,1880.403,49387213426
2025-04-18,1877.932,1886.268,1868.31,1881.014,48644034748
2025-04-21,1877.65,1910.927,1871.551,1910.758,53399889207
2025-04-22,1909.091,1916.854,1904.848,1908.734,56973669202
2025-04-23,1921.724,1931.654,1915.048,1923.383,62116838025
2025-04-24,1921.559,1928.441,1902.477,1909.664,57933511465
2025-04-25,1912.602,1927.627,1906.811,1915.654,58204970304
2025-04-28,1914.704,1915.31,1896.604,1897.751,55540855510
2025-04-29,1891.066,1907.672,1886.069,1902.267,50779545986
2025-04-30,1905.393,1921.881,1904.071,1915.621,55873883554
2025-05-06,1930.085,1958.734,1929.077,1958.734,63377232344
2025-05-07,1983.405,1989.246,1953.867,1967.805,70973625885
2025-05-08,1962.468,1990.395,1959.876,1988.102,63866667110
2025-05-09,1987.411,1987.411,1963.436,1970.695,60037091401
2025-05-12,1986.157,2004.131,1983.678,2004.131,59491062341
2025-05-13,2022.555,2022.555,1997.615,2000.228,61309752848
2025-05-14,1998.305,2021.499,1990.787,2010.581,62236336996
2025-05-15,2005.79,2005.79,1982.741,1982.945,57130166033
2025-05-16,1977.092,1994.314,1977.004,1986.504,54107866080
2025-05-19,1987.057,1994.565,1970.258,1993.135,55363708797
2025-05-20,1995.263,2013.598,1988.877,2009.92,59935314593
2025-05-21,2007.54,2015.05,2004.062,2010.014,57953239729
2025-05-22,2005.176,2011.569,1989.942,1991.014,55747392040
2025-05-23,1989.343,2007.23,1973.276,1973.276,56209650952
2025-05-26,1971.099,1981.973,1963.278,1976.684,48451814037
2025-05-27,1974.143,1975.559,1961.822,1971.031,49805637358
2025-05-28,1972.493,1976.49,1961.896,1965.453,53569192058
2025-05-29,1964.672,1994.005,1964.672,1993.041,61267124894
2025-05-30,1987.65,1987.65,1971.107,1971.859,59605082409
2025-06-03,1964.142,1985.088,1964.142,1981.391,56067415584
2025-06-04,1983.137,1999.943,1983.137,1999.609,58808019153
2025-06-05,2000.882,2012.936,1992.669,2010.132,62955320724
2025-06-06,2010.247,2011.288,2002.987,2007.691,56297735762
2025-06-09,2010.754,2028.125,2010.061,2026.296,61526302068
2025-06-10,2026.119,2027.075,1991.983,2010.2,71119077181
2025-06-11,2011.875,2031.805,2011.875,2024.504,61581414276
2025-06-12,2020.11,2030.022,2014.82,2027.542,60551927497
2025-06-13,2020.678,2023.059,1996.632,2001.061,69802604428
2025-06-16,1994.884,2013.022,1994.884,2012.929,56850140277
2025-06-17,2015.605,2019.83,2004.746,2010.52,59692700888
2025-06-18,2006.932,2012.278,1999.333,2011.098,58750153342
2025-06-19,2006.568,2011.535,1976.417,1980.929,61011487880
2025-06-20,1977.888,1987.925,1968.229,1969.045,51481121460
2025-06-23,1957.857,1989.427,1957.857,1987.688,53779522481
2025-06-24,1990.845,2023.485,1990.845,2023.316,66658858133
2025-06-25,2026.984,2053.26,2023.71,2051.859,72049353452
2025-06-26,2050.933,2062.301,2043.599,2044.819,72100158514
2025-06-27,2049.975,2063.973,2044.882,2052.557,69839169334
2025-06-30,2057.552,2075.438,2056.885,2074.855,67566299521
2025-07-01,2074.821,2079.698,2062.309,2078.882,69507861261
2025-07-02,2074.866,2074.866,2058.039,2065.003,67827298494
2025-07-03,2066.649,2086.354,2066.649,2084.671,63844511182
2025-07-04,2084.35,2095.511,2071.235,2075.713,66705115970
2025-07-07,2072.301,2076.946,2069.256,2074.466,57849294239
2025-07-08,2073.539,2102.767,2072.521,2102.362,66586008261
2025-07-09,2103.62,2115.164,2096.466,2101.596,70295007528
2025-07-10,2101.556,2113.829,2095.222,2107.106,70135924803
2025-07-11,2107.497,2125.617,2100.137,2116.934,74264589001
2025-07-14,2118.1,2123.276,2112.499,2120.009,64646333064
2025-07-15,2119.27,2129.031,2100.126,2118.667,72570981842
2025-07-16,2118.872,2130.703,2113.574,2120.847,61659426702
2025-07-17,2120.509,2146.075,2119.821,2146.075,63554517666
2025-07-18,2150.709,2157.154,2144.375,2153.708,64442869521
2025-07-21,2156.844,2176.386,2154.963,2176.278,73259683950
2025-07-22,2176.476,2188.951,2168.178,2188.951,78615313668
2025-07-23,2188.905,2196.665,2174.139,2177.212,77295459300
2025-07-24,2177.288,2203.093,2177.288,2203.093,74225009707
2025-07-25,2204.214,2206.403,2194.744,2200.904,72440144499
2025-07-28,2202.162,2212.941,2193.221,2211.935,68403926163
2025-07-29,2209.411,2222.128,2195.752,2222.128,68778245825
2025-07-30,2217.036,2222.179,2189.663,2205.79,71394812986
2025-07-31,2203.232,2209.52,2168.668,2175.103,74131134334
2025-08-01,2173.896,2186.148,2162.72,2175.486,62430483980
2025-08-04,2164.041,2192.557,2161.641,2192.557,58826562849
2025-08-05,2198.008,2209.434,2194.956,2209.434,63790591161
2025-08-06,2206.777,2225.948,2205.31,2225.743,69593698421
2025-08-07,2227.248,2232.048,2212.352,2224.626,71141571849
2025-08-08,2219.892,2228.202,2214.172,2220.147,68193469493
2025-08-11,2224.455,2254.157,2224.455,2251.718,71385294605
2025-08-12,2251.942,2259.122,2242.401,2259.122,70963272011
2025-08-13,2262.49,2289.604,2261.251,2289.102,79554170524
2025-08-14,2290.239,2292.278,2257.412,2261.657,86799146173
2025-08-15,2256.781,2300.767,2256.781,2300.767,79894615064
2025-08-18,2311.721,2352.481,2307.519,2341.167,100227170829
2025-08-19,2339.965,2356.261,2328.819,2343.743,94316964885
2025-08-20,2332.111,2362.74,2320.888,2362.74,89403291865
2025-08-21,2368.521,2375.675,2346.868,2358.078,91564235638
2025-08-22,2355.309,2393.215,2355.309,2393.215,89165570058
2025-08-25,2411.175,2441.819,2405.943,2436.323,107080327698
2025-08-26,2428.724,2456.176,2421.088,2440.791,96885601318
2025-08-27,2441.685,2463.919,2394.275,2394.275,114364021865
2025-08-28,2388.049,2431.319,2357.66,2431.319,106077270854
2025-08-29,2431.59,2460.446,2420.608,2443.677,90039159316
2025-09-01,2453.299,2464.833,2438.794,2464.833,90618710337
2025-09-02,2462.45,2462.45,2395.242,2414.459,99108379603
2025-09-03,2421.317,2426.987,2371.817,2380.301,85684881475
2025-09-04,2386.744,2398.143,2300.024,2331.446,89935604700
2025-09-05,2334.465,2406.01,2323.41,2405.817,81649422586
2025-09-08,2410.957,2429.196,2399.946,2427.385,82213572224
2025-09-09,2417.978,2425.28,2387.466,2400.546,75834702535
2025-09-10,2398.529,2418.061,2384.922,2407.524,71682785890
2025-09-11,2406.182,2468.658,2392.27,2468.658,83569260132
2025-09-12,2465.713,2481.775,2456.354,2462.492,86829049183
2025-09-15,2467.467,2482.171,2462.141,2471.435,79831112540
2025-09-16,2473.165,2489.783,2451.927,2489.783,88946418162
2025-09-17,2489.233,2512.686,2481.809,2510.52,85357171738
2025-09-18,2503.892,2530.186,2452.386,2480.19,107352779091
2025-09-19,2479.023,2489.725,2461.65,2472.625,81956396527
2025-09-22,2478.13,2486.424,2460.133,2486.424,72219729349
2025-09-23,2494.46,2495.463,2422.088,2467.005,86054209387
2025-09-24,2453.383,2505.515,2445.792,2505.515,72776664276
2025-09-25,2501.65,2524.396,2499.045,2509.29,74044120950
2025-09-26,2499.901,2507.704,2470.726,2470.726,69445136024
2025-09-29,2475.424,2515.839,2466.429,2508.366,67580347625
2025-09-30,2513.999,2526.94,2509.118,2519.422,65843483294
2025-10-09,2531.241,2557.613,2526.048,2549.958,79698688531
2025-10-10,2537.052,2541.365,2497.977,2505.708,78009860190
2025-10-13,2411.383,2491.772,2411.383,2487.222,74248646158
2025-10-14,2508.89,2516.88,2430.869,2439.835,78134962115
2025-10-15,2443.226,2478.519,2424.946,2478.004,66497250499
2025-10-16,2471.354,2486.195,2454.998,2463.953,63042714969
2025-10-17,2460.591,2467.523,2395.055,2396.923,66747347454
2025-10-20,2425.645,2438.43,2406.126,2420.437,58287773562
2025-10-21,2429.251,2463.823,2421.782,2463.044,63561369955
2025-10-22,2449.926,2466.717,2442.623,2452.52,59338817782
2025-10-23,2446.585,2460.638,2419.796,2457.896,61471385420
2025-10-24,2467.371,2491.352,2467.28,2491.352,65254498922
2025-10-27,2514.111,2525.14,2499.744,2522.779,72402253232
2025-10-28,2511.762,2536.919,2507.255,2516.969,68253217591
2025-10-29,2520.757,2550.28,2516.866,2550.28,73070974609
2025-10-30,2545.844,2546.306,2514.582,2517.764,77324917262
2025-10-31,2516.083,2538.396,2509.588,2509.588,74576092904
2025-11-03,2509.698,2520.624,2481.612,2520.624,71688587821
2025-11-04,2515.616,2517.271,2471.39,2486.784,68291968704
2025-11-05,2451.861,2505.958,2451.365,2497.887,70220148922
2025-11-06,2504.248,2528.689,2501.195,2526.937,70896330271
2025-11-07,2516.443,2533.849,2508.728,2519.288,70056774710
2025-11-10,2527.402,2533.619,2510.927,2529.437,75709725385
2025-11-11,2535.938,2538.286,2514.029,2517.574,73358023648
2025-11-12,2511.398,2520.458,2488.466,2507.835,73100266968
2025-11-13,2505.727,2547.322,2504.535,2546.136,74808454232
2025-11-14,2522.642,2540.998,2511.554,2511.554,76941624036
2025-11-17,2510.654,2518.177,2500.6,2511.836,74868770069
2025-11-18,2505.23,2510.133,2474.727,2485.792,78884718270
2025-11-19,2482.953,2493.125,2461.158,2473.338,69523591376
2025-11-20,2490.335,2492.795,2453.248,2454.441,67314768058
2025-11-21,2418.143,2430.878,2370.318,2370.318,81157893277
2025-11-24,2382.861,2402.517,2364.521,2390.978,68995329424
2025-11-25,2405.761,2442.281,2403.749,2424.947,69984203079
2025-11-26,2422.826,2450.697,2420.758,2433.118,68673377809
2025-11-27,2431.944,2456.884,2428.521,2430.54,63755837739
2025-11-28,2429.585,2453.809,2423.46,2453.809,61139106892
2025-12-01,2461.546,2479.146,2458.669,2478.933,69444076430
2025-12-02,2474.462,2474.462,2456.275,2462.262,64385112607
2025-12-03,2463.603,2470.007,2434.594,2440.972,69170604669
2025-12-04,2440.294,2449.603,2420.62,2438.533,63419808420
2025-12-05,2438.695,2469.942,2425.966,2468.883,66930306488
2025-12-08,2475.693,2507.601,2475.693,2498.92,72908982535
2025-12-09,2492.845,2505.048,2480.752,2485.932,68804590208
2025-12-10,2481.272,2496.672,2465.825,2492.372,67629097123
2025-12-11,2495.93,2497.347,2457.154,2457.154,70536990697
2025-12-12,2459.449,2480.308,2451.625,2473.402,70099821530
2025-12-15,2458.074,2476.093,2453.696,2454.417,62728573127
2025-12-16,2450.293,2452.663,2407.065,2417.612,66452184425
2025-12-17,2418.101,2461.771,2411.22,2458.149,65350169676
2025-12-18,2441.479,2463.792,2440.342,2440.86,59011620686
2025-12-19,2450.039,2470.736,2447.432,2464.888,65712741229
2025-12-22,2477.062,2497.302,2477.062,2492.704,65354913502
2025-12-23,2492.998,2506.07,2483.389,2492.11,67489465792
2025-12-24,2492.266,2519.865,2488.894,2517.983,64044044005
2025-12-25,2516.726,2538.417,2510.956,2533.833,66079406292
2025-12-26,2535.021,2554.438,2525.869,2541.94,74129290965
2025-12-29,2542.031,2548.242,2526.519,2533.64,71387141313
2025-12-30,2521.2,2548.482,2519.256,2538.694,71622336614
2025-12-31,2542.732,2543.798,2524.708,2530.962,71339644106
2026-01-05,2546.769,2581.524,2546.769,2581.524,83035712330
2026-01-06,2583.88,2617.774,2583.207,2617.774,93183264755
2026-01-07,2621.622,2631.174,2606.611,2620.524,91357518913
2026-01-08,2612.022,2632.108,2608.094,2624.989,92028837770
2026-01-09,2622.064,2660.923,2622.064,2660.05,101352753560
2026-01-12,2675.094,2717.931,2663.037,2714.522,115264352804
2026-01-13,2721.125,2721.125,2667.11,2676.043,119510202373
2026-01-14,2677.694,2733.184,2662.346,2693.411,131211872906
2026-01-15,2675.691,2700.953,2667.8,2689.923,97152761162
2026-01-16,2700.296,2709.298,2680.245,2686.556,90689452564
2026-01-19,2677.469,2709.034,2677.437,2700.083,83220501869
2026-01-20,2702.782,2708.304,2658.084,2677.791,88192190857
2026-01-21,2666.724,2702.936,2663.902,2694.895,79338785281
2026-01-22,2704.102,2713.507,2697.438,2713.507,82251430016
2026-01-23,2719.65,2746.324,2715.169,2746.012,98269910191
2026-01-26,2754.945,2759.405,2708.583,2720.852,102322809048
2026-01-27,2711.543,2727.981,2671.414,2718.262,90968627621
2026-01-28,2721.879,2728.115,2701.946,2718.051,88302545987
2026-01-29,2712.909,2730.771,2698.161,2704.804,99391556398
2026-01-30,2685.817,2698.927,2633.751,2683.731,90232292535
2026-02-02,2662.783,2682.24,2614.583,2615.433,81114236364
2026-02-03,2642.273,2676.894,2622.589,2676.844,78291093443
2026-02-04,2669.703,2687.852,2652.578,2685.462,81523878047
2026-02-05,2661.345,2671.858,2639.147,2650.655,72622538063
2026-02-06,2626.024,2677.447,2614.215,2649.572,73034954834
2026-02-09,2684.324,2700.607,2676.384,2700.218,72636960194
2026-02-10,2699.888,2707.848,2690.434,2701.679,73300288412
2026-02-11,2697.634,2709.975,2694.915,2695.162,68193320105
2026-02-12,2698.077,2714.855,2693.287,2708.933,69625970218
2026-02-13,2695.87,2711.344,2679.017,2680.393,64063961614
2026-02-24,2716.403,2725.78,2698.219,2713.38,71242598997
2026-02-25,2719.044,2750.93,2717.209,2746.255,79368851138
2026-02-26,2749.734,2758.662,2737.945,2755.225,79313407541
2026-02-27,2736.434,2763.585,2735.417,2763.585,78110959637
2026-03-02,2732.909,2759.28,2714.364,2744.861,93379464716
2026-03-03,2750.521,2755.054,2653.176,2655.811,97065894465
2026-03-04,2622.736,2674.366,2622.736,2641.79,74046401893
2026-03-05,2685.231,2689.468,2657.345,2672.817,75896647743
2026-03-06,2659.822,2701.547,2657.223,2698.316,72927891335
2026-03-09,2659.339,2687.528,2618.607,2680.544,83734565606
2026-03-10,2705.517,2730.341,2705.517,2729.823,73622290201
2026-03-11,2733.669,2751.896,2732.179,2744.022,77097377661
2026-03-12,2742.765,2744.763,2705.912,2725.349,76880514232
2026-03-13,2713.284,2735.221,2694.915,2701.41,77422569126
2026-03-16,2702.372,2705.651,2669.919,2705.651,75301618572
2026-03-17,2713.277,2717.368,2654.825,2655.044,75319703764
2026-03-18,2665.146,2683.051,2639.122,2680.879,66605559837
2026-03-19,2648.457,2657.144,2610.492,2619.947,67934101768
2026-03-20,2635.272,2647.449,2587.706,2589.104,73293460405
2026-03-23,2542.594,2567.349,2466.756,2480.748,85158454965
2026-03-24,2519.073,2534.64,2463.549,2534.64,73071623317
2026-03-25,2553.004,2588.654,2553.004,2584.263,72288882956
2026-03-26,2578.351,2590.392,2539.721,2546.594,66666803450
2026-03-27,2513.908,2590.893,2512.934,2579.548,63025383844
2026-03-30,2553.2,2581.079,2539.903,2579.504,65306873290
2026-03-31,2574.561,2590.787,2535.361,2535.361,66239708690
2026-04-01,2580.419,2582.471,2559.638,2577.229,65413025986
2026-04-02,2569.073,2575.777,2522.908,2536.252,63489373985
2026-04-03,2545.986,2547.141,2496.15,2498.436,58538462285
2026-04-07,2505.888,2527.461,2501.567,2518.387,53943656647
2026-04-08,2570.014,2627.924,2568.102,2627.924,74738321191
2026-04-09,2606.689,2623.052,2600.806,2612.012,65183680950
2026-04-10,2629.62,2665.385,2628.781,2652.303,66751097781
2026-04-13,2639.32,2669.663,2639.163,2666.542,62315845017
2026-04-14,2684.974,2704.426,2673.122,2704.426,68274226324
2026-04-15,2718.555,2718.652,2676.827,2685.3,69692870680
2026-04-16,2691.834,2735.475,2687.036,2733.572,68598741254
2026-04-17,2731.016,2749.999,2725.849,2743.71,69551813982
2026-04-20,2742.803,2765.232,2739.962,2762.28,72282180746
2026-04-21,2754.562,2763.255,2731.059,2761.355,70037042537
2026-04-22,2748.9,2789.681,2748.755,2788.997,69895559303
2026-04-23,2795.005,2796.612,2740.966,2759.619,76102281752
2026-04-24,2745.378,2758.63,2720.034,2743.045,70972943878
2026-04-27,2741.816,2763.165,2731.613,2756.678,70993000124
2026-04-28,2744.656,2745.442,2716.924,2727.234,72372754716
2026-04-29,2711.929,2777.396,2711.929,2772.502,73638039843
2026-04-30,2775.456,2782.815,2765.508,2776.227,73770374281
2026-05-06,2806.122,2846.772,2803.39,2838.55,82624867664
2026-05-07,2849.269,2872.988,2838.551,2872.237,84448988422
2026-05-08,2854.485,2880.103,2852.329,2875.748,82621847976
2026-05-11,2896.988,2925.624,2884.661,2922.365,91163485896
2026-05-12,2927.377,2927.377,2884.229,2903.977,84781714944
2026-05-13,2888.219,2950.497,2888.219,2949.073,82734142943
2026-05-14,2964.133,2964.935,2886.993,2886.993,87352549161
2026-05-15,2888.506,2908.47,2840.654,2861.464,84969563145
2026-05-18,2847.13,2876.49,2836.367,2862.436,73830560388
2026-05-19,2854.722,2878.259,2822.698,2877.166,73121652942
2026-05-20,2863.614,2876.445,2845.221,2869.168,72621795842
2026-05-21,2887.295,2915.577,2797.484,2800.366,87898417393
2026-05-22,2821.397,2866.312,2807.581,2862.778,76306727815
2026-05-25,2881.001,2889.797,2849.941,2889.55,78122587305
2026-05-26,2876.215,2877.121,2835.666,2872.319,82327353235
2026-05-27,2869.467,2888.132,2817.941,2834.848,81587116281
2026-05-28,2826.949,2864.935,2805.123,2859.881,74784943212
2026-05-29,2873.827,2878.434,2791.36,2805.623,84887972757
2026-06-01,2807.052,2837.406,2780.293,2783.826,76039303257
2026-06-02,2790.675,2817.794,2743.041,2805.206,73735030673
2026-06-03,2807.82,2848.708,2785.948,2812.916,79273787656
2026-06-04,2785.776,2812.087,2782.864,2801.25,71893942096
2026-06-05,2790.149,2818.275,2752.225,2763.92,81825118558
2026-06-08,2680.831,2733.654,2649.665,2677.214,78864086260
2026-06-09,2707.267,2743.16,2681.027,2742.627,71805067868
2026-06-10,2710.13,2720.533,2662.627,2688.462,71046232927
2026-06-11,2674.448,2697.203,2647.009,2670.726,66981768618
2026-06-12,2716.888,2734.927,2692.133,2697.172,79233642260
2026-06-15,2725.125,2789.357,2724.313,2789.357,75705468300
2026-06-16,2795.275,2828.772,2786.922,2817.799,75482880215
2026-06-17,2799.316,2839.092,2799.316,2838.355,74591623185
2026-06-18,2827.739,2863.764,2827.39,2853.367,76410609337
2026-06-22,2862.402,2902.076,2818.564,2901.822,87637950567
2026-06-23,2892.463,2900.963,2818.146,2833.775,80745518085
2026-06-24,2820.723,2857.932,2805.19,2855.613,79012956389
2026-06-25,2859.312,2880.906,2845.542,2876.114,83052521217
2026-06-26,2856.284,2856.284,2779.568,2786.037,83651061528
2026-06-29,2786.97,2801.229,2731.917,2782.801,80803518909
2026-06-30,2779.775,2843.683,2777.771,2840.67,74457907119
2026-07-01,2844.516,2874.859,2832.62,2851.812,87314089113
2026-07-02,2798.112,2836.382,2763.851,2771.62,85662638667
2026-07-03,2774.163,2822.003,2768.639,2792.577,78548548047
2026-07-06,2803.941,2815.395,2741.09,2756.56,76763155669
2026-07-07,2745.395,2758.923,2687.374,2703.695,67811163112
2026-07-08,2709.427,2712.86,2649.712,2650.427,65443382528
2026-07-09,2662.54,2712.455,2609.721,2709.175,71619379945
2026-07-10,2716.34,2745.927,2675.49,2675.49,82860516995
2026-07-13,2654.508,2664.113,2556.728,2568.093,73355692544
2026-07-14,2567.815,2626.153,2534.188,2626.153,67475259646
2026-07-15,2632.503,2646.884,2599.948,2608.272,68891973235
2026-07-16,2569.335,2616.65,2553.551,2568.829,66586933111
2026-07-17,2551.396,2551.791,2417.057,2434.083,76377039459
2026-07-20,2458.531,2478.153,2358.082,2401.68,77287836819
2026-07-21,2405.413,2487.721,2331.485,2487.721,83591133533
2026-07-22,2468.986,2501.737,2445.954,2460.281,68136633435
2026-07-23,2464.347,2489.108,2454.904,2483.166,62557872433
2026-07-24,2450.677,2470.887,2419.234,2419.234,56871089342
2026-07-27,2416.695,2490.111,2410.285,2490.111,57136092946
2026-07-28,2447.99,2466.87,2403.061,2410.423,57357992952
2026-07-29,2408.023,2447.109,2374.693,2432.672,67505673105
2026-07-30,2414.861,2431.636,2348.826,2372.8,68698474992
2026-07-31,2428.087,2462.443,2427.597,2427.917,71939594436
2026-08-03,2418.826,2431.708,2410.723,2420.015,61882869562
2026-08-04,2438.669,2492.59,2431.507,2486.099,66483657699
2026-08-05,2462.333,2549.408,2462.333,2537.553,73240919663
2026-08-06,2516.576,2552.706,2510.795,2539.097,71617197901
2026-08-07,2543.292,2581.495,2518.862,2574.655,71970376017
2026-08-10,2582.865,2589.456,2553.247,2589.456,68753382679
2026-08-11,2578.831,2604.428,2564.763,2577.619,64301199248
2026-08-12,2577.128,2610.803,2576.207,2606.988,62539586478
2026-08-13,2624.026,2629.258,2581.561,2581.585,73811017618
2026-08-14,2587.596,2593.13,2562.259,2590.207,64255731904
2026-08-17,2597.012,2647.279,2587.007,2647.279,64186487329
2026-08-18,2645.155,2651.959,2607.318,2635.335,67461602318
2026-08-19,2589.245,2590.212,2499.645,2507.255,69687324292
2026-08-20,2533.259,2548.067,2510.397,2527.156,59657023622
2026-08-21,2516.439,2545.193,2496.132,2539.504,54395391449
2026-08-24,2543.343,2543.998,2465.673,2497.182,56353245658
2026-08-25,2478.504,2516.612,2460.776,2505.406,57977958247
2026-08-26,2507.384,2533.142,2496.113,2517.871,57760736028
2026-08-27,2523.207,2561.208,2516.484,2561.208,61404728845
2026-08-28,2558.132,2578.286,2549.91,2550.169,63034607975
2026-08-31,2520.581,2565.778,2520.109,2565.547,65882492911
2026-09-01,2566.056,2566.365,2542.411,2548.372,68471433103
